target_group,cluster_rank,top10_label,cluster_id,risk_pct_mean,infra_need_mean,vulnerability_mean,vulnerability_max,grid_n,cctv_need_rate,light_need_rate,wifi_need_rate,cctv_priority,light_priority,wifi_priority,cctv_needed,light_needed,wifi_needed,need_facility_n,primary_facility,facility_priority_order,recommendation_type,police_distance_mean_km,police_access_reference,longitude,latitude
어린이,1,어린이 TOP1,C28,46.1,1.0,0.461,0.461,1,1.0,1.0,1.0,0.35491625289462136,0.4615177615310162,0.18356598557436246,True,True,True,3,보안등,보안등 > CCTV > Wi-Fi,복수시설 보완 필요,,,128.67969658350336,35.22979964494811
어린이,2,어린이 TOP2,C14,35.42,1.0,0.3542,0.3542,1,1.0,1.0,1.0,0.35491625289462136,0.4615177615310162,0.18356598557436246,True,True,True,3,보안등,보안등 > CCTV > Wi-Fi,복수시설 보완 필요,,,128.61739024748334,35.253833806272986
어린이,3,어린이 TOP3,C5,32.0,1.0,0.32,0.32,1,1.0,1.0,1.0,0.35491625289462136,0.4615177615310162,0.18356598557436246,True,True,True,3,보안등,보안등 > CCTV > Wi-Fi,복수시설 보완 필요,,,128.5762598149751,35.21904208657488
어린이,4,어린이 TOP4,C23,54.86,0.5384822384689838,0.2954113560240845,0.2954113560240845,1,1.0,0.0,1.0,0.35491625289462136,0.0,0.18356598557436246,True,False,True,2,CCTV,CCTV > Wi-Fi,복수시설 보완 필요,,,128.66552926539995,35.23805172031852
어린이,5,어린이 TOP5,C3,54.55,0.5384822384689838,0.29374206108483064,0.29374206108483064,1,1.0,0.0,1.0,0.35491625289462136,0.0,0.18356598557436246,True,False,True,2,CCTV,CCTV > Wi-Fi,복수시설 보완 필요,,,128.56477931641118,35.18127382494636
어린이,6,어린이 TOP6,C11,27.560000000000002,1.0,0.2756,0.2756,1,1.0,1.0,1.0,0.35491625289462136,0.4615177615310162,0.18356598557436246,True,True,True,3,보안등,보안등 > CCTV > Wi-Fi,복수시설 보완 필요,,,128.59769205837458,35.260325660383266
어린이,7,어린이 TOP7,C21,50.0,0.5384822384689838,0.2692411192344919,0.2692411192344919,1,1.0,0.0,1.0,0.35491625289462136,0.0,0.18356598557436246,True,False,True,2,CCTV,CCTV > Wi-Fi,복수시설 보완 필요,,,128.65876690483552,35.14885302159583
어린이,8,어린이 TOP8,C26,40.28,0.6450837471053786,0.25983973333404653,0.25983973333404653,1,0.0,1.0,1.0,0.0,0.4615177615310162,0.18356598557436246,False,True,True,2,보안등,보안등 > Wi-Fi,복수시설 보완 필요,,,128.6762002905934,35.2920469261779
어린이,9,어린이 TOP9,C13,47.74,0.5384822384689838,0.25707142064509286,0.25707142064509286,1,1.0,0.0,1.0,0.35491625289462136,0.0,0.18356598557436246,True,False,True,2,CCTV,CCTV > Wi-Fi,복수시설 보완 필요,,,128.61300630258972,35.25477586021101
어린이,10,어린이 TOP10,C38,46.53,0.5384822384689838,0.25055578555961816,0.25055578555961816,1,1.0,0.0,1.0,0.35491625289462136,0.0,0.18356598557436246,True,False,True,2,CCTV,CCTV > Wi-Fi,복수시설 보완 필요,,,128.75470661301313,35.10551980141554
노인,1,노인 TOP1,E111,41.67,1.0,0.4167,0.4167,1,1.0,1.0,1.0,0.35397888263019556,0.4699155893514083,0.17610552801839613,True,True,True,3,보안등,보안등 > CCTV > Wi-Fi,복수시설 보완 필요,0.02577725912290825,0.5km 이내,128.7037164406596,35.144808149683264
노인,2,노인 TOP2,E80,38.31,1.0,0.3831,0.3831,1,1.0,1.0,1.0,0.35397888263019556,0.4699155893514083,0.17610552801839613,True,True,True,3,보안등,보안등 > CCTV > Wi-Fi,복수시설 보완 필요,1.083803310681522,1~2km,128.6700281987041,35.245221466779526
노인,3,노인 TOP3,E12,36.214999999999996,1.0,0.36214999999999997,0.391,2,1.0,1.0,1.0,0.35397888263019556,0.4699155893514083,0.17610552801839613,True,True,True,3,보안등,보안등 > CCTV > Wi-Fi,복수시설 보완 필요,3.5035705125853065,2km 초과,128.55452960040472,35.15296098243912
노인,4,노인 TOP4,E62,34.72,1.0,0.3472,0.3472,1,1.0,1.0,1.0,0.35397888263019556,0.4699155893514083,0.17610552801839613,True,True,True,3,보안등,보안등 > CCTV > Wi-Fi,복수시설 보완 필요,0.8047152952909122,0.5~1km,128.63613720373942,35.25816746325468
노인,5,노인 TOP5,E106,34.64,1.0,0.3464,0.3464,1,1.0,1.0,1.0,0.35397888263019556,0.4699155893514083,0.17610552801839613,True,True,True,3,보안등,보안등 > CCTV > Wi-Fi,복수시설 보완 필요,0.5731430472216026,0.5~1km,128.69923464555433,35.21337803200268
노인,6,노인 TOP6,E91,53.37,0.6460211173698045,0.34478147034026463,0.34478147034026463,1,0.0,1.0,1.0,0.0,0.4699155893514083,0.17610552801839613,False,True,True,2,보안등,보안등 > Wi-Fi,복수시설 보완 필요,0.8015854794640414,0.5~1km,128.6786891555391,35.23612097566318
노인,7,노인 TOP7,E72,64.265,0.5300844106485917,0.3406587465033174,0.41108046045798285,2,1.0,0.0,1.0,0.35397888263019556,0.0,0.17610552801839613,True,False,True,2,CCTV,CCTV > Wi-Fi,복수시설 보완 필요,0.07542249658415544,0.5km 이내,128.6604197600384,35.14928803134384
노인,8,노인 TOP8,E83,33.33,1.0,0.3333,0.3333,1,1.0,1.0,1.0,0.35397888263019556,0.4699155893514083,0.17610552801839613,True,True,True,3,보안등,보안등 > CCTV > Wi-Fi,복수시설 보완 필요,1.5360416222921636,1~2km,128.67447592116207,35.24878495498598
노인,9,노인 TOP9,E99,33.33,1.0,0.3333,0.3333,1,1.0,1.0,1.0,0.35397888263019556,0.4699155893514083,0.17610552801839613,True,True,True,3,보안등,보안등 > CCTV > Wi-Fi,복수시설 보완 필요,0.2538662739638458,0.5km 이내,128.69069008611459,35.154855077886516
노인,10,노인 TOP10,E52,32.05,1.0,0.32049999999999995,0.32049999999999995,1,1.0,1.0,1.0,0.35397888263019556,0.4699155893514083,0.17610552801839613,True,True,True,3,보안등,보안등 > CCTV > Wi-Fi,복수시설 보완 필요,1.4996133241239342,1~2km,128.6129939776057,35.253874324590576
