어린이집명,소재지도로명주소
창원시립 대산푸른숲어린이집,경상남도 창원시 의창구 대산면 주남로 514 엔에이치에프 창원대산1단지아파트 관리동
한뫼누리어린이집,경상남도 창원시 의창구 대산면 제동길43번길 79-25
청아어린이집,경상남도 창원시 의창구 동읍 의창대로900번길 8
청음어린이집,경상남도 창원시 의창구 동읍 의창대로900번길 6-1
꿈샘어린이집,경상남도 창원시 의창구 동읍 자여로 133-11
동읍다람어린이집,경상남도 창원시 의창구 동읍 의창대로915번길 17-15
무궁화어린이집,경상남도 창원시 의창구 동읍 용잠로 37-6
햇살나무어린이집,경상남도 창원시 의창구 동읍 동읍로83번길 3
동부산솔밭어린이집,경상남도 창원시 의창구 동읍 용정길46번길 24 동부산 훼미리 5차 102호
동창원어린이집,"경상남도 창원시 의창구 동읍 용정길32번길 14 102동 105호(송정리, 동부산훼미리타운2차아파트)"
칠성그린어린이집,경상남도 창원시 의창구 동읍 동읍로 212 칠성그린아파트내
창원시립 명곡어린이집,경상남도 창원시 의창구 태복산로15번길 8 창원시립명곡어린이집
창원시립 명곡포엘른어린이집,경상남도 창원시 의창구 명곡지구로 25
창원시립 호산나어린이집,"경상남도 창원시 의창구 원이대로82번길 1 복지동 1층(도계동, 도계휴먼시아아파트)"
사랑의어린이집,경상남도 창원시 의창구 명서로77번길 17 명서동
무지개어린이집,경상남도 창원시 의창구 하남천서길21번길 9 (도계동)
브레인영재어린이집,경상남도 창원시 의창구 도계로60번길 9-8 브레인영재어린이집
새순어린이집,경상남도 창원시 의창구 도계로 116 새순교회 1층 (도계동)
아이사랑어린이집,경상남도 창원시 의창구 도계로95번길 13
양지어린이집,경상남도 창원시 의창구 도계로60번길 5-18
예림어린이집,"경상남도 창원시 의창구 도계로 135 관리동1층(명서동,두산위브아파트)"
키즈숲어린이집,경상남도 창원시 의창구 원이대로69번길 6-5 1층 (도계동)
하버드영재어린이집,"경상남도 창원시 의창구 태복산로7번길 36 102호, 103호 (도계동, 형제골든빌라)"
행복한아이어린이집,경상남도 창원시 의창구 원이대로69번길 6-11 (도계동)
나무향기어린이집,경상남도 창원시 의창구 명서로123번길 8 (명서동)
샘물어린이집,경상남도 창원시 의창구 명서로 72 (명서동)
성신어린이집,경상남도 창원시 의창구 지귀로 37 (명서동)
소망어린이집,경상남도 창원시 의창구 명지로93번길 6-1
신나는어린이집,경상남도 창원시 의창구 우곡로85번길 13-1
파티마어린이집,"경상남도 창원시 의창구 창이대로 45 (명서동,창원파티마병원)"
창원시립 봉곡어린이집,경상남도 창원시 의창구 창이대로 195 (봉곡동)
창원시립 사림어린이집,경상남도 창원시 의창구 창이대로397번길 17
성아어린이집,경상남도 창원시 의창구 창이대로309번길 54 (봉곡동)
새창원교회부설어린이집,경상남도 창원시 의창구 사림로149번길 42 (사림동)
자연봄어린이집,경상남도 창원시 의창구 대봉로 25 휴먼시아2단지 복지동
꿀벌어린이집,경상남도 창원시 의창구 사림로45번길 14-19
다정어린이집,경상남도 창원시 의창구 창이대로187번길 35-8
은비어린이집,경상남도 창원시 의창구 봉곡로 43 (봉곡동)
피닉스자연숲어린이집,경상남도 창원시 의창구 대봉로 27 엘에이치피닉스포레주민복지관3단지
휴먼어린이집,경상남도 창원시 의창구 봉곡로 55 (봉곡동)
경상남도청어린이집,경상남도 창원시 의창구 상남로 318
국립창원대학교 직장어린이집,경상남도 창원시 의창구 창원대학로 20 (사림동)
미래나무어린이집,경상남도 창원시 의창구 봉곡로24번길 9
창원시립 감계아내어린이집,경상남도 창원시 의창구 북면 감계로 342 덕산아내에코프리미엄2차아파트
창원시립 감계은빛어린이집,경상남도 창원시 의창구 동전로 86 110동 103호(창원 감계 힐스테이트 1차)
창원시립 무동별빛어린이집,경상남도 창원시 의창구 무동안길 31 실제지번 무동리 345번지
창원시립 무동어린이집,경상남도 창원시 의창구 북면 무동서로 24 무동센텀파라디아아파트
창원시립 북면어린이집,경상남도 창원시 의창구 북면 천주로1128번길 7 북면어린이집
창원시립 빈세앙어린이집,경상남도 창원시 의창구 북면 감계로 222 천수림아파트 내
창원시립 예그린어린이집,경상남도 창원시 의창구 무동서로 76 창원무동 STX KAN 1차
창원시립 예쁜아이어린이집,경상남도 창원시 의창구 감계로 277 창원감계아내에코프리미엄 107동
창원시립 포레힐스데시앙어린이집,경상남도 창원시 의창구 감계로187번길 9
바른손어린이집,경상남도 창원시 의창구 북면 천주로840번길 23
즐거운성아어린이집,경상남도 창원시 의창구 북면 천주로 1251
나무와샘어린이집,경상남도 창원시 의창구 북면 동곡로 33 103동 103호(휴먼빌1단지아파트)
무동애플키즈어린이집,경상남도 창원시 의창구 북면 무동로226번길 19 창원무동지구 휴먼빌아파트 3단지내
숲속하늘빛어린이집,경상남도 창원시 의창구 북면 동곡로 35 복리동(휴먼빌2단지아파트)
아라숲어린이집,경상남도 창원시 의창구 북면 감계로 233 감계힐스테이트 4차 복지시설
지안어린이집,경상남도 창원시 의창구 북면 무동로267번길 10 창원무동STX KAN2차 아파트내
키즈엘리스숲어린이집,경상남도 창원시 의창구 북면 동전로 179-39
키즈힐스어린이집,경상남도 창원시 의창구 북면 동전로 86 감계힐스테이트 1차 내
푸르지오어린이집,경상남도 창원시 의창구 북면 감계로 221 (감계푸르지오아파트 관리동)
휴먼빌어린이집,경상남도 창원시 의창구 북면 감계로 297 감계지구 휴먼빌아파트 내
힐스뜰어린이집,경상남도 창원시 의창구 북면 감계로 259 창원감계힐스테이트 3차 관리동
힐스아이어린이집,경상남도 창원시 의창구 북면 감계로 341 관리동 (창원 감계 힐스테이트 2차)
꼬마숲어린이집,경상남도 창원시 의창구 북면 감계로 259 303동 101호(감계힐스테이트3차)
꿈땅어린이집,경상남도 창원시 의창구 북면 동전로 86 110동 101호(창원감계지구힐스테이트1차)
다인어린이집,경상남도 창원시 의창구 북면 동전로 86 111동 102호(창원감계지구힐스테이트1차)
다하어린이집,경상남도 창원시 의창구 북면 감계로 233 창원감계힐스테이트 4차 405동 103호
라니어린이집,경상남도 창원시 의창구 북면 감계로 277 105동 103호(창원감계아내에코프리미엄)
라별어린이집,경상남도 창원시 의창구 북면 감계로 341 힐스테이트2차 210동 104호
무동아이별어린이집,경상남도 창원시 의창구 북면 무동로226번길 19 301동 102호(무동지구휴먼빌3차아파트)
무지개꼬마숲어린이집,경상남도 창원시 의창구 북면 감계로 297 105동 103호(창원감계지구휴먼빌아파트)
별하어린이집,경상남도 창원시 의창구 북면 감계로 341 힐스테이트2차 204동 101호
아가별꽃어린이집,경상남도 창원시 의창구 감계로 277 109동 104호(창원감계아내에코프리미엄)
아이꽃어린이집,경상남도 창원시 의창구 북면 동곡로 35 205동 104호(창원무동지구휴멀빌아파트2단지)
재미난어린이집,경상남도 창원시 의창구 북면 감계로 341 힐스테이트2차 209동 101호
행복한어린이집,경상남도 창원시 의창구 북면 온천로 528
힐스도담어린이집,경상남도 창원시 의창구 북면 감계로 233 창원감계힐스테이트 4차 404동 103호
창원시립 유니시티1단지어린이집,"경상남도 창원시 의창구 중동로 34 (중동,창원중동유니시티1단지)"
창원시립 유니시티2단지어린이집,"경상남도 창원시 의창구 중동로 33 (중동, 창원중동유니시티2단지)"
창원시립 유니시티3단지어린이집,"경상남도 창원시 의창구 중동로 77 ,302동(중동,창원중동유니시티3단지)"
창원시립 유니시티4단지어린이집,"경상남도 창원시 의창구 중동로 78 403동(중동, 창원중동유니시티4단지)"
창원시립 의안어린이집,경상남도 창원시 의창구 중동남로 8 창원시립의안어린이집
다숲어린이집,경상남도 창원시 의창구 팔용로 512 대동다숲아파트 복리동 1층 (서상동)
소답어린이집,"경상남도 창원시 의창구 의안로56번길 20 국도아트빌상가 101, 102호 (소답동)"
오즈놀이스쿨어린이집,경상남도 창원시 의창구 의안로59번길 22 (북동)
창원어린이집,경상남도 창원시 의창구  의안로59번길 6 (소답동) 1층
코끼리영재어린이집,경상남도 창원시 의창구 의안로44번길 27-2
큰별예나어린이집,경상남도 창원시 의창구 의안로32번길 7 1층 (소답동)
아이도담어린이집,경상남도 창원시 의창구 의안로27번길 2 에이스빌라 101호 (중동)
행복어린이집,경상남도 창원시 의창구 금강로379번길 49-6
창원시립 힐스아티움어린이집,"경상남도 창원시 의창구 창원대로397번길 11 103동 1층(팔용동,힐스테이트 아티움시티)"
세계어린이집,경상남도 창원시 의창구 남산로9번길 45 (팔용동)
보광어린이집,경상남도 창원시 의창구 의창대로180번길 5 (팔용동) 198-4
예명산새소리어린이집,경상남도 창원시 의창구 반계로 101 대동중앙아파트 복지관 2층
큰한샘어린이집,경상남도 창원시 의창구 의창대로116번길 21-3
한샘어린이집,"경상남도 창원시 의창구 남산로 20 310동 1층(팔용동, 원풍벽산아파트)"
햇님어린이집,경상남도 창원시 의창구 남산로9번길 32-1
꼬망쎄어린이집,"경상남도 창원시 의창구 반계로 104-8 107동 102호(팔용동, 원풍벽산아파트)"
꿈나래어린이집,"경상남도 창원시 의창구 반계로 104-8 107동 103호(팔용동, 원풍벽산아파트)"
꿈쟁이어린이집,"경상남도 창원시 의창구 팔용로 446 106동 107호(팔용동, 극동아파트)"
누리천사어린이집,"경상남도 창원시 의창구 팔용로 446 101동 108호(팔용동,극동아파트)"
동화어린이집,경상남도 창원시 의창구 반계로 104-21 104동 105호(팔용동)
배꼽또래어린이집,경상남도 창원시 의창구 반계로 104-8 106동 103호(벽산블루밍아파트B단지)
벽산어린이집,"경상남도 창원시 의창구 반계로 98 109동 102호(팔용동, 원풍벽산아파트)"
새하얀어린이집,"경상남도 창원시 의창구 반계로 110 205동 102호(팔용동, 벽산블루밍아파트A단지)"
큰자람어린이집,"경상남도 창원시 의창구 반계로 98 117동 102호(팔용동, 원풍벽산아파트)"
키콕스 꿈드림 어린이집,경상남도 창원시 의창구 차룡로48번길 62
창원시립 가음꿈에그린어린이집,경상남도 창원시 성산구 원이대로878번길 9 창원가음꿈에그린아파트 관리동
창원시립 가음더샵어린이집,경상남도 창원시 성산구 원이대로863번길 19 더샵센터럴파크2단지아파트 관리동
창원시립 가음어린이집,경상남도 창원시 성산구 가양로56번길 18
창원시립 센텀푸르지오어린이집,"경상남도 창원시 성산구 가음정로 59 (가음동, 창원센텀푸르지오아파트)"
창원시립 조은어린이집,경상남도 창원시 성산구 대정로 100 개나리3차아파트 복리동 1층
창원시립 창원YWCA어린이집,경상남도 창원시 성산구 대정로20번길 11 1층
근로복지공단 창원어린이집,경상남도 창원시 성산구 대암로 32-15
더샵늘푸른어린이집,경상남도 창원시 성산구 원이대로863번길 7 더샵센트럴파크3단지아파트 관리동
더샵어린이집,경상남도 창원시 성산구 대정로40번길 7 창원더샵센트럴파크 1단지 관리동
솔라어린이집,경상남도 창원시 성산구 대정로 99 성원2차아파트 관리동 2층
하늘빛어린이집,경상남도 창원시 성산구 가양로 97 개나리4차 복지동2층
동화속어린이집,"경상남도 창원시 성산구 대정로 73 109동 103호(남양동, 성원1차아파트)"
맑은숲어린이집,"경상남도 창원시 성산구 대정로 84 204동 102호(남양동,피오르빌아파트)"
아기별어린이집,"경상남도 창원시 성산구 대정로 73 111동 105호(남양동, 성원1차아파트)"
아이마중어린이집,경상남도 창원시 성산구 가양로34번길 9-5
여우오줌어린이집,"경상남도 창원시 성산구 대암로 56-1 6동 104호(남양동, 롯데아파트)"
존조리어린이집,"경상남도 창원시 성산구 대암로 60 6동 103호(남양동, 상남동성아파트)"
창원코알라어린이집,경상남도 창원시 성산구 원이대로883번길 6 6동 105호
청솔어린이집,"경상남도 창원시 성산구 대정로 73 102동 101호(남양동, 성원1차아파트)"
토마토어린이집,"경상남도 창원시 성산구 대정로 99 205동 102호(남양동, 성원2차아파트)"
팝콘어린이집,"경상남도 창원시 성산구 대암로 64 3동 106호 (남양동,상남동성아파트)"
LG전자창원어린이집,경상남도 창원시 성산구 성산패총로178번길 6 (가음정동)
창원시립 반송어린이집,경상남도 창원시 성산구 원이대로473번길 19-14 창원시립반송어린이집(14-1번지)
노블파크어린이집,경상남도 창원시 성산구 반송로 106 노블파크아파트내 복지동
에덴어린이집,경상남도 창원시 성산구 외동반림로 245 (반림동)
트리비앙 미소어린이집,경상남도 창원시 성산구 원이대로 495 트리비앙아파트 복리동 1층 (반림동)
럭키해뜰어린이집,"경상남도 창원시 성산구 반송로 105 8동 106호(반림동, 럭키반림3차아파트)"
루리어린이집,"경상남도 창원시 성산구 원이대로 495 215동 101호(반림동, 트리비앙아파트)"
민트어린이집,"경상남도 창원시 성산구 원이대로 449 122동 101호(반림동, 노블파크아파트)"
새새순어린이집,경상남도 창원시 성산구 반지로 74
소담어린이집,"경상남도 창원시 성산구 창원천로 292 101동 104호(반지동, 반송대동그린파크2차아파트)"
슬기어린이집,"경상남도 창원시 성산구 반송로 105 16동 101호(반림동, 럭키반림3차아파트)"
아이뽀어린이집,"경상남도 창원시 성산구 원이대로 449 125동 107호(반림동, 노블파크아파트)"
아이친구어린이집,"경상남도 창원시 성산구 외동반림로 219 101동 104호(반림동, 현대4차아파트)"
예랑어린이집,"경상남도 창원시 성산구 원이대로 495 226동 102호(반림동, 트리비앙아파트)"
웃는아이어린이집,"경상남도 창원시 성산구 원이대로 495 206동 101호(반림동, 트리비앙아파트)"
작은별어린이집,경상남도 창원시 성산구 충혼로175번길 11-1
좋은어린이집,"경상남도 창원시 성산구 창원천로 288 110동 103호(반지동, 반송대동그린파크2차아파트)"
참빛어린이집,"경상남도 창원시 성산구 반송로 159 204동 101호(반림동, 현대2차아파트)"
트리키즈어린이집,"경상남도 창원시 성산구 원이대로 495 210동 103호(반림동, 트리비앙아파트)"
푸른초장 어린이집,"경상남도 창원시 성산구 반송로 177 201동 102호(반림동, 현대2차아파트)"
하나둘셋어린이집,"경상남도 창원시 성산구 원이대로 449 123동 106호(반림동, 노블파크아파트)"
해솔어린이집,경상남도 창원시 성산구 창원천로144번길 14-1
햇살가득어린이집,경상남도 창원시 성산구 반송로 105 13동 103호
차일드-케어센터 희연병원 직장어린이집,"경상남도 창원시 성산구 원이대로393번길 25 1층 1002호(반지동,희연빌딩)"
창원시립 대방어린이집,경상남도 창원시 성산구 대암로 272 창원시립대방어린이집
창원시립 성산반도유보라어린이집,"경상남도 창원시 성산구 비음로 191 관리동(사파정동,성산반도유보라 아이비파크)"
상록어린이집,경상남도 창원시 성산구 동산로206번길 18 (사파동)
그린숲어린이집,"경상남도 창원시 성산구 창이대로881번길 8 203동 1층(대방동, 대동디지털황토방1차아파트)"
대동몬테소리어린이집,경상남도 창원시 성산구 대정로 142 대동 A  사회복지동 1층 대동 몬테소리 어린이집
대방신비어린이집,경상남도 창원시 성산구 대암로 82 성원3차아파트 관리동
덕산이든어린이집,경상남도 창원시 성산구 대정로 131 대방동 덕산1차아파트 복리관 2층
동성피노키오어린이집,경상남도 창원시 성산구 창이대로 737 동성아파트 복리관 1층 동성피노키오 어린이집
아이꿈어린이집,경상남도 창원시 성산구 대암로 282 대방동 동성아파트 복리동
킨더하임어린이집,경상남도 창원시 성산구 대암로 256 대방그린빌 복리동 1층
하늘날다어린이집,경상남도 창원시 성산구 대정로 149 개나리1차아파트 관리동
행복어린이집,경상남도 창원시 성산구 창이대로881번길 17 103동복리동 대방 대동황토방1차아파트
동성나라어린이집,"경상남도 창원시 성산구 창이대로 733 109동 101호(사파동, 사파동성아파트)"
디딤돌어린이집,"경상남도 창원시 성산구 대암로 80 303동 103호(대방동, 성원남산3차아파트)"
라라어린이집,"경상남도 창원시 성산구 동산로 148 8동 106호(사파동, 동양무궁화임대아파트)"
시온어린이집,"경상남도 창원시 성산구 대정로 131 106동 101호(대방동, 대방덕산타운1차아파트)"
코코몽어린이집,"경상남도 창원시 성산구 창이대로 737 110동 101호(사파동, 사파동성아파트)"
텔레토비어린이집,"경상남도 창원시 성산구 창이대로 733 112동 102호(사파동, 사파동성아파트)"
황금똥 어린이집,"경상남도 창원시 성산구 대정로 142 108동 108호(대방동, 대방대동아파트)"
경남경찰청어린이집,경상남도 창원시 성산구 비음로55번길 18-21
창원법원어린이집,경상남도 창원시 성산구 창이대로 681 창원법원어린이집
창원시립 상남어린이집,경상남도 창원시 성산구 마디미로73번길 14
꿈이룸어린이집,경상남도 창원시 성산구 원이대로 774 성원아파트 3단지관리동 1층
보아라어린이집,"경상남도 창원시 성산구 원이대로 774 (상남동, 성원아파트2단지 관리동 1층)"
세아어린이집,경상남도 창원시 성산구 원이대로 774 성원아파트 5단지 복지동
호크마어린이집,경상남도 창원시 성산구 동산로 115 대동아파트 116동 탁아상가 C호
대동색동어린이집,"경상남도 창원시 성산구 동산로 115 105동 104호(상남동, 대동1차아파트)"
대동피노키오어린이집,"경상남도 창원시 성산구 동산로 115 110동 102호(상남동, 대동1차아파트)"
목화어린이집,"경상남도 창원시 성산구 동산로 115 111동 1층(상남동, 대동1차아파트)"
봄봄어린이집,"경상남도 창원시 성산구 원이대로 774 108동 101호(상남동, 성원3차아파트)"
새하늘어린이집,"경상남도 창원시 성산구 동산로 115 104동 102호(상남동, 대동1차아파트)"
성원동화나라어린이집,"경상남도 창원시 성산구 원이대로 774 307동 104호(상남동, 성원3차아파트)"
성원포동이어린이집,"경상남도 창원시 성산구 원이대로 774 105동 102호(상남동, 성원아파트)"
애기똥풀어린이집,"경상남도 창원시 성산구 원이대로 774 303동 105호(상남동, 성원3차아파트)"
크는나무어린이집,경상남도 창원시 성산구 동산로 115 113동 106호(대동1차아파트)
한마음꿈나무어린이집,경상남도 창원시 성산구 동산로 115 대동아동아파트 112동 105호
창원시립 남산어린이집,경상남도 창원시 성산구 삼정자로 110
성주어린이집,경상남도 창원시 성산구 안민안길11번길 13 성주어린이집 (안민동)
한사랑어린이집,경상남도 창원시 성산구 안민안길24번길 8 (안민동)
꽃담어린이집,경상남도 창원시 성산구 대암로 253 프리빌리지 아파트 복리동
대동청솔어린이집,"경상남도 창원시 성산구 안민로101번길 29 107동(안민동, 안민청솔마을대동아파트)"
대동한솔어린이집,경상남도 창원시 성산구 안민로 161 한솔마을대동아파트
사랑가득 안민어린이집,경상남도 창원시 성산구 안민안길 34 (안민동)
삼정그린코아 별숲어린이집,경상남도 창원시 성산구 안민로 110 107동 1층
아이누리어린이집,경상남도 창원시 성산구 창원대로1209번길 22  성주동 프리빌리지2차아파트 211동복지동
이레어린이집,경상남도 창원시 성산구 삼정자로 79 유니온빌리지 관리동 1층 이레어린이집
푸르지오예은어린이집,경상남도 창원시 성산구 외리로34번길 13 한림푸리지오아파트 복지동 1층 예은어린이집
효성꿈송이어린이집,경상남도 창원시 성산구 삼정자로 78 효성해링턴코트아파트 보육시설동
대우예은어린이집,"경상남도 창원시 성산구 정동로 164 203동 109호(남산동, 대우사원2차아파트)"
동그라미어린이집,"경상남도 창원시 성산구 안민로117번길 3 102동 101호(안민동, 동부산아이존빌)"
DN솔루션즈 새싹어린이집,경상남도 창원시 성산구 창원대로1144번길 8
KERI꿈터어린이집,경상남도 창원시 성산구 불모산로10번길 10
한국지엠창원어린이집,경상남도 창원시 성산구 성주로 130
한화창원어린이집,경상남도 창원시 성산구 정동로 84
현대위아어린이집,경상남도 창원시 성산구 정동로162번길 4
창원시립 신월어린이집,경상남도 창원시 성산구 신월로 46 시립신월어린이집
창원시립 용지어린이집,경상남도 창원시 성산구 용지로239번길 19-4 창원시립용지어린이집
레이크파크어린이집,"경상남도 창원시 성산구 외동반림로 156 키즈하우스 (용호동,용지더샵레이크파크)"
아이파크어린이집,"경상남도 창원시 성산구 원이대로579번길 13 관리동 1층 (용호동,용지아이파크)"
러블리키즈어린이집,"경상남도 창원시 성산구 원이대로 663 211동 108호(신월동, 은아아파트)"
솔밭어린이집,경상남도 창원시 성산구 동산로185번길 23 (신월동)
예쁜어린이집,경상남도 창원시 성산구 신월로20번길 19 1층(2층 단독주택중)
튼튼아이어린이집,"경상남도 창원시 성산구 외동반림로 200 8동 110호(용호동, 무학아파트)"
햇살닮은어린이집,경상남도 창원시 성산구 신사로21번길 28-14 1층
낙동강유역환경청다솜어린이집,경상남도 창원시 성산구 중앙대로250번길 5
창원시청어린이집,경상남도 창원시 성산구 중앙대로 151 창원시청 창원시청어린이집 (용호동)
창원시립 동원꿈꾸는어린이집,"경상남도 창원시 성산구 신촌로 130 105동 103호(신촌동, 창원 신촌동원로얄듀크)"
창원시립 웅남어린이집,경상남도 창원시 성산구 봉양로 412 창원시립 웅남어린이집
새풀잎어린이집,경상남도 창원시 성산구 신촌로134번길 43 새풀잎어린이집 (신촌동)
은종어린이집,"경상남도 창원시 성산구 신촌로134번길 23 나동 102호(신촌동, 삼성빌라)"
팀버어린이집,"경상남도 창원시 성산구 신촌로134번길 33 102동 102호(신촌동, 문창 팀버빌리지)"
볼보바르미어린이집,경상남도 창원시 성산구 신촌로 106
창원시립 내동어린이집,경상남도 창원시 성산구 창원대로 716 경상남도 창원시 성산구 창원대로 716번지 (내동 456-2번지)
창원시립 대원꿈에그린어린이집,"경상남도 창원시 성산구 창원천로 34 (대원동, 대원꿈에그린)"
창원시립 대원어린이집,경상남도 창원시 성산구 대원로27번길 34 창원시립 대원어린이집
창원시립 에일린의뜰1단지어린이집,경상남도 창원시 성산구 대원로 80
창원시립 에일린의뜰2단지어린이집,경상남도 창원시 성산구 대원로 60
창원중앙어린이집,경상남도 창원시 성산구 외동반림로126번길 56 (중앙동)
킨더바움어린이집,경상남도 창원시 성산구 토월로27번길 18 복리동
토리어린이집,경상남도 창원시 성산구 창원대로780번길 32 관리동
꿈누리어린이집,"경상남도 창원시 성산구 창원대로780번길 34 105동 102호(외동, 월드메르디앙이스턴애비뉴)"
메르디앙어린이집,경상남도 창원시 성산구 삼동로128번길 24 내동 월드메르디앙아파트 주민복지동 1층
수채화어린이집,경상남도 창원시 성산구 상남로24번길 13 대호타워101호
스마일어린이집,경상남도 창원시 성산구 대원로43번길 15 (대원동)
예슬어린이집,"경상남도 창원시 성산구 삼동로128번길 24 104동 101호(내동, 월드메르디앙웨스턴애비뉴)"
참좋은어린이집,"경상남도 창원시 성산구 창원대로780번길 47 101동 110호(외동, 대동아파트)"
파크빌어린이집,"경상남도 창원시 성산구 삼동로 121 102동 107호(대원동, 대원파크빌아파트)"
하람어린이집,"경상남도 창원시 성산구 창원대로 548 102동 103호(대원동, 대원1차대동황토방아파트)"
해뜸어린이집,경상남도 창원시 성산구 삼동로 125 대원파크빌아파트 단지내 복지동 1층
KIMS어린이집,경상남도 창원시 성산구 창원대로 797  (한국재료연구원 KIMS미래관 1~2층)
효성어린이집,경상남도 창원시 성산구 연덕로 171 112동 1층((주)효성창원공장)
창원시립 가포금호어울림어린이집,경상남도 창원시 마산합포구 가포본동1길 50 가포금호어울림아파트 복리동
창원시립 가포어린이집,경상남도 창원시 마산합포구 가포해안길 15 가포어린이집
창원시립 가포유보라어린이집,경상남도 창원시 마산합포구 가포본동1길 18 마창대교유보라아이비파크 관리동
창원시립 교방롯데캐슬어린이집,"경상남도 창원시 마산합포구 노산서18길 80 109동(교방동,창원롯데캐슬프리미어)"
창원시립 교방푸르지오어린이집,경상남도 창원시 마산합포구 교방동18길 14 창원 푸르지오 더 플래티넘 2단지 내 관리동
i블루밍어린이집,경상남도 창원시 마산합포구 노산서18길 142 무학산벽산블루밍아파트 복리동 (교방동)
노산어린이집,경상남도 창원시 마산합포구 회원천남길 178 (교원동)
마산삼성어린이집,경상남도 창원시 마산합포구 노산동5길 18
자이별밭 어린이집,"경상남도 창원시 마산합포구 노산서18길 19 (교원동, 무학자이아파트 관리동)"
킨더가르텐 어린이집,경상남도 창원시 마산합포구 회원서10길 87-1 (교방동)
상록엔젤어린이집,경상남도 창원시 마산합포구 노산서18길 141 상록아파트 단지내 보육시설
예림어린이집,"경상남도 창원시 마산합포구 노산서18길 19 105동 102호(교원동, 무학자이아파트)"
우리네어린이집,"경상남도 창원시 마산합포구 노산서18길 142 204동 104호(교방동, 무학산벽산블루밍아파트)"
창원시립 구산어린이집,"경상남도 창원시 마산합포구 구산면 수정1길 62-36 (수정리, 창원시립 구산어린이집)"
창원시립 샛별어린이집,경상남도 창원시 마산합포구 문화남3길 33 (홍문동)
예능어린이집,경상남도 창원시 마산합포구 문화남2길 17
합포꿈동이어린이집,"경상남도 창원시 마산합포구 문화동7길 36 3동 105호(창포동2가, 경남창포아파트)"
합포어린이집,경상남도 창원시 마산합포구 문화동14길 54 광신비치아파트상가(창포동3가)
백양어린이집,경상남도 창원시 마산합포구 중앙남4길 9 (신흥동)
사회복지법인마산어린이집,경상남도 창원시 마산합포구 중앙동2가 중앙동3길 32-3 마산어린이집
마산YWCA어린이집,경상남도 창원시 마산합포구 중앙북5길 20 마산YWCA어린이집
블루밍어린이집,경상남도 창원시 마산합포구 3?15대로 154 벽산블루밍아파트 주민복지관동 (월포동)
해오름어린이집,경상남도 창원시 마산합포구 중앙동2가 중앙동3길 26 경동메르빌상가110호 (중앙동2가)
경동튼튼어린이집,"경상남도 창원시 마산합포구 중앙동2가 중앙동3길 16 (중앙동2가, 경동메르빌 110-104)"
혜성미어린이집,경상남도 창원시 마산합포구 중앙동3가 중앙북2길 17 혜성미 106호 (중앙동3가)
마산합포구청어린이집,경상남도 창원시 마산합포구 중앙동3가 중앙북1길 34
또래어린이집,경상남도 창원시 마산합포구 산호남12길 13 (산호동)
리인어린이집,경상남도 창원시 마산합포구 산호동로 12 산호경동리인아파트 1단지 복리동
연우어린이집,경상남도 창원시 마산합포구 회원동북로 64 (산호동)
파스텔어린이집,경상남도 창원시 마산합포구 산호북2길 36 (산호동)
통통이어린이집,경상남도 창원시 마산합포구 용마로 54-3
창원시립 서성어린이집,경상남도 창원시 마산합포구 중앙북7길 53-5 서성어린이집
창원시립 장미어린이집,경상남도 창원시 마산합포구 중앙북7길 53-5 (서성동) 창원시립 장미어린이집
창원시립 추산어린이집,경상남도 창원시 마산합포구 문신길 163 창원시립추산어린이집
리틀스쿨어린이집,경상남도 창원시 마산합포구 신포동1가 제2부두로 17 마산만아이파크 아파트 관리동 (신포동1가)
마린푸른숲어린이집,경상남도 창원시 마산합포구 오동동14길 67 중앙마린파이브아파트 상가동
아이굿맘어린이집,"경상남도 창원시 마산합포구 서성로 23 (신포동1가,센트럴아파트) 복리동"
경남청사 예다움어린이집,경상남도 창원시 마산합포구  제2부두로 10 (신포동1가)
노벨어린이집,경상남도 창원시 마산합포구 완월남7길 31 (완월동)
자연숲어린이집,경상남도 창원시 마산합포구 완월남7길 32
보노어린이집,경상남도 창원시 마산합포구 중앙남8길 80
창원시립 SK오션뷰어린이집,"경상남도 창원시 마산합포구 월영남12길 12 (월영동, 월영SK오션뷰)"
창원시립 딩동댕어린이집,"경상남도 창원시 마산합포구 월영마을로 29 211동 104호(월영동,월영2차동아아파트)"
창원시립 마린애시앙어린이집,"경상남도 창원시 마산합포구 가포순환로 33 140동(월영동,마린애시앙부영)"
창원시립 애시앙숲어린이집,"경상남도 창원시 마산합포구 가포순환로 33 139동(월영동, 마린애시앙부영)"
창원시립 월영어린이집,경상남도 창원시 마산합포구 월영북로 24 (대내동)
동아마을어린이집,경상남도 창원시 마산합포구 월영남로 43 동아1차아파트 관리동
동아신나는어린이집,경상남도 창원시 마산합포구 월영마을로 29 동아2차아파트 복리동
마산가포부영사랑으로어린이집,"경상남도 창원시 마산합포구 가포로 154-11 210동 관리동(월영동, 마산가포부영아파트)"
새암어린이집,경상남도 창원시 마산합포구 월영남12길 15 새암어린이집
예솔어린이집,경상남도 창원시 마산합포구 월영동13길 7 (해운동)
해운어린이집,경상남도 창원시 마산합포구 월영동10길 19 (해운동)
현대신나는어린이집,경상남도 창원시 마산합포구 월영마을로 12 현대건설아파트 복리동 (월영동)
고운어린이집,경상남도 창원시 마산합포구 가포순환로 33 120동 104호(마린애시앙부영)
금빛어린이집,"경상남도 창원시 마산합포구 월영남로 43 104동 101호(월영동, 동아1차아파트)"
기쁨몬테소리어린이집,"경상남도 창원시 마산합포구 월영마을로 29 209동 102호 (월영동아2차아파트,월영동)"
꼬꼬마어린이집,"경상남도 창원시 마산합포구 월영마을로 29 204동 104호 (월영동, 월영동아2차아파트)"
바른나무어린이집,경상남도 창원시 마산합포구 가포순환로 33 102동 102호(마린애시앙부영)
보보어린이집,"경상남도 창원시 마산합포구 월영마을로 5 203동 105호 (월영동,현대1차아파트)"
사랑숲 어린이집,"경상남도 창원시 마산합포구 월영동6길 39 104동 104호(해운동, 두산1차아파트)"
아띠어린이집,"경상남도 창원시 마산합포구 월영동남로 3 205동 102호(해운동, 두산2차아파트)"
애시앙키즈어린이집,"경상남도 창원시 마산합포구 가포순환로 33 114동 101호(월영동,마린애시앙부영)"
예님어린이집,"경상남도 창원시 마산합포구 밤밭고개로 371 105동 109호 (월영동, 화인아트빌라)"
이안어린이집,"경상남도 창원시 마산합포구 가포순환로 33 125동 103호(월영동,마린애시앙부영)"
조은어린이집,"경상남도 창원시 마산합포구 월영마을로 52 501동 101호(월영동, 현대2차아파트)"
해맑은어린이집,"경상남도 창원시 마산합포구 월영동11길 42 305동 102호(해운동, 두산3차아파트)"
행복아이어린이집,경상남도 창원시 마산합포구 가포순환로 33 112동 102호(마린애시앙부영)
바른아이뜰어린이집,경상남도 창원시 마산합포구 심온길 94-3
반달어린이집,경상남도 창원시 마산합포구 자산서14길 63 (자산동)
샛별아이어린이집,경상남도 창원시 마산합포구 자산남4길 11 (자산동)
청운어린이집,경상남도 창원시 마산합포구 자산북1길 40 (자산동)
맑은숲영재스쿨어린이집,경상남도 창원시 마산합포구 자산삼거리로 94-11
사동어린이집,경상남도 창원시 마산합포구 진동면 사동길 145
꿈채움어린이집,경상남도 창원시 마산합포구 진동면 진북산업로 55 협성엠파이어아파트 복리동(105동)
밝은숲 어린이집,경상남도 창원시 마산합포구 신서촌로 50-9 (진동면 진동리)
재능어린이집,경상남도 창원시 마산합포구 진동면 교동3길 62
꿈꾸는유앤아이어린이집,경상남도 창원시 마산합포구 진동면 진북산업로 58 복리동
유앤아이어린이집,경상남도 창원시 마산합포구 진북산업로 58 112-101
한솔어린이집,경상남도 창원시 마산합포구 진동면 요장1길 110
창원시립 진북어린이집,경상남도 창원시 마산합포구 진북면 지산1길 63-10 창원시립 진북어린이집
창원시립 진전어린이집,경상남도 창원시 마산합포구 오서곡안로 24
창원시립 용마어린이집,경상남도 창원시 마산합포구 용마산길 47
베스티움 큰샘 어린이집,경상남도 창원시 마산합포구 회원천북길 491 베스티움아파트관리동 보육시설
칸타빌어린이집,경상남도 창원시 마산합포구 합포동6길 8 칸타빌오션뷰아파트 관리동
하늘샘어린이집,경상남도 창원시 마산합포구 합포남2길 24 (산호동)
창원시립 덕동어린이집,경상남도 창원시 마산합포구 덕동길 32
신유성어린이집,경상남도 창원시 마산합포구 묘촌1길 28 현동 LH그린품에아파트 복리동
중흥누리봄어린이집,"경상남도 창원시 마산합포구 현동1길 8 관리동(현동,중흥에스-클래스프라디움3차)"
중흥산들어린이집,경상남도 창원시 마산합포구 현동9길 14 중흥S클래스 프라디움2차아파트 관리동
중흥키즈어린이집,경상남도 창원시 마산합포구 현동4길 20 현동 중흥S-클래스프라디움아파트복리동
하늘숲어린이집,경상남도 창원시 마산합포구 현동3길 1 창원현동LH아파트 복리동
하늘채다솜어린이집,경상남도 창원시 마산합포구 현동9길 13 현동코오롱하늘채아파트 복리동
보듬이어린이집,경상남도 창원시 마산합포구 묘촌1길 28 그린품애아파트 606-102
중흥해마루어린이집,경상남도 창원시 마산합포구 현동4길 20 중흥S클래스A 103-102
덴소코리아어린이집,"경상남도 창원시 마산합포구 현동10길 19 (현동,아파트동 1층)"
글로벌창의 어린이집,경상남도 창원시 마산회원구 구암북3길 9 (구암동)
글로벌창의숲 어린이집,경상남도 창원시 마산회원구 금강로 301 (구암동)
바른손어린이집,경상남도 창원시 마산회원구 구암북15길 49 (구암동)
소명어린이집,경상남도 창원시 마산회원구 소계천서길 103 (구암동)
천사맘어린이집,경상남도 창원시 마산회원구 구암서2길 110-1 (구암동)
창원시립 구암어린이집,경상남도 창원시 마산회원구 구암서1길 235
인애어린이집,경상남도 창원시 마산회원구 팔용로 272 인애어린이집
아마데우스어린이집,경상남도 창원시 마산회원구 구암남10길 15 대동아파트 복리동 (구암동)
밀알재능어린이집,"경상남도 창원시 마산회원구 구암남7길 7 대성프리죤텔101, 102호 (구암동)"
창원시립 동신해나라어린이집,경상남도 창원시 마산회원구 내서읍 중리상곡로 134 동신2차아파트 202동 뒤 1층건물
창원시립 수피아어린이집,경상남도 창원시 마산회원구 내서읍 옥정1길 9-2
창원시립 햇님어린이집,경상남도 창원시 마산회원구 내서읍 광려로 29 207동 102호(대동이미지아파트)
삼계한샘어린이집,경상남도 창원시 마산회원구 내서읍 삼계본동2길 9-1
상곡어린이집,경상남도 창원시 마산회원구 내서읍 상곡안길 106-4
선재어린이집,경상남도 창원시 마산회원구 상곡로 49 내서종합사회복지관 내
숲속자람터어린이집,경상남도 창원시 마산회원구 내서읍 삼계로 288-18
호계어린이집,경상남도 창원시 마산회원구 내서읍 구미길 11-1
대동영재 아이짐어린이집,경상남도 창원시 마산회원구 내서읍 삼계5길 30 관리동 1층
더푸른다솜어린이집,경상남도 창원시 마산회원구 내서읍 삼계10길 22 더푸른아파트 관리동1층
라파어린이집,경상남도 창원시 마산회원구 내서읍 호원로 186-1
삼계현대어린이집,경상남도 창원시 마산회원구 내서읍 삼풍로 82 현대아파트 관리동
쏠티동산어린이집,경상남도 창원시 마산회원구 내서읍 상곡안길 21
이미지은혜어린이집,경상남도 창원시 마산회원구 광려로 28 대동이미지아파트 1단지 복리동 2층
일화어린이집,경상남도 창원시 마산회원구 상곡안길 106-14
참좋은하늘채어린이집,경상남도 창원시 마산회원구 내서읍 호원로 359 코오롱하늘채 2차아파트 복리동 217동 앞
코오롱한샘어린이집,경상남도 창원시 마산회원구 내서읍 호원로 361-3 코오롱 1차 119동 뒤 경로당 2층 코오롱한샘 어린이집
한우리다온어린이집,경상남도 창원시 마산회원구 내서읍 삼계1길 48 한우리a복지동내
해바라기어린이집,경상남도 창원시 마산회원구 내서읍 숲속로 27 604동(복리동)
해와달아이어린이집,경상남도 창원시 마산회원구 호계안길 36 -13번지
호계사랑어린이집,경상남도 창원시 마산회원구 내서읍 구미길 42-4
꼬마요정 어린이집,경상남도 창원시 마산회원구 호원로 359 코오롱하늘채2차아파트218동104호
사랑샘어린이집,경상남도 창원시 마산회원구 광려로 24-46
숲속엄마품어린이집,"경상남도 창원시 마산회원구 내서읍 숲속로 27 609동 103호(삼계리, 숲속마을주공그린빌6단지아파트)"
아이자람 어린이집,"경상남도 창원시 마산회원구 내서읍 숲속로 8 405동 104호(, 숲속마을주공그린빌4단지아파트)"
참좋은어린이집,경상남도 창원시 마산회원구 내서읍 삼계10길 22 119동 101호(THE-푸른아파트)
푸른 어린이집,경상남도 창원시 마산회원구 내서읍 삼계10길 22 117동102호 (더-푸른아파트)
하륜안계어린이집,경상남도 창원시 마산회원구 내서읍 삼계숲길 267
해담어린이집,"경상남도 창원시 마산회원구 내서읍 호원로 359 213동 104호(호계리, 코오롱하늘채아파트)"
창원시립 근주어린이집,경상남도 창원시 마산회원구 석전동12길 8
창원시립 메트로석전어린이집,"경상남도 창원시 마산회원구 석전남8길 40 109동(석전동,창원 메트로시티 석전)"
창원시립 봉화어린이집,경상남도 창원시 마산회원구 석전북18길 10 창원시립 봉화어린이집
창원시립 석전어린이집,경상남도 창원시 마산회원구 석전북11길 6-10 경남 창원시 마산회원구 석전북11길 6-10(석전동 164-280)
참빛어린이집,경상남도 창원시 마산회원구 북성로 267 (석전동)
금솔어린이집,경상남도 창원시 마산회원구 석전남8길 40 석전메트로 102동 102호
삼정어린이집,경상남도 창원시 마산회원구 석전동9길 31 102호 금강하이츠빌라(석전동)
계명어린이집,경상남도 창원시 마산회원구 팔용로 23 (양덕동)
아셀어린이집,경상남도 창원시 마산회원구 양덕북1길 23
조이어린이집,경상남도 창원시 마산회원구 양덕동12길 27 (양덕동)
경남숲 어린이집,"경상남도 창원시 마산회원구 양덕동16길 22 2동 103호(양덕동, 경남양덕아파트)"
세화어린이집,경상남도 창원시 마산회원구 양덕동12길 51-2
창원시립 양덕롯데캐슬어린이집,경상남도 창원시 마산회원구 양덕로 48 창원 롯데캐슬 센텀골드 내 관리동
창원시립 하버팰리스어린이집,경상남도 창원시 마산회원구 양덕동2길 20
사회복지법인금강어린이집,경상남도 창원시 마산회원구 양덕남1길 22 한일2차타운내 사회복지법인 금강어린이집
굿맘아이어린이집,경상남도 창원시 마산회원구 양덕옛2길 16
메트로사과나무어린이집,경상남도 창원시 마산회원구 양덕서로 30 (양덕동)
메트로아이꽃뜰어린이집,경상남도 창원시 마산회원구 삼호로 80 메트로시티2차아파트내
하늘채우솔어린이집,경상남도 창원시 마산회원구 양덕서5길 15
한일어린이집,경상남도 창원시 마산회원구 양덕서로 45 한일타운4차 관리동 1층
대림어린이집,경상남도 창원시 마산회원구 양덕동2길 76 대림하이빌아파트 내 (양덕동)
라임어린이집,"경상남도 창원시 마산회원구 양덕로 151 208동 102호(양덕동, 한일타운)"
반디어린이집,"경상남도 창원시 마산회원구 양덕옛2길 16 109동 105호(양덕동, 양덕우성아파트)"
새봄어린이집,경상남도 창원시 마산회원구 삼호로 151 한일3차아파트 내 (양덕동)
예꼬어린이집,"경상남도 창원시 마산회원구 양덕로 48 104동 104호(양덕동, 창원롯데캐슬센텀골드)"
작은별어린이집,"경상남도 창원시 마산회원구 양덕서8길 25 105동 101호(양덕동, 한일타운1차)"
키즈누리 어린이집,"경상남도 창원시 마산회원구 양덕동2길 20 102동 104호(양덕동, 창원롯데하버팰리스)"
해무리 어린이집,"경상남도 창원시 마산회원구 양덕로 151 201동 101호(양덕동, 한일타운)"
행복가득하늘채어린이집,경상남도 창원시 마산회원구 양덕서5길 15 102동 102호(양덕동 코오롱하늘채)
BNK창원어린이집,경상남도 창원시 마산회원구 양덕로 135 (양덕동)
해솔어린이집,경상남도 창원시 마산회원구 합포로 285 잘본병원 2층
창원시립 롯데캐슬어린이집,"경상남도 창원시 마산회원구 합성북16길 197 (합성동, 롯데캐슬더퍼스트)"
샘보아이어린이집,경상남도 창원시 마산회원구 합성동3길 49
삼성창원병원 직장어린이집,경상남도 창원시 마산회원구 팔용로 158
창원시립 회성어린이집,경상남도 창원시 마산회원구 회성시장2길 20
예꿈어린이집,경상남도 창원시 마산회원구 회원동14길 22 (회원동)
해든미래클어린이집,경상남도 창원시 마산회원구 회원동29길 63 (회원동)
창원시립 e편한세상어린이집,"경상남도 창원시 마산회원구 회원남로 65 (회원동,e편한세상창원파크센트럴2단지)"
e편한세상키즈어린이집,경상남도 창원시 마산회원구 회원북13길 20 e편한세상 창원파크센트럴1단지 관리동
달나라 어린이집,경상남도 창원시 마산회원구 교방시장1길 57 (회원동)
청우 어린이집,경상남도 창원시 마산회원구 회원남33길 32 (회원동)
행복가득 한마음어린이집,경상남도 창원시 마산회원구 회원북25길 23 (회원동)
빛나는 진명어린이집,경상남도 창원시 마산회원구 교방시장1길 36
창원시립 경화어린이집,경상남도 창원시 진해구 진해대로614번길 14 창원시립 경화어린이집
두산위브드림어린이집,경상남도 창원시 진해구 조천로 30 경화동두산위브아파트 어린이집(복리동)
킹스키즈어린이집,경상남도 창원시 진해구 조천로23번길 14 (경화동)
해화어린이집,경상남도 창원시 진해구 조천북로 88 (경화동)
창원시립 썬키즈어린이집,경상남도 창원시 진해구 진해대로979번길 5-7
창원시립 자은주공어린이집,경상남도 창원시 진해구 진해대로975번길 23 복리동
꼬마숲해담어린이집,경상남도 창원시 진해구 풍호로35번길 11 협성아이존빌  관리동
경동큰나무어린이집,"경상남도 창원시 진해구 풍호로3번길 14 106동 102호(풍호동, 경동윈츠빌아파트)"
덕산해군어린이집,경상남도 창원시 진해구 진해대로 943 덕산해군아파트
창원시립 글로벌리더어린이집,경상남도 창원시 진해구 병암북로8번길 3-16
연꽃누리어린이집,경상남도 창원시 진해구 충장로345번길 38-3
슈퍼키즈어린이집,경상남도 창원시 진해구 진해대로694번길 5-6
에셀나무어린이집,경상남도 창원시 진해구 충장로337번길 31 (경화동)
아이존어린이집,"경상남도 창원시 진해구 병암로 20  102-103(이동, 디에스아이존빌)"
근로복지공단 진해어린이집,경상남도 창원시 진해구 진해대로776번길 35 (이동)
엄마사랑어린이집,경상남도 창원시 진해구 진해대로789번길 24 (석동)
우림큰사랑어린이집,"경상남도 창원시 진해구 해원로 45 112동(석동, 진해석동우림필유)"
벚꽃그린빌어린이집,경상남도 창원시 진해구 석동로 60 벚꽃그린빌 3단지복지동
베베천사어린이집,"경상남도 창원시 진해구 해원로 45 123동103호(석동,우림필유)"
푸르지오어린이집,경상남도 창원시 진해구 진해대로 725 석동 대우푸르지오 아파트 내 복리층
창원시립 여좌어린이집,경상남도 창원시 진해구 여좌로63번길 22
SK숲art 어린이집,경상남도 창원시 진해구 여좌남로41번길 33 (여좌동)
천사들의뜰어린이집,경상남도 창원시 진해구 여좌로99번길 14 (여좌동)
창원시립 남양어린이집,"경상남도 창원시 진해구 월남로 144 관리동(남양동,창원 진해 비전시티 우방 아이유쉘 아파트)"
창원시립 은성어린이집,"경상남도 창원시 진해구 웅동로51번길 24-3 상가101호(마천동,청안그린빌아파트)"
배화어린이집,경상남도 창원시 진해구 남의로116번길 27 (두동)
사랑숲어린이집,경상남도 창원시 진해구 마천로 14-7
해오름아기세상어린이집,"경상남도 창원시 진해구 웅동로 182 102동 103호(두동, 희가로아파트)"
창원시립 용원어린이집,경상남도 창원시 진해구 용원남로7번길 4 창원시립용원어린이집
꽃뜰에어린이집,경상남도 창원시 진해구 용원북로11번길 8 (용원동)
더푸르지오어린이집,경상남도 창원시 진해구 안골로298번길 26 114동(복리동)
맑은샘어린이집,경상남도 창원시 진해구 안청로 124 서광해인로즈빌 관리동 맑은샘어린이집
바다별어린이집,경상남도 창원시 진해구 청안로 255
부산신항 5단지 부영사랑으로어린이집,경상남도 창원시 진해구 신항5로 43 (용원동 사랑으로 부영5단지 아파트)
부산신항 6단지 부영사랑으로어린이집,"경상남도 창원시 진해구 신항5로 56 관리동 1층(용원동,사랑으로 부영6단지아파트)"
부산신항13단지부영사랑으로어린이집,경상남도 창원시 진해구 신항4로 75 부산신항13단지 부영아파트 관리동
부산신항2단지 부영사랑으로어린이집,"경상남도 창원시 진해구 신항동로 226 관리동(용원동, 부산신항사랑으로 부영2단지아파트)"
부산신항3단지부영 사랑으로 어린이집,경상남도 창원시 진해구 신항동로 225 관리동 (부산신항3단지 부영아파트)
부산신항4단지부영 사랑으로 어린이집,경상남도 창원시 진해구 신항동로 267 부산신항4단지 부영아파트
부산신항8단지 부영사랑으로어린이집,경상남도 창원시 진해구 신항동로 136 부산신항8단지 부영아파트 어린이집
크니크니어린이집,경상남도 창원시 진해구 신항동로 143 111동(부산신항만이지더원아파트.복리동)
하늘별꽃어린이집,경상남도 창원시 진해구 신항북로 202 211동(부산신항 이지더원아파트 2단지.복리동)
꼬맹이어린이집,경상남도 창원시 진해구 용원북로12번안길 19 (용원동)
꿈동산어린이집,"경상남도 창원시 진해구 신항4로 75 1307동101호(용원동, 부산신항13단지부영아파트)"
꿈자람어린이집,"경상남도 창원시 진해구 신항동로 136 801동102호(용원동,부산신항8단지부영아파트)"
동화숲어린이집,경상남도 창원시 진해구 안골로 359 일신님아파트 106-103
리온어린이집,"경상남도 창원시 진해구 안청북로 42 ,관리동 1층(용원동, 현대아파트)"
리치어린이집,"경상남도 창원시 진해구 안골로 359 102동 104호(용원동, 일신님)"
맑은숲어린이집,경상남도 창원시 진해구 안청로 126 112동101호
솔로몬어린이집,"경상남도 창원시 진해구 안청로 126 102-103(청안동, 해인로즈빌앞트)"
아이뜰어린이집,"경상남도 창원시 진해구 안청남로 29-1 102동 105호(용원동, 일신님)"
아이마음 어린이집,"경상남도 창원시 진해구 안청남로 33 109동 103호(용원동, 코아루)"
아이원어린이집,"경상남도 창원시 진해구 안청북로 33 105동 102호(청안동, 풍림아파트)"
아이조아 어린이집,"경상남도 창원시 진해구 신항동로 225 307동 101호(용원동, 부산신항3단지 부영아파트)"
예쁜꼬마어린이집,"경상남도 창원시 진해구 안청남로 33 109동 106호(용원동, 코아루)"
일신아이뜰어린이집,경상남도 창원시 진해구 안청남로 29-1 102동 106호(일신님아파트)
재미팡팡어린이집,"경상남도 창원시 진해구 안청남로 33 107동 105호(용원동, 코아루)"
초록어린이집,경상남도 창원시 진해구 안청남로 13 107-106(청안동 부영아파트)
키즈맘어린이집,"경상남도 창원시 진해구 안청남로 29-1 102동 102호(용원동, 일신님)"
해달별어린이집,경상남도 창원시 진해구 신항4로 75 1302동101호(용원동.부산신항13단지부영아파트)
해담어린이집,"경상남도 창원시 진해구 신항동로 225 308동 106호(용원동, 부산신항3단지 부영아파트)"
힐링어린이집,"경상남도 창원시 진해구 안청북로 33 101-103(청안동,풍림아파트)"
창원시립 남문어린이집,경상남도 창원시 진해구 웅천동로43번길 19 진해남문호반베르디움아파트 관리동
창원시립 남문프라디움어린이집,"경상남도 창원시 진해구 웅천동로 100 (남문동, 남문시티프라디움2차아파트)"
창원시립 리젠시빌어린이집,경상남도 창원시 진해구 웅천동로1번길 18
남문시티이화어린이집,"경상남도 창원시 진해구 웅천동로 16 (남문동, 남문1차 시티프라디움)복리동"
더웰어린이집,경상남도 창원시 진해구 웅천동로 13 남문리젠시빌란트더웰 관리동
무지개어린이집,경상남도 창원시 진해구 웅천중로51번길 24 (서중동)
꽃길어린이집,"경상남도 창원시 진해구 웅천동로 100 206동 101호(남문동, 남문시티프라디움2차)"
남문시티어린이집,경상남도 창원시 진해구 웅천동로 16 112동103호(남문동.시티프라디움1차아파트)
남문햇살어린이집,경상남도 창원시 진해구 웅천동로 16 105동103호(남문동.시티프라디움1차아파트)
시티행복어린이집,"경상남도 창원시 진해구 웅천동로 100 208동 102호(남문동, 시티프라디움2차)"
아이사랑어린이집,경상남도 창원시 진해구 이동로13번길 8 (이동)
창원시립 자은센트럴어린이집,"경상남도 창원시 진해구 냉천로 189 (자은동, 센트럴빌리지)"
창원시립 자은하늘닮어린이집,경상남도 창원시 진해구 냉천로 192 천년나무아파트 관리동
은혜영아전담어린이집,경상남도 창원시 진해구 자은로78번길 41 (자은동)
발도르프예쁜어린이집,경상남도 창원시 진해구 냉천로129번길 30-1 (자은동)
에일린의뜰어린이집,경상남도 창원시 진해구 냉천로 235 에일린의뜰
예그리나어린이집,"경상남도 창원시 진해구 진해대로921번길 10 벚꽃마을아파트 내 복리동(자은동,벚꽃마을아파트)"
중흥솔가람어린이집,경상남도 창원시 진해구 냉천로 262 110동(관리동)
프라임크로바어린이집,경상남도 창원시 진해구 냉천로 257 LH자은프라임 복리동
하늘소어린이집,경상남도 창원시 진해구  자은로64번길 13 (자은동)
사랑별어린이집,"경상남도 창원시 진해구 냉천로 257 116동 102호(자은동,자은프라임)"
생태친화어린이집,경상남도 창원시 진해구 냉천로 310-31
아이스토리어린이집,"경상남도 창원시 진해구 냉천로 84 112동 101호(자은동, 대동빌라트)"
창원시립 신흥어린이집,경상남도 창원시 진해구 충무로 23 (신흥동)
글로리아어린이집,경상남도 창원시 진해구 태평로 80 글로리아어린이집
홍익어린이집,경상남도 창원시 진해구 편백로7번길 20 (회현동)
궁전어린이집,경상남도 창원시 진해구 태평로48번길 9 (충의동)
오션빌해군어린이집,경상남도 창원시 진해구 여명로 19 오션빌아파트내
숙명어린이집,경상남도 창원시 진해구 태백서로 75 (태백동)
창원시립 보배하나어린이집,경상남도 창원시 진해구 진해대로 1101 진해종합사회복지관 부설 장애전담보배하나어린이집
풍호은성영아전담어린이집,경상남도 창원시 진해구 천자로385번길 9-12
늘푸른어린이집,경상남도 창원시 진해구 천자로 386 마린푸르지오아파트 복리동
마린빅스맘어린이집,"경상남도 창원시 진해구 충장로657번길 35 관리동(풍호동, 창원마린푸르지오 2단지아파트)"
조이어린이집,경상남도 창원시 진해구 천자로413번길 5 (풍호동)
파랑새어린이집,"경상남도 창원시 진해구 진해대로1026번길 15 부길하이츠빌라 101,102 (풍호동)"
한신에코어린이집,경상남도 창원시 진해구 행암로 5 213동(복리동)
해누리어린이집,경상남도 창원시 진해구 행암로 25 대동다숲아파트내 복리동 해누리어린이집
산새소리어린이집,"경상남도 창원시 진해구 풍호로42번길 13 112동 102호(풍호동, 동부산아이존빌)"
에코베베어린이집,"경상남도 창원시 진해구 충장로 575 110동 103호(풍호동, 우성아파트)"
우성루키어린이집,"경상남도 창원시 진해구 충장로 575 118동 107호(풍호동, 우성아파트)"
바다마을해군어린이집,경상남도 창원시 진해구 충장로 645
