어린이집명,소재지도로명주소,지오코딩용주소,주소변경여부,위도,경도,검색결과주소,매칭점수
창원시립 대산푸른숲어린이집,경상남도 창원시 의창구 대산면 주남로 514 엔에이치에프 창원대산1단지아파트 관리동,경상남도 창원시 의창구 대산면 주남로 514,True,35.329665977196,128.705632169128,경상남도 창원시 의창구 대산면 제동리 주남로 514,100.0
한뫼누리어린이집,경상남도 창원시 의창구 대산면 제동길43번길 79-25,경상남도 창원시 의창구 대산면 제동길43번길 79-25,False,35.338923537796,128.710121013555,경상남도 창원시 의창구 대산면 제동리 제동길43번길 79-25,100.0
청아어린이집,경상남도 창원시 의창구 동읍 의창대로900번길 8,경상남도 창원시 의창구 동읍 의창대로900번길 8,False,35.278421032838,128.688837768831,경상남도 창원시 의창구 동읍 용잠리 의창대로900번길 8,100.0
청음어린이집,경상남도 창원시 의창구 동읍 의창대로900번길 6-1,경상남도 창원시 의창구 동읍 의창대로900번길 6-1,False,35.278401125818,128.689009849303,경상남도 창원시 의창구 동읍 용잠리 의창대로900번길 6-1,100.0
꿈샘어린이집,경상남도 창원시 의창구 동읍 자여로 133-11,경상남도 창원시 의창구 동읍 자여로 133-11,False,35.273169183765,128.705596462221,경상남도 창원시 의창구 동읍 단계리 자여로 133-11,100.0
동읍다람어린이집,경상남도 창원시 의창구 동읍 의창대로915번길 17-15,경상남도 창원시 의창구 동읍 의창대로915번길 17-15,False,35.280652829076,128.690523004594,경상남도 창원시 의창구 동읍 용잠리 의창대로915번길 17,99.18
무궁화어린이집,경상남도 창원시 의창구 동읍 용잠로 37-6,경상남도 창원시 의창구 동읍 용잠로 37-6,False,35.279852829538,128.688555298694,경상남도 창원시 의창구 동읍 용잠리 용잠로 37-6,100.0
햇살나무어린이집,경상남도 창원시 의창구 동읍 동읍로83번길 3,경상남도 창원시 의창구 동읍 동읍로83번길 3,False,35.283533700408,128.681993274336,경상남도 창원시 의창구 동읍 용잠리 동읍로83번길 3,100.0
동부산솔밭어린이집,경상남도 창원시 의창구 동읍 용정길46번길 24 동부산 훼미리 5차 102호,경상남도 창원시 의창구 동읍 용정길46번길 24,True,35.276169737464,128.70443221587,경상남도 창원시 의창구 동읍 용정리 용정길46번길 24,100.0
동창원어린이집,"경상남도 창원시 의창구 동읍 용정길32번길 14 102동 105호(송정리, 동부산훼미리타운2차아파트)",경상남도 창원시 의창구 동읍 용정길32번길 14,True,35.277439553885,128.70279606837,경상남도 창원시 의창구 동읍 송정리 용정길32번길 14,100.0
칠성그린어린이집,경상남도 창원시 의창구 동읍 동읍로 212 칠성그린아파트내,경상남도 창원시 의창구 동읍 동읍로 212,True,35.293880824602,128.675961489173,경상남도 창원시 의창구 동읍 신방리 동읍로 212,100.0
창원시립 명곡어린이집,경상남도 창원시 의창구 태복산로15번길 8 창원시립명곡어린이집,경상남도 창원시 의창구 태복산로15번길 8,True,35.253940762605,128.63992517285,경상남도 창원시 의창구 도계동 태복산로15번길 8,100.0
창원시립 명곡포엘른어린이집,경상남도 창원시 의창구 명곡지구로 25,경상남도 창원시 의창구 명곡지구로 25,False,35.255198509086,128.646844098646,경상남도 창원시 의창구 명곡동 명곡지구로 25,100.0
창원시립 호산나어린이집,"경상남도 창원시 의창구 원이대로82번길 1 복지동 1층(도계동, 도계휴먼시아아파트)",경상남도 창원시 의창구 원이대로82번길 1,True,35.254990889344,128.635556022001,경상남도 창원시 의창구 도계동 원이대로82번길 1,100.0
사랑의어린이집,경상남도 창원시 의창구 명서로77번길 17 명서동,경상남도 창원시 의창구 명서로77번길 17,True,35.250984716812,128.650329461624,경상남도 창원시 의창구 명서동 명서로77번길 17,100.0
무지개어린이집,경상남도 창원시 의창구 하남천서길21번길 9 (도계동),경상남도 창원시 의창구 하남천서길21번길 9,True,35.261241777456,128.638768302574,경상남도 창원시 의창구 도계동 하남천서길21번길 9,100.0
브레인영재어린이집,경상남도 창원시 의창구 도계로60번길 9-8 브레인영재어린이집,경상남도 창원시 의창구 도계로60번길 9-8,True,35.258294281204,128.637121342419,경상남도 창원시 의창구 도계동 도계로60번길 9-8,100.0
새순어린이집,경상남도 창원시 의창구 도계로 116 새순교회 1층 (도계동),경상남도 창원시 의창구 도계로 116,True,35.255020770829,128.640955476389,경상남도 창원시 의창구 도계동 도계로 116,100.0
아이사랑어린이집,경상남도 창원시 의창구 도계로95번길 13,경상남도 창원시 의창구 도계로95번길 13,False,35.257311293509,128.641354203523,경상남도 창원시 의창구 도계동 도계로95번길 13,100.0
양지어린이집,경상남도 창원시 의창구 도계로60번길 5-18,경상남도 창원시 의창구 도계로60번길 5-18,False,35.258162140501,128.637815615459,경상남도 창원시 의창구 도계동 도계로60번길 5-18,100.0
예림어린이집,"경상남도 창원시 의창구 도계로 135 관리동1층(명서동,두산위브아파트)",경상남도 창원시 의창구 도계로 135,True,35.253082120443,128.643021699341,경상남도 창원시 의창구 명서동 도계로 135,100.0
키즈숲어린이집,경상남도 창원시 의창구 원이대로69번길 6-5 1층 (도계동),경상남도 창원시 의창구 원이대로69번길 6-5,True,35.256627833125,128.636264209001,경상남도 창원시 의창구 도계동 원이대로69번길 6-5,100.0
하버드영재어린이집,"경상남도 창원시 의창구 태복산로7번길 36 102호, 103호 (도계동, 형제골든빌라)",경상남도 창원시 의창구 태복산로7번길 36,True,35.255530683908,128.637160402088,경상남도 창원시 의창구 도계동 태복산로7번길 36,100.0
행복한아이어린이집,경상남도 창원시 의창구 원이대로69번길 6-11 (도계동),경상남도 창원시 의창구 원이대로69번길 6-11,True,35.256409358818,128.636433439626,경상남도 창원시 의창구 도계동 원이대로69번길 6-11,100.0
나무향기어린이집,경상남도 창원시 의창구 명서로123번길 8 (명서동),경상남도 창원시 의창구 명서로123번길 8,True,35.245945307075,128.648178413812,경상남도 창원시 의창구 명서동 명서로123번길 8,100.0
샘물어린이집,경상남도 창원시 의창구 명서로 72 (명서동),경상남도 창원시 의창구 명서로 72,True,35.25087231549,128.648124350537,경상남도 창원시 의창구 명서동 명서로 72,100.0
성신어린이집,경상남도 창원시 의창구 지귀로 37 (명서동),경상남도 창원시 의창구 지귀로 37,True,35.24663656263,128.650587372785,경상남도 창원시 의창구 명서동 지귀로 37,100.0
소망어린이집,경상남도 창원시 의창구 명지로93번길 6-1,경상남도 창원시 의창구 명지로93번길 6-1,False,35.24894535786,128.648604382132,경상남도 창원시 의창구 명서동 명지로93번길 6-1,100.0
신나는어린이집,경상남도 창원시 의창구 우곡로85번길 13-1,경상남도 창원시 의창구 우곡로85번길 13-1,False,35.245830558821,128.641071314291,경상남도 창원시 의창구 명서동 우곡로85번길 13-1,100.0
파티마어린이집,"경상남도 창원시 의창구 창이대로 45 (명서동,창원파티마병원)",경상남도 창원시 의창구 창이대로 45,True,35.238024618122,128.645346168729,경상남도 창원시 의창구 명서동 창이대로 45,100.0
창원시립 봉곡어린이집,경상남도 창원시 의창구 창이대로 195 (봉곡동),경상남도 창원시 의창구 창이대로 195,True,35.244976275249,128.65871220299,경상남도 창원시 의창구 봉곡동 창이대로 195,100.0
창원시립 사림어린이집,경상남도 창원시 의창구 창이대로397번길 17,경상남도 창원시 의창구 창이대로397번길 17,False,35.244481156228,128.680686116536,경상남도 창원시 의창구 사림동 창이대로397번길 17,100.0
성아어린이집,경상남도 창원시 의창구 창이대로309번길 54 (봉곡동),경상남도 창원시 의창구 창이대로309번길 54,True,35.249615658657,128.668533446579,경상남도 창원시 의창구 봉곡동 창이대로309번길 54,100.0
새창원교회부설어린이집,경상남도 창원시 의창구 사림로149번길 42 (사림동),경상남도 창원시 의창구 사림로149번길 42,True,35.241553357449,128.690016767331,경상남도 창원시 의창구 사림동 사림로149번길 42,100.0
자연봄어린이집,경상남도 창원시 의창구 대봉로 25 휴먼시아2단지 복지동,경상남도 창원시 의창구 대봉로 25,True,35.251052484499,128.66538486847,경상남도 창원시 의창구 봉림동 대봉로 25,100.0
꿀벌어린이집,경상남도 창원시 의창구 사림로45번길 14-19,경상남도 창원시 의창구 사림로45번길 14-19,False,35.248190693207,128.679214505795,경상남도 창원시 의창구 사림동 사림로45번길 14-19,100.0
다정어린이집,경상남도 창원시 의창구 창이대로187번길 35-8,경상남도 창원시 의창구 창이대로187번길 35-8,False,35.246294119976,128.655718354814,경상남도 창원시 의창구 봉곡동 창이대로187번길 35-8,100.0
은비어린이집,경상남도 창원시 의창구 봉곡로 43 (봉곡동),경상남도 창원시 의창구 봉곡로 43,True,35.249391526566,128.66411400431,경상남도 창원시 의창구 봉곡동 봉곡로 43,100.0
피닉스자연숲어린이집,경상남도 창원시 의창구 대봉로 27 엘에이치피닉스포레주민복지관3단지,경상남도 창원시 의창구 대봉로 27,True,35.251690682607,128.664666790825,경상남도 창원시 의창구 봉림동 대봉로 27,100.0
휴먼어린이집,경상남도 창원시 의창구 봉곡로 55 (봉곡동),경상남도 창원시 의창구 봉곡로 55,True,35.249419857398,128.665484194022,경상남도 창원시 의창구 봉곡동 봉곡로 55,100.0
경상남도청어린이집,경상남도 창원시 의창구 상남로 318,경상남도 창원시 의창구 상남로 318,False,35.238307213987,128.695928104546,경상남도 창원시 의창구 사림동 상남로 318,100.0
국립창원대학교 직장어린이집,경상남도 창원시 의창구 창원대학로 20 (사림동),경상남도 창원시 의창구 창원대학로 20,True,35.244367329983,128.693313453669,경상남도 창원시 의창구 퇴촌동 창원대학로 20,100.0
미래나무어린이집,경상남도 창원시 의창구 봉곡로24번길 9,경상남도 창원시 의창구 봉곡로24번길 9,False,35.247960945241,128.664207043436,경상남도 창원시 의창구 봉곡동 봉곡로24번길 9,100.0
창원시립 감계아내어린이집,경상남도 창원시 의창구 북면 감계로 342 덕산아내에코프리미엄2차아파트,경상남도 창원시 의창구 북면 감계로 342,True,35.301948071132,128.59787743939,경상남도 창원시 의창구 북면 감계리 감계로 342,100.0
창원시립 감계은빛어린이집,경상남도 창원시 의창구 동전로 86 110동 103호(창원 감계 힐스테이트 1차),경상남도 창원시 의창구 동전로 86,True,35.303553498957,128.596357884163,경상남도 창원시 의창구 북면 감계리 동전로 86,100.0
창원시립 무동별빛어린이집,경상남도 창원시 의창구 무동안길 31 실제지번 무동리 345번지,경상남도 창원시 의창구 무동안길 31,True,35.317133774663,128.577935047717,경상남도 창원시 의창구 북면 무동리 무동안길 31,100.0
창원시립 무동어린이집,경상남도 창원시 의창구 북면 무동서로 24 무동센텀파라디아아파트,경상남도 창원시 의창구 북면 무동서로 24,True,35.318026153984,128.581952577728,경상남도 창원시 의창구 북면 무동리 무동서로 24,100.0
창원시립 북면어린이집,경상남도 창원시 의창구 북면 천주로1128번길 7 북면어린이집,경상남도 창원시 의창구 북면 천주로1128번길 7,True,35.350736698765,128.608782798335,경상남도 창원시 의창구 북면 신촌리 천주로1128번길 7,100.0
창원시립 빈세앙어린이집,경상남도 창원시 의창구 북면 감계로 222 천수림아파트 내,경상남도 창원시 의창구 북면 감계로 222,True,35.301224712888,128.588272532722,경상남도 창원시 의창구 북면 감계리 감계로 222,100.0
창원시립 예그린어린이집,경상남도 창원시 의창구 무동서로 76 창원무동 STX KAN 1차,경상남도 창원시 의창구 무동서로 76,True,35.322663441916,128.581886444512,경상남도 창원시 의창구 북면 무동리 무동서로 76,100.0
창원시립 예쁜아이어린이집,경상남도 창원시 의창구 감계로 277 창원감계아내에코프리미엄 107동,경상남도 창원시 의창구 감계로 277,True,35.302593016672,128.591121876888,경상남도 창원시 의창구 북면 감계리 감계로 277,100.0
창원시립 포레힐스데시앙어린이집,경상남도 창원시 의창구 감계로187번길 9,경상남도 창원시 의창구 감계로187번길 9,False,35.297818349347,128.584162382681,경상남도 창원시 의창구 북면 감계리 감계로187번길 9,100.0
바른손어린이집,경상남도 창원시 의창구 북면 천주로840번길 23,경상남도 창원시 의창구 북면 천주로840번길 23,False,35.329138126843,128.603495409993,경상남도 창원시 의창구 북면 무곡리 천주로840번길 23,100.0
즐거운성아어린이집,경상남도 창원시 의창구 북면 천주로 1251,경상남도 창원시 의창구 북면 천주로 1251,False,35.358569042458,128.616801848922,경상남도 창원시 의창구 북면 신촌리 천주로 1251,100.0
나무와샘어린이집,경상남도 창원시 의창구 북면 동곡로 33 103동 103호(휴먼빌1단지아파트),경상남도 창원시 의창구 북면 동곡로 33,True,35.31883509146,128.583415052194,경상남도 창원시 의창구 북면 무동리 동곡로 33,100.0
무동애플키즈어린이집,경상남도 창원시 의창구 북면 무동로226번길 19 창원무동지구 휴먼빌아파트 3단지내,경상남도 창원시 의창구 북면 무동로226번길 19,True,35.317873016613,128.584183337439,경상남도 창원시 의창구 북면 무동리 무동로226번길 19,100.0
숲속하늘빛어린이집,경상남도 창원시 의창구 북면 동곡로 35 복리동(휴먼빌2단지아파트),경상남도 창원시 의창구 북면 동곡로 35,True,35.320470442679,128.582769645649,경상남도 창원시 의창구 북면 무동리 동곡로 35,100.0
아라숲어린이집,경상남도 창원시 의창구 북면 감계로 233 감계힐스테이트 4차 복지시설,경상남도 창원시 의창구 북면 감계로 233,True,35.30232307748,128.585125295718,경상남도 창원시 의창구 북면 감계리 감계로 233,100.0
지안어린이집,경상남도 창원시 의창구 북면 무동로267번길 10 창원무동STX KAN2차 아파트내,경상남도 창원시 의창구 북면 무동로267번길 10,True,35.315601604672,128.579433564367,경상남도 창원시 의창구 북면 무동리 무동로267번길 10,100.0
키즈엘리스숲어린이집,경상남도 창원시 의창구 북면 동전로 179-39,경상남도 창원시 의창구 북면 동전로 179-39,False,35.31072451049,128.595943818146,경상남도 창원시 의창구 북면 동전리 동전로 179-39,100.0
키즈힐스어린이집,경상남도 창원시 의창구 북면 동전로 86 감계힐스테이트 1차 내,경상남도 창원시 의창구 북면 동전로 86,True,35.303553498957,128.596357884163,경상남도 창원시 의창구 북면 감계리 동전로 86,100.0
푸르지오어린이집,경상남도 창원시 의창구 북면 감계로 221 (감계푸르지오아파트 관리동),경상남도 창원시 의창구 북면 감계로 221,True,35.301032599668,128.585989553754,경상남도 창원시 의창구 북면 감계리 감계로 221,100.0
휴먼빌어린이집,경상남도 창원시 의창구 북면 감계로 297 감계지구 휴먼빌아파트 내,경상남도 창원시 의창구 북면 감계로 297,True,35.303173044372,128.594853919276,경상남도 창원시 의창구 북면 감계리 감계로 297,100.0
힐스뜰어린이집,경상남도 창원시 의창구 북면 감계로 259 창원감계힐스테이트 3차 관리동,경상남도 창원시 의창구 북면 감계로 259,True,35.302559237602,128.589610033012,경상남도 창원시 의창구 북면 감계리 감계로 259,100.0
힐스아이어린이집,경상남도 창원시 의창구 북면 감계로 341 관리동 (창원 감계 힐스테이트 2차),경상남도 창원시 의창구 북면 감계로 341,True,35.303561671313,128.598832138162,경상남도 창원시 의창구 북면 감계리 감계로 341,100.0
꼬마숲어린이집,경상남도 창원시 의창구 북면 감계로 259 303동 101호(감계힐스테이트3차),경상남도 창원시 의창구 북면 감계로 259,True,35.302559237602,128.589610033012,경상남도 창원시 의창구 북면 감계리 감계로 259,100.0
꿈땅어린이집,경상남도 창원시 의창구 북면 동전로 86 110동 101호(창원감계지구힐스테이트1차),경상남도 창원시 의창구 북면 동전로 86,True,35.303553498957,128.596357884163,경상남도 창원시 의창구 북면 감계리 동전로 86,100.0
다인어린이집,경상남도 창원시 의창구 북면 동전로 86 111동 102호(창원감계지구힐스테이트1차),경상남도 창원시 의창구 북면 동전로 86,True,35.303553498957,128.596357884163,경상남도 창원시 의창구 북면 감계리 동전로 86,100.0
다하어린이집,경상남도 창원시 의창구 북면 감계로 233 창원감계힐스테이트 4차 405동 103호,경상남도 창원시 의창구 북면 감계로 233,True,35.30232307748,128.585125295718,경상남도 창원시 의창구 북면 감계리 감계로 233,100.0
라니어린이집,경상남도 창원시 의창구 북면 감계로 277 105동 103호(창원감계아내에코프리미엄),경상남도 창원시 의창구 북면 감계로 277,True,35.302593016672,128.591121876888,경상남도 창원시 의창구 북면 감계리 감계로 277,100.0
라별어린이집,경상남도 창원시 의창구 북면 감계로 341 힐스테이트2차 210동 104호,경상남도 창원시 의창구 북면 감계로 341,True,35.303561671313,128.598832138162,경상남도 창원시 의창구 북면 감계리 감계로 341,100.0
무동아이별어린이집,경상남도 창원시 의창구 북면 무동로226번길 19 301동 102호(무동지구휴먼빌3차아파트),경상남도 창원시 의창구 북면 무동로226번길 19,True,35.317873016613,128.584183337439,경상남도 창원시 의창구 북면 무동리 무동로226번길 19,100.0
무지개꼬마숲어린이집,경상남도 창원시 의창구 북면 감계로 297 105동 103호(창원감계지구휴먼빌아파트),경상남도 창원시 의창구 북면 감계로 297,True,35.303173044372,128.594853919276,경상남도 창원시 의창구 북면 감계리 감계로 297,100.0
별하어린이집,경상남도 창원시 의창구 북면 감계로 341 힐스테이트2차 204동 101호,경상남도 창원시 의창구 북면 감계로 341,True,35.303561671313,128.598832138162,경상남도 창원시 의창구 북면 감계리 감계로 341,100.0
아가별꽃어린이집,경상남도 창원시 의창구 감계로 277 109동 104호(창원감계아내에코프리미엄),경상남도 창원시 의창구 감계로 277,True,35.302593016672,128.591121876888,경상남도 창원시 의창구 북면 감계리 감계로 277,100.0
아이꽃어린이집,경상남도 창원시 의창구 북면 동곡로 35 205동 104호(창원무동지구휴멀빌아파트2단지),경상남도 창원시 의창구 북면 동곡로 35,True,35.320470442679,128.582769645649,경상남도 창원시 의창구 북면 무동리 동곡로 35,100.0
재미난어린이집,경상남도 창원시 의창구 북면 감계로 341 힐스테이트2차 209동 101호,경상남도 창원시 의창구 북면 감계로 341,True,35.303561671313,128.598832138162,경상남도 창원시 의창구 북면 감계리 감계로 341,100.0
행복한어린이집,경상남도 창원시 의창구 북면 온천로 528,경상남도 창원시 의창구 북면 온천로 528,False,35.359073842577,128.577991122649,경상남도 창원시 의창구 북면 상천리 온천로 528,100.0
힐스도담어린이집,경상남도 창원시 의창구 북면 감계로 233 창원감계힐스테이트 4차 404동 103호,경상남도 창원시 의창구 북면 감계로 233,True,35.30232307748,128.585125295718,경상남도 창원시 의창구 북면 감계리 감계로 233,100.0
창원시립 유니시티1단지어린이집,"경상남도 창원시 의창구 중동로 34 (중동,창원중동유니시티1단지)",경상남도 창원시 의창구 중동로 34,True,35.252901658068,128.623332022048,경상남도 창원시 의창구 중동 중동로 34,100.0
창원시립 유니시티2단지어린이집,"경상남도 창원시 의창구 중동로 33 (중동, 창원중동유니시티2단지)",경상남도 창원시 의창구 중동로 33,True,35.257150025692,128.626699786925,경상남도 창원시 의창구 중동 중동로 33,100.0
창원시립 유니시티3단지어린이집,"경상남도 창원시 의창구 중동로 77 ,302동(중동,창원중동유니시티3단지)",경상남도 창원시 의창구 중동로 77,True,35.257472016503,128.630896438207,경상남도 창원시 의창구 중동 중동로 77,100.0
창원시립 유니시티4단지어린이집,"경상남도 창원시 의창구 중동로 78 403동(중동, 창원중동유니시티4단지)",경상남도 창원시 의창구 중동로 78,True,35.254710472773,128.63102686062,경상남도 창원시 의창구 중동 중동로 78,100.0
창원시립 의안어린이집,경상남도 창원시 의창구 중동남로 8 창원시립의안어린이집,경상남도 창원시 의창구 중동남로 8,True,35.253252440716,128.621126659504,경상남도 창원시 의창구 중동 중동남로 8,100.0
다숲어린이집,경상남도 창원시 의창구 팔용로 512 대동다숲아파트 복리동 1층 (서상동),경상남도 창원시 의창구 팔용로 512,True,35.260706551029,128.620131559959,경상남도 창원시 의창구 서상동 팔용로 512,100.0
소답어린이집,"경상남도 창원시 의창구 의안로56번길 20 국도아트빌상가 101, 102호 (소답동)",경상남도 창원시 의창구 의안로56번길 20,True,35.266453267665,128.626085477241,경상남도 창원시 의창구 소답동 의안로56번길 20,100.0
오즈놀이스쿨어린이집,경상남도 창원시 의창구 의안로59번길 22 (북동),경상남도 창원시 의창구 의안로59번길 22,True,35.267070469105,128.621549275062,경상남도 창원시 의창구 북동 의안로59번길 22,100.0
창원어린이집,경상남도 창원시 의창구  의안로59번길 6 (소답동) 1층,경상남도 창원시 의창구 의안로59번길 6,True,35.267724886196,128.623503934882,경상남도 창원시 의창구 소답동 의안로59번길 6,100.0
코끼리영재어린이집,경상남도 창원시 의창구 의안로44번길 27-2,경상남도 창원시 의창구 의안로44번길 27-2,False,35.26581138152,128.627183590376,경상남도 창원시 의창구 소답동 의안로44번길 27-2,100.0
큰별예나어린이집,경상남도 창원시 의창구 의안로32번길 7 1층 (소답동),경상남도 창원시 의창구 의안로32번길 7,True,35.264582594514,128.624665499024,경상남도 창원시 의창구 소답동 의안로32번길 7,100.0
아이도담어린이집,경상남도 창원시 의창구 의안로27번길 2 에이스빌라 101호 (중동),경상남도 창원시 의창구 의안로27번길 2,True,35.264068658121,128.623660927929,경상남도 창원시 의창구 중동 의안로27번길 2,100.0
행복어린이집,경상남도 창원시 의창구 금강로379번길 49-6,경상남도 창원시 의창구 금강로379번길 49-6,False,35.260759943752,128.598416395764,경상남도 창원시 의창구 소계동 금강로379번길 49-6,100.0
창원시립 힐스아티움어린이집,"경상남도 창원시 의창구 창원대로397번길 11 103동 1층(팔용동,힐스테이트 아티움시티)",경상남도 창원시 의창구 창원대로397번길 11,True,35.23545799555,128.641481440813,경상남도 창원시 의창구 팔용동 창원대로397번길 11,100.0
세계어린이집,경상남도 창원시 의창구 남산로9번길 45 (팔용동),경상남도 창원시 의창구 남산로9번길 45,True,35.261243034741,128.615741035256,경상남도 창원시 의창구 팔용동 남산로9번길 45,100.0
보광어린이집,경상남도 창원시 의창구 의창대로180번길 5 (팔용동) 198-4,경상남도 창원시 의창구 의창대로180번길 5,True,35.260957547119,128.617570469443,경상남도 창원시 의창구 팔용동 의창대로180번길 5,100.0
예명산새소리어린이집,경상남도 창원시 의창구 반계로 101 대동중앙아파트 복지관 2층,경상남도 창원시 의창구 반계로 101,True,35.256109244775,128.616073210079,경상남도 창원시 의창구 팔용동 반계로 101,100.0
큰한샘어린이집,경상남도 창원시 의창구 의창대로116번길 21-3,경상남도 창원시 의창구 의창대로116번길 21-3,False,35.259611958293,128.613181369665,경상남도 창원시 의창구 팔용동 의창대로116번길 21-3,100.0
한샘어린이집,"경상남도 창원시 의창구 남산로 20 310동 1층(팔용동, 원풍벽산아파트)",경상남도 창원시 의창구 남산로 20,True,35.258565310044,128.612829162093,경상남도 창원시 의창구 팔용동 남산로 20,100.0
햇님어린이집,경상남도 창원시 의창구 남산로9번길 32-1,경상남도 창원시 의창구 남산로9번길 32-1,False,35.261041743337,128.614424070629,경상남도 창원시 의창구 팔용동 남산로9번길 32-1,100.0
꼬망쎄어린이집,"경상남도 창원시 의창구 반계로 104-8 107동 102호(팔용동, 원풍벽산아파트)",경상남도 창원시 의창구 반계로 104-8,True,35.252627150739,128.618195675601,경상남도 창원시 의창구 팔용동 반계로 104-8,100.0
꿈나래어린이집,"경상남도 창원시 의창구 반계로 104-8 107동 103호(팔용동, 원풍벽산아파트)",경상남도 창원시 의창구 반계로 104-8,True,35.252627150739,128.618195675601,경상남도 창원시 의창구 팔용동 반계로 104-8,100.0
꿈쟁이어린이집,"경상남도 창원시 의창구 팔용로 446 106동 107호(팔용동, 극동아파트)",경상남도 창원시 의창구 팔용로 446,True,35.255073954004,128.613697946357,경상남도 창원시 의창구 팔용동 팔용로 446,100.0
누리천사어린이집,"경상남도 창원시 의창구 팔용로 446 101동 108호(팔용동,극동아파트)",경상남도 창원시 의창구 팔용로 446,True,35.255073954004,128.613697946357,경상남도 창원시 의창구 팔용동 팔용로 446,100.0
동화어린이집,경상남도 창원시 의창구 반계로 104-21 104동 105호(팔용동),경상남도 창원시 의창구 반계로 104-21,True,35.254101359869,128.618705882048,경상남도 창원시 의창구 팔용동 반계로 104-21,100.0
배꼽또래어린이집,경상남도 창원시 의창구 반계로 104-8 106동 103호(벽산블루밍아파트B단지),경상남도 창원시 의창구 반계로 104-8,True,35.252627150739,128.618195675601,경상남도 창원시 의창구 팔용동 반계로 104-8,100.0
벽산어린이집,"경상남도 창원시 의창구 반계로 98 109동 102호(팔용동, 원풍벽산아파트)",경상남도 창원시 의창구 반계로 98,True,35.253722623574,128.616484761525,경상남도 창원시 의창구 팔용동 반계로 98,100.0
새하얀어린이집,"경상남도 창원시 의창구 반계로 110 205동 102호(팔용동, 벽산블루밍아파트A단지)",경상남도 창원시 의창구 반계로 110,True,35.254706198003,128.617297387038,경상남도 창원시 의창구 팔용동 반계로 110,100.0
큰자람어린이집,"경상남도 창원시 의창구 반계로 98 117동 102호(팔용동, 원풍벽산아파트)",경상남도 창원시 의창구 반계로 98,True,35.253722623574,128.616484761525,경상남도 창원시 의창구 팔용동 반계로 98,100.0
키콕스 꿈드림 어린이집,경상남도 창원시 의창구 차룡로48번길 62,경상남도 창원시 의창구 차룡로48번길 62,False,35.240378130805,128.633168855977,경상남도 창원시 의창구 팔용동 차룡로48번길 62,100.0
창원시립 가음꿈에그린어린이집,경상남도 창원시 성산구 원이대로878번길 9 창원가음꿈에그린아파트 관리동,경상남도 창원시 성산구 원이대로878번길 9,True,35.207658826936,128.692033369416,경상남도 창원시 성산구 가음동 원이대로878번길 9,100.0
창원시립 가음더샵어린이집,경상남도 창원시 성산구 원이대로863번길 19 더샵센터럴파크2단지아파트 관리동,경상남도 창원시 성산구 원이대로863번길 19,True,35.208267562654,128.69855591501,경상남도 창원시 성산구 가음동 원이대로863번길 19,100.0
창원시립 가음어린이집,경상남도 창원시 성산구 가양로56번길 18,경상남도 창원시 성산구 가양로56번길 18,False,35.205717159065,128.701809266909,경상남도 창원시 성산구 가음동 가양로56번길 18,100.0
창원시립 센텀푸르지오어린이집,"경상남도 창원시 성산구 가음정로 59 (가음동, 창원센텀푸르지오아파트)",경상남도 창원시 성산구 가음정로 59,True,35.20974214897,128.689630445414,경상남도 창원시 성산구 가음동 가음정로 59,100.0
창원시립 조은어린이집,경상남도 창원시 성산구 대정로 100 개나리3차아파트 복리동 1층,경상남도 창원시 성산구 대정로 100,True,35.210453521093,128.702905787482,경상남도 창원시 성산구 남양동 대정로 100,100.0
창원시립 창원YWCA어린이집,경상남도 창원시 성산구 대정로20번길 11 1층,경상남도 창원시 성산구 대정로20번길 11,True,35.206156454611,128.699125884426,경상남도 창원시 성산구 가음동 대정로20번길 11,100.0
근로복지공단 창원어린이집,경상남도 창원시 성산구 대암로 32-15,경상남도 창원시 성산구 대암로 32-15,False,35.213395946293,128.700556256203,경상남도 창원시 성산구 남양동 대암로 32-15,100.0
더샵늘푸른어린이집,경상남도 창원시 성산구 원이대로863번길 7 더샵센트럴파크3단지아파트 관리동,경상남도 창원시 성산구 원이대로863번길 7,True,35.210739302081,128.697183294546,경상남도 창원시 성산구 가음동 원이대로863번길 7,100.0
더샵어린이집,경상남도 창원시 성산구 대정로40번길 7 창원더샵센트럴파크 1단지 관리동,경상남도 창원시 성산구 대정로40번길 7,True,35.207720559653,128.699466273514,경상남도 창원시 성산구 가음동 대정로40번길 7,100.0
솔라어린이집,경상남도 창원시 성산구 대정로 99 성원2차아파트 관리동 2층,경상남도 창원시 성산구 대정로 99,True,35.211748692771,128.703109300091,경상남도 창원시 성산구 남양동 대정로 99,100.0
하늘빛어린이집,경상남도 창원시 성산구 가양로 97 개나리4차 복지동2층,경상남도 창원시 성산구 가양로 97,True,35.209181106281,128.703818995833,경상남도 창원시 성산구 남양동 가양로 97,100.0
동화속어린이집,"경상남도 창원시 성산구 대정로 73 109동 103호(남양동, 성원1차아파트)",경상남도 창원시 성산구 대정로 73,True,35.211865452683,128.700707801013,경상남도 창원시 성산구 남양동 대정로 73,100.0
맑은숲어린이집,"경상남도 창원시 성산구 대정로 84 204동 102호(남양동,피오르빌아파트)",경상남도 창원시 성산구 대정로 84,True,35.209865237218,128.700827326952,경상남도 창원시 성산구 남양동 대정로 84,100.0
아기별어린이집,"경상남도 창원시 성산구 대정로 73 111동 105호(남양동, 성원1차아파트)",경상남도 창원시 성산구 대정로 73,True,35.211865452683,128.700707801013,경상남도 창원시 성산구 남양동 대정로 73,100.0
아이마중어린이집,경상남도 창원시 성산구 가양로34번길 9-5,경상남도 창원시 성산구 가양로34번길 9-5,False,35.205017437788,128.699936414463,경상남도 창원시 성산구 가음동 가양로34번길 9-5,100.0
여우오줌어린이집,"경상남도 창원시 성산구 대암로 56-1 6동 104호(남양동, 롯데아파트)",경상남도 창원시 성산구 대암로 56-1,True,35.214197759151,128.702512508585,경상남도 창원시 성산구 남양동 대암로 56-1,100.0
존조리어린이집,"경상남도 창원시 성산구 대암로 60 6동 103호(남양동, 상남동성아파트)",경상남도 창원시 성산구 대암로 60,True,35.21460034196,128.702946020618,경상남도 창원시 성산구 남양동 대암로 60,100.0
창원코알라어린이집,경상남도 창원시 성산구 원이대로883번길 6 6동 105호,경상남도 창원시 성산구 원이대로883번길 6,True,35.207221207771,128.693997752245,경상남도 창원시 성산구 가음동 원이대로883번길 6,100.0
청솔어린이집,"경상남도 창원시 성산구 대정로 73 102동 101호(남양동, 성원1차아파트)",경상남도 창원시 성산구 대정로 73,True,35.211865452683,128.700707801013,경상남도 창원시 성산구 남양동 대정로 73,100.0
토마토어린이집,"경상남도 창원시 성산구 대정로 99 205동 102호(남양동, 성원2차아파트)",경상남도 창원시 성산구 대정로 99,True,35.211748692771,128.703109300091,경상남도 창원시 성산구 남양동 대정로 99,100.0
팝콘어린이집,"경상남도 창원시 성산구 대암로 64 3동 106호 (남양동,상남동성아파트)",경상남도 창원시 성산구 대암로 64,True,35.214834197059,128.703584470182,경상남도 창원시 성산구 남양동 대암로 64,100.0
LG전자창원어린이집,경상남도 창원시 성산구 성산패총로178번길 6 (가음정동),경상남도 창원시 성산구 성산패총로178번길 6,True,35.208816116307,128.684186986035,경상남도 창원시 성산구 가음정동 성산패총로178번길 6,100.0
창원시립 반송어린이집,경상남도 창원시 성산구 원이대로473번길 19-14 창원시립반송어린이집(14-1번지),경상남도 창원시 성산구 원이대로473번길 19-14,True,35.235829816775,128.669543046816,경상남도 창원시 성산구 반림동 원이대로473번길 19-14,100.0
노블파크어린이집,경상남도 창원시 성산구 반송로 106 노블파크아파트내 복지동,경상남도 창원시 성산구 반송로 106,True,35.237850400264,128.667392669556,경상남도 창원시 성산구 반림동 반송로 106,100.0
에덴어린이집,경상남도 창원시 성산구 외동반림로 245 (반림동),경상남도 창원시 성산구 외동반림로 245,True,35.239214303549,128.679175027031,경상남도 창원시 성산구 반림동 외동반림로 245,100.0
트리비앙 미소어린이집,경상남도 창원시 성산구 원이대로 495 트리비앙아파트 복리동 1층 (반림동),경상남도 창원시 성산구 원이대로 495,True,35.234432721154,128.67287468569,경상남도 창원시 성산구 반림동 원이대로 495,100.0
럭키해뜰어린이집,"경상남도 창원시 성산구 반송로 105 8동 106호(반림동, 럭키반림3차아파트)",경상남도 창원시 성산구 반송로 105,True,35.239044989105,128.66917047122,경상남도 창원시 성산구 반림동 반송로 105,100.0
루리어린이집,"경상남도 창원시 성산구 원이대로 495 215동 101호(반림동, 트리비앙아파트)",경상남도 창원시 성산구 원이대로 495,True,35.234432721154,128.67287468569,경상남도 창원시 성산구 반림동 원이대로 495,100.0
민트어린이집,"경상남도 창원시 성산구 원이대로 449 122동 101호(반림동, 노블파크아파트)",경상남도 창원시 성산구 원이대로 449,True,35.236853959615,128.66753256352,경상남도 창원시 성산구 반림동 원이대로 449,100.0
새새순어린이집,경상남도 창원시 성산구 반지로 74,경상남도 창원시 성산구 반지로 74,False,35.242893037034,128.664884301212,경상남도 창원시 성산구 반지동 반지로 74,100.0
소담어린이집,"경상남도 창원시 성산구 창원천로 292 101동 104호(반지동, 반송대동그린파크2차아파트)",경상남도 창원시 성산구 창원천로 292,True,35.244338831512,128.671696776837,경상남도 창원시 성산구 반지동 창원천로 292,100.0
슬기어린이집,"경상남도 창원시 성산구 반송로 105 16동 101호(반림동, 럭키반림3차아파트)",경상남도 창원시 성산구 반송로 105,True,35.239044989105,128.66917047122,경상남도 창원시 성산구 반림동 반송로 105,100.0
아이뽀어린이집,"경상남도 창원시 성산구 원이대로 449 125동 107호(반림동, 노블파크아파트)",경상남도 창원시 성산구 원이대로 449,True,35.236853959615,128.66753256352,경상남도 창원시 성산구 반림동 원이대로 449,100.0
아이친구어린이집,"경상남도 창원시 성산구 외동반림로 219 101동 104호(반림동, 현대4차아파트)",경상남도 창원시 성산구 외동반림로 219,True,35.238456998597,128.675942462252,경상남도 창원시 성산구 반림동 외동반림로 219,100.0
예랑어린이집,"경상남도 창원시 성산구 원이대로 495 226동 102호(반림동, 트리비앙아파트)",경상남도 창원시 성산구 원이대로 495,True,35.234432721154,128.67287468569,경상남도 창원시 성산구 반림동 원이대로 495,100.0
웃는아이어린이집,"경상남도 창원시 성산구 원이대로 495 206동 101호(반림동, 트리비앙아파트)",경상남도 창원시 성산구 원이대로 495,True,35.234432721154,128.67287468569,경상남도 창원시 성산구 반림동 원이대로 495,100.0
작은별어린이집,경상남도 창원시 성산구 충혼로175번길 11-1,경상남도 창원시 성산구 충혼로175번길 11-1,False,35.24022361042,128.664461266559,경상남도 창원시 성산구 반지동 충혼로175번길 11-1,100.0
좋은어린이집,"경상남도 창원시 성산구 창원천로 288 110동 103호(반지동, 반송대동그린파크2차아파트)",경상남도 창원시 성산구 창원천로 288,True,35.245276347383,128.669757874994,경상남도 창원시 성산구 반지동 창원천로 288,100.0
참빛어린이집,"경상남도 창원시 성산구 반송로 159 204동 101호(반림동, 현대2차아파트)",경상남도 창원시 성산구 반송로 159,True,35.238051691669,128.673859391675,경상남도 창원시 성산구 반림동 반송로 159,100.0
트리키즈어린이집,"경상남도 창원시 성산구 원이대로 495 210동 103호(반림동, 트리비앙아파트)",경상남도 창원시 성산구 원이대로 495,True,35.234432721154,128.67287468569,경상남도 창원시 성산구 반림동 원이대로 495,100.0
푸른초장 어린이집,"경상남도 창원시 성산구 반송로 177 201동 102호(반림동, 현대2차아파트)",경상남도 창원시 성산구 반송로 177,True,35.236903957667,128.674944345222,경상남도 창원시 성산구 반림동 반송로 177,100.0
하나둘셋어린이집,"경상남도 창원시 성산구 원이대로 449 123동 106호(반림동, 노블파크아파트)",경상남도 창원시 성산구 원이대로 449,True,35.236853959615,128.66753256352,경상남도 창원시 성산구 반림동 원이대로 449,100.0
해솔어린이집,경상남도 창원시 성산구 창원천로144번길 14-1,경상남도 창원시 성산구 창원천로144번길 14-1,False,35.241655490939,128.655877191879,경상남도 창원시 성산구 반지동 창원천로144번길 14-1,100.0
햇살가득어린이집,경상남도 창원시 성산구 반송로 105 13동 103호,경상남도 창원시 성산구 반송로 105,True,35.239044989105,128.66917047122,경상남도 창원시 성산구 반림동 반송로 105,100.0
차일드-케어센터 희연병원 직장어린이집,"경상남도 창원시 성산구 원이대로393번길 25 1층 1002호(반지동,희연빌딩)",경상남도 창원시 성산구 원이대로393번길 25,True,35.23996041866,128.662559664185,경상남도 창원시 성산구 반지동 원이대로393번길 25,100.0
창원시립 대방어린이집,경상남도 창원시 성산구 대암로 272 창원시립대방어린이집,경상남도 창원시 성산구 대암로 272,True,35.204136374036,128.70985396612,경상남도 창원시 성산구 대방동 대암로 272,100.0
창원시립 성산반도유보라어린이집,"경상남도 창원시 성산구 비음로 191 관리동(사파정동,성산반도유보라 아이비파크)",경상남도 창원시 성산구 비음로 191,True,35.218123088227,128.709659505966,경상남도 창원시 성산구 사파정동 비음로 191,100.0
상록어린이집,경상남도 창원시 성산구 동산로206번길 18 (사파동),경상남도 창원시 성산구 동산로206번길 18,True,35.223987989698,128.698114021075,경상남도 창원시 성산구 사파동 동산로206번길 18,100.0
그린숲어린이집,"경상남도 창원시 성산구 창이대로881번길 8 203동 1층(대방동, 대동디지털황토방1차아파트)",경상남도 창원시 성산구 창이대로881번길 8,True,35.207092000734,128.709918255317,경상남도 창원시 성산구 대방동 창이대로881번길 8,100.0
대동몬테소리어린이집,경상남도 창원시 성산구 대정로 142 대동 A  사회복지동 1층 대동 몬테소리 어린이집,경상남도 창원시 성산구 대정로 142,True,35.212143480411,128.709346190425,경상남도 창원시 성산구 대방동 대정로 142,100.0
대방신비어린이집,경상남도 창원시 성산구 대암로 82 성원3차아파트 관리동,경상남도 창원시 성산구 대암로 82,True,35.215087162897,128.707104869516,경상남도 창원시 성산구 대방동 대암로 82,100.0
덕산이든어린이집,경상남도 창원시 성산구 대정로 131 대방동 덕산1차아파트 복리관 2층,경상남도 창원시 성산구 대정로 131,True,35.212803848653,128.706803875373,경상남도 창원시 성산구 대방동 대정로 131,100.0
동성피노키오어린이집,경상남도 창원시 성산구 창이대로 737 동성아파트 복리관 1층 동성피노키오 어린이집,경상남도 창원시 성산구 창이대로 737,True,35.219897956224,128.703887978896,경상남도 창원시 성산구 사파동 창이대로 737,100.0
아이꿈어린이집,경상남도 창원시 성산구 대암로 282 대방동 동성아파트 복리동,경상남도 창원시 성산구 대암로 282,True,35.204089561107,128.706949301393,경상남도 창원시 성산구 대방동 대암로 282,100.0
킨더하임어린이집,경상남도 창원시 성산구 대암로 256 대방그린빌 복리동 1층,경상남도 창원시 성산구 대암로 256,True,35.205093671198,128.711339826096,경상남도 창원시 성산구 대방동 대암로 256,100.0
하늘날다어린이집,경상남도 창원시 성산구 대정로 149 개나리1차아파트 관리동,경상남도 창원시 성산구 대정로 149,True,35.21310622581,128.708340445863,경상남도 창원시 성산구 대방동 대정로 149,100.0
행복어린이집,경상남도 창원시 성산구 창이대로881번길 17 103동복리동 대방 대동황토방1차아파트,경상남도 창원시 성산구 창이대로881번길 17,True,35.207427779775,128.708700783881,경상남도 창원시 성산구 대방동 창이대로881번길 17,100.0
동성나라어린이집,"경상남도 창원시 성산구 창이대로 733 109동 101호(사파동, 사파동성아파트)",경상남도 창원시 성산구 창이대로 733,True,35.219476681771,128.702188464209,경상남도 창원시 성산구 사파동 창이대로 733,100.0
디딤돌어린이집,"경상남도 창원시 성산구 대암로 80 303동 103호(대방동, 성원남산3차아파트)",경상남도 창원시 성산구 대암로 80,True,35.214999949194,128.705299826667,경상남도 창원시 성산구 대방동 대암로 80,100.0
라라어린이집,"경상남도 창원시 성산구 동산로 148 8동 106호(사파동, 동양무궁화임대아파트)",경상남도 창원시 성산구 동산로 148,True,35.220439888174,128.693980569343,경상남도 창원시 성산구 사파동 동산로 148,100.0
시온어린이집,"경상남도 창원시 성산구 대정로 131 106동 101호(대방동, 대방덕산타운1차아파트)",경상남도 창원시 성산구 대정로 131,True,35.212803848653,128.706803875373,경상남도 창원시 성산구 대방동 대정로 131,100.0
코코몽어린이집,"경상남도 창원시 성산구 창이대로 737 110동 101호(사파동, 사파동성아파트)",경상남도 창원시 성산구 창이대로 737,True,35.219897956224,128.703887978896,경상남도 창원시 성산구 사파동 창이대로 737,100.0
텔레토비어린이집,"경상남도 창원시 성산구 창이대로 733 112동 102호(사파동, 사파동성아파트)",경상남도 창원시 성산구 창이대로 733,True,35.219476681771,128.702188464209,경상남도 창원시 성산구 사파동 창이대로 733,100.0
황금똥 어린이집,"경상남도 창원시 성산구 대정로 142 108동 108호(대방동, 대방대동아파트)",경상남도 창원시 성산구 대정로 142,True,35.212143480411,128.709346190425,경상남도 창원시 성산구 대방동 대정로 142,100.0
경남경찰청어린이집,경상남도 창원시 성산구 비음로55번길 18-21,경상남도 창원시 성산구 비음로55번길 18-21,False,35.228472684182,128.702520232946,경상남도 창원시 성산구 사파동 비음로55번길 18,99.05
창원법원어린이집,경상남도 창원시 성산구 창이대로 681 창원법원어린이집,경상남도 창원시 성산구 창이대로 681,True,35.224199968029,128.70089245434,경상남도 창원시 성산구 사파동 창이대로 681,100.0
창원시립 상남어린이집,경상남도 창원시 성산구 마디미로73번길 14,경상남도 창원시 성산구 마디미로73번길 14,False,35.218704834217,128.682683607881,경상남도 창원시 성산구 상남동 마디미로73번길 14,100.0
꿈이룸어린이집,경상남도 창원시 성산구 원이대로 774 성원아파트 3단지관리동 1층,경상남도 창원시 성산구 원이대로 774,True,35.216025014043,128.693044310758,경상남도 창원시 성산구 상남동 원이대로 774,100.0
보아라어린이집,"경상남도 창원시 성산구 원이대로 774 (상남동, 성원아파트2단지 관리동 1층)",경상남도 창원시 성산구 원이대로 774,True,35.216025014043,128.693044310758,경상남도 창원시 성산구 상남동 원이대로 774,100.0
세아어린이집,경상남도 창원시 성산구 원이대로 774 성원아파트 5단지 복지동,경상남도 창원시 성산구 원이대로 774,True,35.216025014043,128.693044310758,경상남도 창원시 성산구 상남동 원이대로 774,100.0
호크마어린이집,경상남도 창원시 성산구 동산로 115 대동아파트 116동 탁아상가 C호,경상남도 창원시 성산구 동산로 115,True,35.218470308566,128.686641710199,경상남도 창원시 성산구 상남동 동산로 115,100.0
대동색동어린이집,"경상남도 창원시 성산구 동산로 115 105동 104호(상남동, 대동1차아파트)",경상남도 창원시 성산구 동산로 115,True,35.218470308566,128.686641710199,경상남도 창원시 성산구 상남동 동산로 115,100.0
대동피노키오어린이집,"경상남도 창원시 성산구 동산로 115 110동 102호(상남동, 대동1차아파트)",경상남도 창원시 성산구 동산로 115,True,35.218470308566,128.686641710199,경상남도 창원시 성산구 상남동 동산로 115,100.0
목화어린이집,"경상남도 창원시 성산구 동산로 115 111동 1층(상남동, 대동1차아파트)",경상남도 창원시 성산구 동산로 115,True,35.218470308566,128.686641710199,경상남도 창원시 성산구 상남동 동산로 115,100.0
봄봄어린이집,"경상남도 창원시 성산구 원이대로 774 108동 101호(상남동, 성원3차아파트)",경상남도 창원시 성산구 원이대로 774,True,35.216025014043,128.693044310758,경상남도 창원시 성산구 상남동 원이대로 774,100.0
새하늘어린이집,"경상남도 창원시 성산구 동산로 115 104동 102호(상남동, 대동1차아파트)",경상남도 창원시 성산구 동산로 115,True,35.218470308566,128.686641710199,경상남도 창원시 성산구 상남동 동산로 115,100.0
성원동화나라어린이집,"경상남도 창원시 성산구 원이대로 774 307동 104호(상남동, 성원3차아파트)",경상남도 창원시 성산구 원이대로 774,True,35.216025014043,128.693044310758,경상남도 창원시 성산구 상남동 원이대로 774,100.0
성원포동이어린이집,"경상남도 창원시 성산구 원이대로 774 105동 102호(상남동, 성원아파트)",경상남도 창원시 성산구 원이대로 774,True,35.216025014043,128.693044310758,경상남도 창원시 성산구 상남동 원이대로 774,100.0
애기똥풀어린이집,"경상남도 창원시 성산구 원이대로 774 303동 105호(상남동, 성원3차아파트)",경상남도 창원시 성산구 원이대로 774,True,35.216025014043,128.693044310758,경상남도 창원시 성산구 상남동 원이대로 774,100.0
크는나무어린이집,경상남도 창원시 성산구 동산로 115 113동 106호(대동1차아파트),경상남도 창원시 성산구 동산로 115,True,35.218470308566,128.686641710199,경상남도 창원시 성산구 상남동 동산로 115,100.0
한마음꿈나무어린이집,경상남도 창원시 성산구 동산로 115 대동아동아파트 112동 105호,경상남도 창원시 성산구 동산로 115,True,35.218470308566,128.686641710199,경상남도 창원시 성산구 상남동 동산로 115,100.0
창원시립 남산어린이집,경상남도 창원시 성산구 삼정자로 110,경상남도 창원시 성산구 삼정자로 110,False,35.196821780501,128.716378271913,경상남도 창원시 성산구 성주동 삼정자로 110,100.0
성주어린이집,경상남도 창원시 성산구 안민안길11번길 13 성주어린이집 (안민동),경상남도 창원시 성산구 안민안길11번길 13,True,35.186744469771,128.690003104829,경상남도 창원시 성산구 안민동 안민안길11번길 13,100.0
한사랑어린이집,경상남도 창원시 성산구 안민안길24번길 8 (안민동),경상남도 창원시 성산구 안민안길24번길 8,True,35.186369086237,128.692243503729,경상남도 창원시 성산구 안민동 안민안길24번길 8,100.0
꽃담어린이집,경상남도 창원시 성산구 대암로 253 프리빌리지 아파트 복리동,경상남도 창원시 성산구 대암로 253,True,35.202656800487,128.711204542178,경상남도 창원시 성산구 성주동 대암로 253,100.0
대동청솔어린이집,"경상남도 창원시 성산구 안민로101번길 29 107동(안민동, 안민청솔마을대동아파트)",경상남도 창원시 성산구 안민로101번길 29,True,35.187972292857,128.68969833883,경상남도 창원시 성산구 안민동 안민로101번길 29,100.0
대동한솔어린이집,경상남도 창원시 성산구 안민로 161 한솔마을대동아파트,경상남도 창원시 성산구 안민로 161,True,35.185308733576,128.691701781327,경상남도 창원시 성산구 안민동 안민로 161,100.0
사랑가득 안민어린이집,경상남도 창원시 성산구 안민안길 34 (안민동),경상남도 창원시 성산구 안민안길 34,True,35.187236780854,128.692688331331,경상남도 창원시 성산구 안민동 안민안길 34,100.0
삼정그린코아 별숲어린이집,경상남도 창원시 성산구 안민로 110 107동 1층,경상남도 창원시 성산구 안민로 110,True,35.18531271498,128.687292481161,경상남도 창원시 성산구 안민동 안민로 110,100.0
아이누리어린이집,경상남도 창원시 성산구 창원대로1209번길 22  성주동 프리빌리지2차아파트 211동복지동,경상남도 창원시 성산구 창원대로1209번길 22,True,35.195212161725,128.717119902706,경상남도 창원시 성산구 성주동 창원대로1209번길 22,100.0
이레어린이집,경상남도 창원시 성산구 삼정자로 79 유니온빌리지 관리동 1층 이레어린이집,경상남도 창원시 성산구 삼정자로 79,True,35.200385137089,128.714044247155,경상남도 창원시 성산구 성주동 삼정자로 79,100.0
푸르지오예은어린이집,경상남도 창원시 성산구 외리로34번길 13 한림푸리지오아파트 복지동 1층 예은어린이집,경상남도 창원시 성산구 외리로34번길 13,True,35.201539367066,128.708580755027,경상남도 창원시 성산구 성주동 외리로34번길 13,100.0
효성꿈송이어린이집,경상남도 창원시 성산구 삼정자로 78 효성해링턴코트아파트 보육시설동,경상남도 창원시 성산구 삼정자로 78,True,35.196740434131,128.715308405792,경상남도 창원시 성산구 성주동 삼정자로 78,100.0
대우예은어린이집,"경상남도 창원시 성산구 정동로 164 203동 109호(남산동, 대우사원2차아파트)",경상남도 창원시 성산구 정동로 164,True,35.204845944049,128.691855253974,경상남도 창원시 성산구 남산동 정동로 164,100.0
동그라미어린이집,"경상남도 창원시 성산구 안민로117번길 3 102동 101호(안민동, 동부산아이존빌)",경상남도 창원시 성산구 안민로117번길 3,True,35.186821080366,128.688741209306,경상남도 창원시 성산구 안민동 안민로117번길 3,100.0
DN솔루션즈 새싹어린이집,경상남도 창원시 성산구 창원대로1144번길 8,경상남도 창원시 성산구 창원대로1144번길 8,False,35.195483232474,128.707600407632,경상남도 창원시 성산구 성주동 창원대로1144번길 8,100.0
KERI꿈터어린이집,경상남도 창원시 성산구 불모산로10번길 10,경상남도 창원시 성산구 불모산로10번길 10,False,35.192608233075,128.718812134946,경상남도 창원시 성산구 성주동 불모산로 10,98.0
한국지엠창원어린이집,경상남도 창원시 성산구 성주로 130,경상남도 창원시 성산구 성주로 130,False,35.196467519364,128.701998362645,경상남도 창원시 성산구 성주동 성주로 130,100.0
한화창원어린이집,경상남도 창원시 성산구 정동로 84,경상남도 창원시 성산구 정동로 84,False,35.199199952828,128.68665687112,경상남도 창원시 성산구 성주동 정동로 84,100.0
현대위아어린이집,경상남도 창원시 성산구 정동로162번길 4,경상남도 창원시 성산구 정동로162번길 4,False,35.204407486694,128.691654423574,경상남도 창원시 성산구 남산동 정동로162번길 4,100.0
창원시립 신월어린이집,경상남도 창원시 성산구 신월로 46 시립신월어린이집,경상남도 창원시 성산구 신월로 46,True,35.227866547754,128.692360682735,경상남도 창원시 성산구 신월동 신월로 46,100.0
창원시립 용지어린이집,경상남도 창원시 성산구 용지로239번길 19-4 창원시립용지어린이집,경상남도 창원시 성산구 용지로239번길 19-4,True,35.236035550589,128.684509018755,경상남도 창원시 성산구 용호동 용지로239번길 19-4,100.0
레이크파크어린이집,"경상남도 창원시 성산구 외동반림로 156 키즈하우스 (용호동,용지더샵레이크파크)",경상남도 창원시 성산구 외동반림로 156,True,35.23256669996,128.674595574231,경상남도 창원시 성산구 용호동 외동반림로 156,100.0
아이파크어린이집,"경상남도 창원시 성산구 원이대로579번길 13 관리동 1층 (용호동,용지아이파크)",경상남도 창원시 성산구 원이대로579번길 13,True,35.229668531208,128.677524462658,경상남도 창원시 성산구 용호동 원이대로579번길 13,100.0
러블리키즈어린이집,"경상남도 창원시 성산구 원이대로 663 211동 108호(신월동, 은아아파트)",경상남도 창원시 성산구 원이대로 663,True,35.224707031262,128.686215993336,경상남도 창원시 성산구 신월동 원이대로 663,100.0
솔밭어린이집,경상남도 창원시 성산구 동산로185번길 23 (신월동),경상남도 창원시 성산구 동산로185번길 23,True,35.225177381758,128.692790925825,경상남도 창원시 성산구 신월동 동산로185번길 23,100.0
예쁜어린이집,경상남도 창원시 성산구 신월로20번길 19 1층(2층 단독주택중),경상남도 창원시 성산구 신월로20번길 19,True,35.228394481925,128.689647795954,경상남도 창원시 성산구 신월동 신월로20번길 19,100.0
튼튼아이어린이집,"경상남도 창원시 성산구 외동반림로 200 8동 110호(용호동, 무학아파트)",경상남도 창원시 성산구 외동반림로 200,True,35.235481087694,128.676707562374,경상남도 창원시 성산구 용호동 외동반림로 200,100.0
햇살닮은어린이집,경상남도 창원시 성산구 신사로21번길 28-14 1층,경상남도 창원시 성산구 신사로21번길 28-14,True,35.22785041259,128.690442735651,경상남도 창원시 성산구 신월동 신사로21번길 28-14,100.0
낙동강유역환경청다솜어린이집,경상남도 창원시 성산구 중앙대로250번길 5,경상남도 창원시 성산구 중앙대로250번길 5,False,35.234270154142,128.690066555836,경상남도 창원시 성산구 신월동 중앙대로250번길 5,100.0
창원시청어린이집,경상남도 창원시 성산구 중앙대로 151 창원시청 창원시청어린이집 (용호동),경상남도 창원시 성산구 중앙대로 151,True,35.228577333143,128.682387894337,경상남도 창원시 성산구 용호동 중앙대로 151,100.0
창원시립 동원꿈꾸는어린이집,"경상남도 창원시 성산구 신촌로 130 105동 103호(신촌동, 창원 신촌동원로얄듀크)",경상남도 창원시 성산구 신촌로 130,True,35.199371010624,128.627947936127,경상남도 창원시 성산구 신촌동 신촌로 130,100.0
창원시립 웅남어린이집,경상남도 창원시 성산구 봉양로 412 창원시립 웅남어린이집,경상남도 창원시 성산구 봉양로 412,True,35.206997536685,128.627586173186,경상남도 창원시 성산구 신촌동 봉양로 412,100.0
새풀잎어린이집,경상남도 창원시 성산구 신촌로134번길 43 새풀잎어린이집 (신촌동),경상남도 창원시 성산구 신촌로134번길 43,True,35.196664158812,128.624304825731,경상남도 창원시 성산구 신촌동 신촌로134번길 43,100.0
은종어린이집,"경상남도 창원시 성산구 신촌로134번길 23 나동 102호(신촌동, 삼성빌라)",경상남도 창원시 성산구 신촌로134번길 23,True,35.197242761588,128.626341544383,경상남도 창원시 성산구 신촌동 신촌로134번길 23,100.0
팀버어린이집,"경상남도 창원시 성산구 신촌로134번길 33 102동 102호(신촌동, 문창 팀버빌리지)",경상남도 창원시 성산구 신촌로134번길 33,True,35.196669062225,128.625799989619,경상남도 창원시 성산구 신촌동 신촌로134번길 33,100.0
볼보바르미어린이집,경상남도 창원시 성산구 신촌로 106,경상남도 창원시 성산구 신촌로 106,False,35.199862651154,128.627904853145,경상남도 창원시 성산구 신촌동 신촌로 106,100.0
창원시립 내동어린이집,경상남도 창원시 성산구 창원대로 716 경상남도 창원시 성산구 창원대로 716번지 (내동 456-2번지),경상남도 창원시 성산구 창원대로 716,True,35.217578013063,128.669520080401,경상남도 창원시 성산구 내동 창원대로 716,100.0
창원시립 대원꿈에그린어린이집,"경상남도 창원시 성산구 창원천로 34 (대원동, 대원꿈에그린)",경상남도 창원시 성산구 창원천로 34,True,35.234837944263,128.649955042009,경상남도 창원시 성산구 대원동 창원천로 34,100.0
창원시립 대원어린이집,경상남도 창원시 성산구 대원로27번길 34 창원시립 대원어린이집,경상남도 창원시 성산구 대원로27번길 34,True,35.232714766279,128.649959735875,경상남도 창원시 성산구 대원동 대원로27번길 34,100.0
창원시립 에일린의뜰1단지어린이집,경상남도 창원시 성산구 대원로 80,경상남도 창원시 성산구 대원로 80,False,35.234462435001,128.652731463617,경상남도 창원시 성산구 대원동 대원로 80,100.0
창원시립 에일린의뜰2단지어린이집,경상남도 창원시 성산구 대원로 60,경상남도 창원시 성산구 대원로 60,False,35.23318905627,128.654810678519,경상남도 창원시 성산구 대원동 대원로 60,100.0
창원중앙어린이집,경상남도 창원시 성산구 외동반림로126번길 56 (중앙동),경상남도 창원시 성산구 외동반림로126번길 56,True,35.22699168661,128.67683689514,경상남도 창원시 성산구 중앙동 외동반림로126번길 56,100.0
킨더바움어린이집,경상남도 창원시 성산구 토월로27번길 18 복리동,경상남도 창원시 성산구 토월로27번길 18,True,35.216576962367,128.679717671443,경상남도 창원시 성산구 상남동 토월로27번길 18,100.0
토리어린이집,경상남도 창원시 성산구 창원대로780번길 32 관리동,경상남도 창원시 성산구 창원대로780번길 32,True,35.213460989862,128.676218226867,경상남도 창원시 성산구 외동 창원대로780번길 32,100.0
꿈누리어린이집,"경상남도 창원시 성산구 창원대로780번길 34 105동 102호(외동, 월드메르디앙이스턴애비뉴)",경상남도 창원시 성산구 창원대로780번길 34,True,35.21273222529,128.67707846159,경상남도 창원시 성산구 외동 창원대로780번길 34,100.0
메르디앙어린이집,경상남도 창원시 성산구 삼동로128번길 24 내동 월드메르디앙아파트 주민복지동 1층,경상남도 창원시 성산구 삼동로128번길 24,True,35.223915989149,128.657576622748,경상남도 창원시 성산구 내동 삼동로128번길 24,100.0
수채화어린이집,경상남도 창원시 성산구 상남로24번길 13 대호타워101호,경상남도 창원시 성산구 상남로24번길 13,True,35.217081846305,128.677886896151,경상남도 창원시 성산구 상남동 상남로24번길 13,100.0
스마일어린이집,경상남도 창원시 성산구 대원로43번길 15 (대원동),경상남도 창원시 성산구 대원로43번길 15,True,35.232658691347,128.652412783658,경상남도 창원시 성산구 대원동 대원로43번길 15,100.0
예슬어린이집,"경상남도 창원시 성산구 삼동로128번길 24 104동 101호(내동, 월드메르디앙웨스턴애비뉴)",경상남도 창원시 성산구 삼동로128번길 24,True,35.223915989149,128.657576622748,경상남도 창원시 성산구 내동 삼동로128번길 24,100.0
참좋은어린이집,"경상남도 창원시 성산구 창원대로780번길 47 101동 110호(외동, 대동아파트)",경상남도 창원시 성산구 창원대로780번길 47,True,35.212186228117,128.679142421428,경상남도 창원시 성산구 외동 창원대로780번길 47,100.0
파크빌어린이집,"경상남도 창원시 성산구 삼동로 121 102동 107호(대원동, 대원파크빌아파트)",경상남도 창원시 성산구 삼동로 121,True,35.225189032604,128.65575758212,경상남도 창원시 성산구 대원동 삼동로 121,100.0
하람어린이집,"경상남도 창원시 성산구 창원대로 548 102동 103호(대원동, 대원1차대동황토방아파트)",경상남도 창원시 성산구 창원대로 548,True,35.226253911493,128.65451622226,경상남도 창원시 성산구 대원동 창원대로 548,100.0
해뜸어린이집,경상남도 창원시 성산구 삼동로 125 대원파크빌아파트 단지내 복지동 1층,경상남도 창원시 성산구 삼동로 125,True,35.225065022346,128.65558885441,경상남도 창원시 성산구 대원동 삼동로 125,100.0
KIMS어린이집,경상남도 창원시 성산구 창원대로 797  (한국재료연구원 KIMS미래관 1~2층),경상남도 창원시 성산구 창원대로 797,True,35.215705244437,128.677692016902,경상남도 창원시 성산구 상남동 창원대로 797,100.0
효성어린이집,경상남도 창원시 성산구 연덕로 171 112동 1층((주)효성창원공장),경상남도 창원시 성산구 연덕로 171,True,35.217708016381,128.660317756543,경상남도 창원시 성산구 내동 연덕로 171,100.0
창원시립 가포금호어울림어린이집,경상남도 창원시 마산합포구 가포본동1길 50 가포금호어울림아파트 복리동,경상남도 창원시 마산합포구 가포본동1길 50,True,35.155811559016,128.578143840925,경상남도 창원시 마산합포구 가포동 가포본동1길 50,100.0
창원시립 가포어린이집,경상남도 창원시 마산합포구 가포해안길 15 가포어린이집,경상남도 창원시 마산합포구 가포해안길 15,True,35.168818135359,128.571480144081,경상남도 창원시 마산합포구 가포동 가포해안길 15,100.0
창원시립 가포유보라어린이집,경상남도 창원시 마산합포구 가포본동1길 18 마창대교유보라아이비파크 관리동,경상남도 창원시 마산합포구 가포본동1길 18,True,35.15708116589,128.574877580895,경상남도 창원시 마산합포구 가포동 가포본동1길 18,100.0
창원시립 교방롯데캐슬어린이집,"경상남도 창원시 마산합포구 노산서18길 80 109동(교방동,창원롯데캐슬프리미어)",경상남도 창원시 마산합포구 노산서18길 80,True,35.215395407386,128.567020720135,경상남도 창원시 마산합포구 교방동 노산서18길 80,100.0
창원시립 교방푸르지오어린이집,경상남도 창원시 마산합포구 교방동18길 14 창원 푸르지오 더 플래티넘 2단지 내 관리동,경상남도 창원시 마산합포구 교방동18길 14,True,35.210572418389,128.569656912503,경상남도 창원시 마산합포구 교방동 교방동18길 14,100.0
i블루밍어린이집,경상남도 창원시 마산합포구 노산서18길 142 무학산벽산블루밍아파트 복리동 (교방동),경상남도 창원시 마산합포구 노산서18길 142,True,35.215518495634,128.561879512184,경상남도 창원시 마산합포구 교방동 노산서18길 142,100.0
노산어린이집,경상남도 창원시 마산합포구 회원천남길 178 (교원동),경상남도 창원시 마산합포구 회원천남길 178,True,35.215876780085,128.569462619987,경상남도 창원시 마산합포구 교원동 회원천남길 178,100.0
마산삼성어린이집,경상남도 창원시 마산합포구 노산동5길 18,경상남도 창원시 마산합포구 노산동5길 18,False,35.212546775682,128.574601229548,경상남도 창원시 마산합포구 상남동 노산동5길 18,100.0
자이별밭 어린이집,"경상남도 창원시 마산합포구 노산서18길 19 (교원동, 무학자이아파트 관리동)",경상남도 창원시 마산합포구 노산서18길 19,True,35.215173538409,128.56893347044,경상남도 창원시 마산합포구 교원동 노산서18길 19,100.0
킨더가르텐 어린이집,경상남도 창원시 마산합포구 회원서10길 87-1 (교방동),경상남도 창원시 마산합포구 회원서10길 87-1,True,35.215374452628,128.560659190901,경상남도 창원시 마산합포구 교방동 회원서10길 87-1,100.0
상록엔젤어린이집,경상남도 창원시 마산합포구 노산서18길 141 상록아파트 단지내 보육시설,경상남도 창원시 마산합포구 노산서18길 141,True,35.213701299026,128.563407616952,경상남도 창원시 마산합포구 교방동 노산서18길 141,100.0
예림어린이집,"경상남도 창원시 마산합포구 노산서18길 19 105동 102호(교원동, 무학자이아파트)",경상남도 창원시 마산합포구 노산서18길 19,True,35.215173538409,128.56893347044,경상남도 창원시 마산합포구 교원동 노산서18길 19,100.0
우리네어린이집,"경상남도 창원시 마산합포구 노산서18길 142 204동 104호(교방동, 무학산벽산블루밍아파트)",경상남도 창원시 마산합포구 노산서18길 142,True,35.215518495634,128.561879512184,경상남도 창원시 마산합포구 교방동 노산서18길 142,100.0
창원시립 구산어린이집,"경상남도 창원시 마산합포구 구산면 수정1길 62-36 (수정리, 창원시립 구산어린이집)",경상남도 창원시 마산합포구 구산면 수정1길 62-36,True,35.119973013699,128.582064559954,경상남도 창원시 마산합포구 구산면 수정리 수정1길 62-36,100.0
창원시립 샛별어린이집,경상남도 창원시 마산합포구 문화남3길 33 (홍문동),경상남도 창원시 마산합포구 문화남3길 33,True,35.185179023624,128.558907373137,경상남도 창원시 마산합포구 홍문동 문화남3길 33,100.0
예능어린이집,경상남도 창원시 마산합포구 문화남2길 17,경상남도 창원시 마산합포구 문화남2길 17,False,35.183317193381,128.558775022886,경상남도 창원시 마산합포구 홍문동 문화남2길 17,100.0
합포꿈동이어린이집,"경상남도 창원시 마산합포구 문화동7길 36 3동 105호(창포동2가, 경남창포아파트)",경상남도 창원시 마산합포구 문화동7길 36,True,35.184042856649,128.562261475512,경상남도 창원시 마산합포구 창포동2가 문화동7길 36,100.0
합포어린이집,경상남도 창원시 마산합포구 문화동14길 54 광신비치아파트상가(창포동3가),경상남도 창원시 마산합포구 문화동14길 54,True,35.182755228683,128.561277188622,경상남도 창원시 마산합포구 창포동3가 문화동14길 54,100.0
백양어린이집,경상남도 창원시 마산합포구 중앙남4길 9 (신흥동),경상남도 창원시 마산합포구 중앙남4길 9,True,35.192360261079,128.563805673534,경상남도 창원시 마산합포구 신흥동 중앙남4길 9,100.0
사회복지법인마산어린이집,경상남도 창원시 마산합포구 중앙동2가 중앙동3길 32-3 마산어린이집,경상남도 창원시 마산합포구 중앙동2가 중앙동3길 32-3,True,35.196266856602,128.566767335202,경상남도 창원시 마산합포구 중앙동2가 3-2,98.77
마산YWCA어린이집,경상남도 창원시 마산합포구 중앙북5길 20 마산YWCA어린이집,경상남도 창원시 마산합포구 중앙북5길 20,True,35.200242686644,128.56851186071,경상남도 창원시 마산합포구 중앙동3가 중앙북5길 20,100.0
블루밍어린이집,경상남도 창원시 마산합포구 3?15대로 154 벽산블루밍아파트 주민복지관동 (월포동),경상남도 창원시 마산합포구 3?15대로 154,True,35.19234844403,128.564810049843,경상남도 창원시 마산합포구 중앙동3가 3.15대로 154,100.0
해오름어린이집,경상남도 창원시 마산합포구 중앙동2가 중앙동3길 26 경동메르빌상가110호 (중앙동2가),경상남도 창원시 마산합포구 중앙동2가 중앙동3길 26,True,35.194796922242,128.568382695582,경상남도 창원시 마산합포구 중앙동2가 중앙동3길 26,100.0
경동튼튼어린이집,"경상남도 창원시 마산합포구 중앙동2가 중앙동3길 16 (중앙동2가, 경동메르빌 110-104)",경상남도 창원시 마산합포구 중앙동2가 중앙동3길 16,True,35.194303186235,128.567131864171,경상남도 창원시 마산합포구 중앙동2가 중앙동3길 16,100.0
혜성미어린이집,경상남도 창원시 마산합포구 중앙동3가 중앙북2길 17 혜성미 106호 (중앙동3가),경상남도 창원시 마산합포구 중앙동3가 중앙북2길 17,True,35.198598953522,128.568328716126,경상남도 창원시 마산합포구 중앙동3가 중앙북2길 17,100.0
마산합포구청어린이집,경상남도 창원시 마산합포구 중앙동3가 중앙북1길 34,경상남도 창원시 마산합포구 중앙동3가 중앙북1길 34,False,35.19722616542,128.569210743797,경상남도 창원시 마산합포구 중앙동3가 중앙북1길 34,100.0
또래어린이집,경상남도 창원시 마산합포구 산호남12길 13 (산호동),경상남도 창원시 마산합포구 산호남12길 13,True,35.215326130956,128.585990056668,경상남도 창원시 마산합포구 산호동 산호남12길 13,100.0
리인어린이집,경상남도 창원시 마산합포구 산호동로 12 산호경동리인아파트 1단지 복리동,경상남도 창원시 마산합포구 산호동로 12,True,35.215451817594,128.58879992207,경상남도 창원시 마산합포구 산호동 산호동로 12,100.0
연우어린이집,경상남도 창원시 마산합포구 회원동북로 64 (산호동),경상남도 창원시 마산합포구 회원동북로 64,True,35.2184422711,128.579504726724,경상남도 창원시 마산합포구 산호동 회원동북로 64,100.0
파스텔어린이집,경상남도 창원시 마산합포구 산호북2길 36 (산호동),경상남도 창원시 마산합포구 산호북2길 36,True,35.216913286232,128.585101994027,경상남도 창원시 마산합포구 산호동 산호북2길 36,100.0
통통이어린이집,경상남도 창원시 마산합포구 용마로 54-3,경상남도 창원시 마산합포구 용마로 54-3,False,35.218283434034,128.580939457091,경상남도 창원시 마산합포구 산호동 용마로 54-3,100.0
창원시립 서성어린이집,경상남도 창원시 마산합포구 중앙북7길 53-5 서성어린이집,경상남도 창원시 마산합포구 중앙북7길 53-5,True,35.202008376458,128.568729622554,경상남도 창원시 마산합포구 서성동 중앙북7길 53-5,100.0
창원시립 장미어린이집,경상남도 창원시 마산합포구 중앙북7길 53-5 (서성동) 창원시립 장미어린이집,경상남도 창원시 마산합포구 중앙북7길 53-5,True,35.202008376458,128.568729622554,경상남도 창원시 마산합포구 서성동 중앙북7길 53-5,100.0
창원시립 추산어린이집,경상남도 창원시 마산합포구 문신길 163 창원시립추산어린이집,경상남도 창원시 마산합포구 문신길 163,True,35.206400535631,128.570091598001,경상남도 창원시 마산합포구 추산동 문신길 163,100.0
리틀스쿨어린이집,경상남도 창원시 마산합포구 신포동1가 제2부두로 17 마산만아이파크 아파트 관리동 (신포동1가),경상남도 창원시 마산합포구 신포동1가 제2부두로 17,True,35.198041976056,128.573888013407,경상남도 창원시 마산합포구 신포동1가 제2부두로 17,100.0
마린푸른숲어린이집,경상남도 창원시 마산합포구 오동동14길 67 중앙마린파이브아파트 상가동,경상남도 창원시 마산합포구 오동동14길 67,True,35.206599228646,128.583548743549,경상남도 창원시 마산합포구 오동동 오동동14길 67,100.0
아이굿맘어린이집,"경상남도 창원시 마산합포구 서성로 23 (신포동1가,센트럴아파트) 복리동",경상남도 창원시 마산합포구 서성로 23,True,35.199493847415,128.569919601348,경상남도 창원시 마산합포구 신포동1가 서성로 23,100.0
경남청사 예다움어린이집,경상남도 창원시 마산합포구  제2부두로 10 (신포동1가),경상남도 창원시 마산합포구 제2부두로 10,True,35.19498752672,128.572099650545,경상남도 창원시 마산합포구 신포동1가 제2부두로 10,100.0
노벨어린이집,경상남도 창원시 마산합포구 완월남7길 31 (완월동),경상남도 창원시 마산합포구 완월남7길 31,True,35.196269454992,128.55901876863,경상남도 창원시 마산합포구 완월동 완월남7길 31,100.0
자연숲어린이집,경상남도 창원시 마산합포구 완월남7길 32,경상남도 창원시 마산합포구 완월남7길 32,False,35.196236053107,128.558824392296,경상남도 창원시 마산합포구 완월동 완월남7길 32,100.0
보노어린이집,경상남도 창원시 마산합포구 중앙남8길 80,경상남도 창원시 마산합포구 중앙남8길 80,False,35.195734899117,128.562208501884,경상남도 창원시 마산합포구 완월동 중앙남8길 80,100.0
창원시립 SK오션뷰어린이집,"경상남도 창원시 마산합포구 월영남12길 12 (월영동, 월영SK오션뷰)",경상남도 창원시 마산합포구 월영남12길 12,True,35.176150917623,128.559467703365,경상남도 창원시 마산합포구 월영동 월영남12길 12,100.0
창원시립 딩동댕어린이집,"경상남도 창원시 마산합포구 월영마을로 29 211동 104호(월영동,월영2차동아아파트)",경상남도 창원시 마산합포구 월영마을로 29,True,35.17185745536,128.558464473373,경상남도 창원시 마산합포구 월영동 월영마을로 29,100.0
창원시립 마린애시앙어린이집,"경상남도 창원시 마산합포구 가포순환로 33 140동(월영동,마린애시앙부영)",경상남도 창원시 마산합포구 가포순환로 33,True,35.174365236971,128.567391954627,경상남도 창원시 마산합포구 월영동 가포순환로 33,100.0
창원시립 애시앙숲어린이집,"경상남도 창원시 마산합포구 가포순환로 33 139동(월영동, 마린애시앙부영)",경상남도 창원시 마산합포구 가포순환로 33,True,35.174365236971,128.567391954627,경상남도 창원시 마산합포구 월영동 가포순환로 33,100.0
창원시립 월영어린이집,경상남도 창원시 마산합포구 월영북로 24 (대내동),경상남도 창원시 마산합포구 월영북로 24,True,35.182525019712,128.556349216288,경상남도 창원시 마산합포구 대내동 월영북로 24,100.0
동아마을어린이집,경상남도 창원시 마산합포구 월영남로 43 동아1차아파트 관리동,경상남도 창원시 마산합포구 월영남로 43,True,35.17553308754,128.559050619863,경상남도 창원시 마산합포구 월영동 월영남로 43,100.0
동아신나는어린이집,경상남도 창원시 마산합포구 월영마을로 29 동아2차아파트 복리동,경상남도 창원시 마산합포구 월영마을로 29,True,35.17185745536,128.558464473373,경상남도 창원시 마산합포구 월영동 월영마을로 29,100.0
마산가포부영사랑으로어린이집,"경상남도 창원시 마산합포구 가포로 154-11 210동 관리동(월영동, 마산가포부영아파트)",경상남도 창원시 마산합포구 가포로 154-11,True,35.171154171774,128.562235826888,경상남도 창원시 마산합포구 월영동 가포로 154-11,100.0
새암어린이집,경상남도 창원시 마산합포구 월영남12길 15 새암어린이집,경상남도 창원시 마산합포구 월영남12길 15,True,35.176470435772,128.559105269871,경상남도 창원시 마산합포구 월영동 월영남12길 15,100.0
예솔어린이집,경상남도 창원시 마산합포구 월영동13길 7 (해운동),경상남도 창원시 마산합포구 월영동13길 7,True,35.181154201357,128.562567917892,경상남도 창원시 마산합포구 해운동 월영동13길 7,100.0
해운어린이집,경상남도 창원시 마산합포구 월영동10길 19 (해운동),경상남도 창원시 마산합포구 월영동10길 19,True,35.18034626971,128.564643780032,경상남도 창원시 마산합포구 해운동 월영동10길 19,100.0
현대신나는어린이집,경상남도 창원시 마산합포구 월영마을로 12 현대건설아파트 복리동 (월영동),경상남도 창원시 마산합포구 월영마을로 12,True,35.174837305758,128.557370802647,경상남도 창원시 마산합포구 월영동 월영마을로 12,100.0
고운어린이집,경상남도 창원시 마산합포구 가포순환로 33 120동 104호(마린애시앙부영),경상남도 창원시 마산합포구 가포순환로 33,True,35.174365236971,128.567391954627,경상남도 창원시 마산합포구 월영동 가포순환로 33,100.0
금빛어린이집,"경상남도 창원시 마산합포구 월영남로 43 104동 101호(월영동, 동아1차아파트)",경상남도 창원시 마산합포구 월영남로 43,True,35.17553308754,128.559050619863,경상남도 창원시 마산합포구 월영동 월영남로 43,100.0
기쁨몬테소리어린이집,"경상남도 창원시 마산합포구 월영마을로 29 209동 102호 (월영동아2차아파트,월영동)",경상남도 창원시 마산합포구 월영마을로 29,True,35.17185745536,128.558464473373,경상남도 창원시 마산합포구 월영동 월영마을로 29,100.0
꼬꼬마어린이집,"경상남도 창원시 마산합포구 월영마을로 29 204동 104호 (월영동, 월영동아2차아파트)",경상남도 창원시 마산합포구 월영마을로 29,True,35.17185745536,128.558464473373,경상남도 창원시 마산합포구 월영동 월영마을로 29,100.0
바른나무어린이집,경상남도 창원시 마산합포구 가포순환로 33 102동 102호(마린애시앙부영),경상남도 창원시 마산합포구 가포순환로 33,True,35.174365236971,128.567391954627,경상남도 창원시 마산합포구 월영동 가포순환로 33,100.0
보보어린이집,"경상남도 창원시 마산합포구 월영마을로 5 203동 105호 (월영동,현대1차아파트)",경상남도 창원시 마산합포구 월영마을로 5,True,35.173313350032,128.558460114784,경상남도 창원시 마산합포구 월영동 월영마을로 5,100.0
사랑숲 어린이집,"경상남도 창원시 마산합포구 월영동6길 39 104동 104호(해운동, 두산1차아파트)",경상남도 창원시 마산합포구 월영동6길 39,True,35.178623327603,128.56336973075,경상남도 창원시 마산합포구 해운동 월영동6길 39,100.0
아띠어린이집,"경상남도 창원시 마산합포구 월영동남로 3 205동 102호(해운동, 두산2차아파트)",경상남도 창원시 마산합포구 월영동남로 3,True,35.177743395408,128.564332476149,경상남도 창원시 마산합포구 해운동 월영동남로 3,100.0
애시앙키즈어린이집,"경상남도 창원시 마산합포구 가포순환로 33 114동 101호(월영동,마린애시앙부영)",경상남도 창원시 마산합포구 가포순환로 33,True,35.174365236971,128.567391954627,경상남도 창원시 마산합포구 월영동 가포순환로 33,100.0
예님어린이집,"경상남도 창원시 마산합포구 밤밭고개로 371 105동 109호 (월영동, 화인아트빌라)",경상남도 창원시 마산합포구 밤밭고개로 371,True,35.174391220871,128.555741779765,경상남도 창원시 마산합포구 월영동 밤밭고개로 371,100.0
이안어린이집,"경상남도 창원시 마산합포구 가포순환로 33 125동 103호(월영동,마린애시앙부영)",경상남도 창원시 마산합포구 가포순환로 33,True,35.174365236971,128.567391954627,경상남도 창원시 마산합포구 월영동 가포순환로 33,100.0
조은어린이집,"경상남도 창원시 마산합포구 월영마을로 52 501동 101호(월영동, 현대2차아파트)",경상남도 창원시 마산합포구 월영마을로 52,True,35.171641747081,128.558158533908,경상남도 창원시 마산합포구 월영동 월영마을로 52,100.0
해맑은어린이집,"경상남도 창원시 마산합포구 월영동11길 42 305동 102호(해운동, 두산3차아파트)",경상남도 창원시 마산합포구 월영동11길 42,True,35.178244633217,128.56521450382,경상남도 창원시 마산합포구 해운동 월영동11길 42,100.0
행복아이어린이집,경상남도 창원시 마산합포구 가포순환로 33 112동 102호(마린애시앙부영),경상남도 창원시 마산합포구 가포순환로 33,True,35.174365236971,128.567391954627,경상남도 창원시 마산합포구 월영동 가포순환로 33,100.0
바른아이뜰어린이집,경상남도 창원시 마산합포구 심온길 94-3,경상남도 창원시 마산합포구 심온길 94-3,False,35.202735590377,128.564043971041,경상남도 창원시 마산합포구 자산동 심온길 94-3,100.0
반달어린이집,경상남도 창원시 마산합포구 자산서14길 63 (자산동),경상남도 창원시 마산합포구 자산서14길 63,True,35.200235897303,128.558345701805,경상남도 창원시 마산합포구 자산동 자산서14길 63,100.0
샛별아이어린이집,경상남도 창원시 마산합포구 자산남4길 11 (자산동),경상남도 창원시 마산합포구 자산남4길 11,True,35.202393189633,128.565807355831,경상남도 창원시 마산합포구 자산동 자산남4길 11,100.0
청운어린이집,경상남도 창원시 마산합포구 자산북1길 40 (자산동),경상남도 창원시 마산합포구 자산북1길 40,True,35.205740293118,128.56352898691,경상남도 창원시 마산합포구 자산동 자산북1길 40,100.0
맑은숲영재스쿨어린이집,경상남도 창원시 마산합포구 자산삼거리로 94-11,경상남도 창원시 마산합포구 자산삼거리로 94-11,False,35.207453637946,128.564183948824,경상남도 창원시 마산합포구 자산동 자산삼거리로 94-11,100.0
사동어린이집,경상남도 창원시 마산합포구 진동면 사동길 145,경상남도 창원시 마산합포구 진동면 사동길 145,False,35.120161145516,128.479882873818,경상남도 창원시 마산합포구 진동면 사동리 사동길 145,100.0
꿈채움어린이집,경상남도 창원시 마산합포구 진동면 진북산업로 55 협성엠파이어아파트 복리동(105동),경상남도 창원시 마산합포구 진동면 진북산업로 55,True,35.120251544342,128.487590117607,경상남도 창원시 마산합포구 진동면 진동리 진북산업로 55,100.0
밝은숲 어린이집,경상남도 창원시 마산합포구 신서촌로 50-9 (진동면 진동리),경상남도 창원시 마산합포구 신서촌로 50-9,True,35.118861657157,128.486098893213,경상남도 창원시 마산합포구 진동면 진동리 신서촌로 50-9,100.0
재능어린이집,경상남도 창원시 마산합포구 진동면 교동3길 62,경상남도 창원시 마산합포구 진동면 교동3길 62,False,35.117272154948,128.502579558875,경상남도 창원시 마산합포구 진동면 교동리 교동3길 62,100.0
꿈꾸는유앤아이어린이집,경상남도 창원시 마산합포구 진동면 진북산업로 58 복리동,경상남도 창원시 마산합포구 진동면 진북산업로 58,True,35.120912289769,128.488361504156,경상남도 창원시 마산합포구 진동면 진동리 진북산업로 58,100.0
유앤아이어린이집,경상남도 창원시 마산합포구 진북산업로 58 112-101,경상남도 창원시 마산합포구 진북산업로 58,True,35.120912289769,128.488361504156,경상남도 창원시 마산합포구 진동면 진동리 진북산업로 58,100.0
한솔어린이집,경상남도 창원시 마산합포구 진동면 요장1길 110,경상남도 창원시 마산합포구 진동면 요장1길 110,False,35.110708999033,128.495085047789,경상남도 창원시 마산합포구 진동면 요장리 요장1길 110,100.0
창원시립 진북어린이집,경상남도 창원시 마산합포구 진북면 지산1길 63-10 창원시립 진북어린이집,경상남도 창원시 마산합포구 진북면 지산1길 63-10,True,35.115334887577,128.465211861052,경상남도 창원시 마산합포구 진북면 지산리 지산1길 63-10,100.0
창원시립 진전어린이집,경상남도 창원시 마산합포구 오서곡안로 24,경상남도 창원시 마산합포구 오서곡안로 24,False,35.104402580813,128.41771572289,경상남도 창원시 마산합포구 진전면 오서리 오서곡안로 24,100.0
창원시립 용마어린이집,경상남도 창원시 마산합포구 용마산길 47,경상남도 창원시 마산합포구 용마산길 47,False,35.213005475333,128.582329763371,경상남도 창원시 마산합포구 산호동 용마산길 47,100.0
베스티움 큰샘 어린이집,경상남도 창원시 마산합포구 회원천북길 491 베스티움아파트관리동 보육시설,경상남도 창원시 마산합포구 회원천북길 491,True,35.208948257011,128.582029607418,경상남도 창원시 마산합포구 산호동 회원천북길 491,100.0
칸타빌어린이집,경상남도 창원시 마산합포구 합포동6길 8 칸타빌오션뷰아파트 관리동,경상남도 창원시 마산합포구 합포동6길 8,True,35.211059239326,128.585260495816,경상남도 창원시 마산합포구 산호동 합포동6길 8,100.0
하늘샘어린이집,경상남도 창원시 마산합포구 합포남2길 24 (산호동),경상남도 창원시 마산합포구 합포남2길 24,True,35.210128889983,128.581931958246,경상남도 창원시 마산합포구 산호동 합포남2길 24,100.0
창원시립 덕동어린이집,경상남도 창원시 마산합포구 덕동길 32,경상남도 창원시 마산합포구 덕동길 32,False,35.140953126895,128.57898312089,경상남도 창원시 마산합포구 덕동동 덕동길 32,100.0
신유성어린이집,경상남도 창원시 마산합포구 묘촌1길 28 현동 LH그린품에아파트 복리동,경상남도 창원시 마산합포구 묘촌1길 28,True,35.13994137185,128.559299467118,경상남도 창원시 마산합포구 현동 묘촌1길 28,100.0
중흥누리봄어린이집,"경상남도 창원시 마산합포구 현동1길 8 관리동(현동,중흥에스-클래스프라디움3차)",경상남도 창원시 마산합포구 현동1길 8,True,35.147979173413,128.559696026407,경상남도 창원시 마산합포구 현동 현동1길 8,100.0
중흥산들어린이집,경상남도 창원시 마산합포구 현동9길 14 중흥S클래스 프라디움2차아파트 관리동,경상남도 창원시 마산합포구 현동9길 14,True,35.145184563075,128.554784398784,경상남도 창원시 마산합포구 현동 현동9길 14,100.0
중흥키즈어린이집,경상남도 창원시 마산합포구 현동4길 20 현동 중흥S-클래스프라디움아파트복리동,경상남도 창원시 마산합포구 현동4길 20,True,35.150767832599,128.551958104853,경상남도 창원시 마산합포구 현동 현동4길 20,100.0
하늘숲어린이집,경상남도 창원시 마산합포구 현동3길 1 창원현동LH아파트 복리동,경상남도 창원시 마산합포구 현동3길 1,True,35.152343839944,128.554142009725,경상남도 창원시 마산합포구 우산동 현동3길 1,100.0
하늘채다솜어린이집,경상남도 창원시 마산합포구 현동9길 13 현동코오롱하늘채아파트 복리동,경상남도 창원시 마산합포구 현동9길 13,True,35.144361376364,128.55769861888,경상남도 창원시 마산합포구 현동 현동9길 13,100.0
보듬이어린이집,경상남도 창원시 마산합포구 묘촌1길 28 그린품애아파트 606-102,경상남도 창원시 마산합포구 묘촌1길 28,True,35.13994137185,128.559299467118,경상남도 창원시 마산합포구 현동 묘촌1길 28,100.0
중흥해마루어린이집,경상남도 창원시 마산합포구 현동4길 20 중흥S클래스A 103-102,경상남도 창원시 마산합포구 현동4길 20,True,35.150767832599,128.551958104853,경상남도 창원시 마산합포구 현동 현동4길 20,100.0
덴소코리아어린이집,"경상남도 창원시 마산합포구 현동10길 19 (현동,아파트동 1층)",경상남도 창원시 마산합포구 현동10길 19,True,35.145678508629,128.550124312076,경상남도 창원시 마산합포구 현동 현동10길 19,100.0
글로벌창의 어린이집,경상남도 창원시 마산회원구 구암북3길 9 (구암동),경상남도 창원시 마산회원구 구암북3길 9,True,35.251881454723,128.592701614179,경상남도 창원시 마산회원구 구암동 구암북3길 9,100.0
글로벌창의숲 어린이집,경상남도 창원시 마산회원구 금강로 301 (구암동),경상남도 창원시 마산회원구 금강로 301,True,35.253575688812,128.596323350722,경상남도 창원시 마산회원구 구암동 금강로 301,100.0
바른손어린이집,경상남도 창원시 마산회원구 구암북15길 49 (구암동),경상남도 창원시 마산회원구 구암북15길 49,True,35.255279771637,128.59490295341,경상남도 창원시 마산회원구 구암동 구암북15길 49,100.0
소명어린이집,경상남도 창원시 마산회원구 소계천서길 103 (구암동),경상남도 창원시 마산회원구 소계천서길 103,True,35.259087083516,128.595926132331,경상남도 창원시 마산회원구 구암동 소계천서길 103,100.0
천사맘어린이집,경상남도 창원시 마산회원구 구암서2길 110-1 (구암동),경상남도 창원시 마산회원구 구암서2길 110-1,True,35.249363908195,128.594361566284,경상남도 창원시 마산회원구 구암동 구암서2길 110-1,100.0
창원시립 구암어린이집,경상남도 창원시 마산회원구 구암서1길 235,경상남도 창원시 마산회원구 구암서1길 235,False,35.25256558566,128.600283045601,경상남도 창원시 마산회원구 구암동 구암서1길 235,100.0
인애어린이집,경상남도 창원시 마산회원구 팔용로 272 인애어린이집,경상남도 창원시 마산회원구 팔용로 272,True,35.248281804495,128.600949323085,경상남도 창원시 마산회원구 구암동 팔용로 272,100.0
아마데우스어린이집,경상남도 창원시 마산회원구 구암남10길 15 대동아파트 복리동 (구암동),경상남도 창원시 마산회원구 구암남10길 15,True,35.249989281991,128.599129025172,경상남도 창원시 마산회원구 구암동 구암남10길 15,100.0
밀알재능어린이집,"경상남도 창원시 마산회원구 구암남7길 7 대성프리죤텔101, 102호 (구암동)",경상남도 창원시 마산회원구 구암남7길 7,True,35.244656212276,128.59169737836,경상남도 창원시 마산회원구 구암동 구암남7길 7,100.0
창원시립 동신해나라어린이집,경상남도 창원시 마산회원구 내서읍 중리상곡로 134 동신2차아파트 202동 뒤 1층건물,경상남도 창원시 마산회원구 내서읍 중리상곡로 134,True,35.25097273069,128.51166009368,경상남도 창원시 마산회원구 내서읍 중리 중리상곡로 134,100.0
창원시립 수피아어린이집,경상남도 창원시 마산회원구 내서읍 옥정1길 9-2,경상남도 창원시 마산회원구 내서읍 옥정1길 9-2,False,35.248700564377,128.522532847022,경상남도 창원시 마산회원구 내서읍 중리 옥정1길 9-2,100.0
창원시립 햇님어린이집,경상남도 창원시 마산회원구 내서읍 광려로 29 207동 102호(대동이미지아파트),경상남도 창원시 마산회원구 내서읍 광려로 29,True,35.223318778548,128.503449768062,경상남도 창원시 마산회원구 내서읍 삼계리 광려로 29,100.0
삼계한샘어린이집,경상남도 창원시 마산회원구 내서읍 삼계본동2길 9-1,경상남도 창원시 마산회원구 내서읍 삼계본동2길 9-1,False,35.230959511935,128.497812267625,경상남도 창원시 마산회원구 내서읍 삼계리 삼계본동2길 9-1,100.0
상곡어린이집,경상남도 창원시 마산회원구 내서읍 상곡안길 106-4,경상남도 창원시 마산회원구 내서읍 상곡안길 106-4,False,35.246098863541,128.499874215806,경상남도 창원시 마산회원구 내서읍 상곡리 상곡안길 106-4,100.0
선재어린이집,경상남도 창원시 마산회원구 상곡로 49 내서종합사회복지관 내,경상남도 창원시 마산회원구 상곡로 49,True,35.24331234174,128.498930832603,경상남도 창원시 마산회원구 내서읍 상곡리 상곡로 49,100.0
숲속자람터어린이집,경상남도 창원시 마산회원구 내서읍 삼계로 288-18,경상남도 창원시 마산회원구 내서읍 삼계로 288-18,False,35.242563837786,128.479034709036,경상남도 창원시 마산회원구 내서읍 삼계리 삼계로 288-18,100.0
호계어린이집,경상남도 창원시 마산회원구 내서읍 구미길 11-1,경상남도 창원시 마산회원구 내서읍 구미길 11-1,False,35.252881206224,128.521638330315,경상남도 창원시 마산회원구 내서읍 호계리 구미길 11-1,100.0
대동영재 아이짐어린이집,경상남도 창원시 마산회원구 내서읍 삼계5길 30 관리동 1층,경상남도 창원시 마산회원구 내서읍 삼계5길 30,True,35.231552196309,128.501928452636,경상남도 창원시 마산회원구 내서읍 삼계리 삼계5길 30,100.0
더푸른다솜어린이집,경상남도 창원시 마산회원구 내서읍 삼계10길 22 더푸른아파트 관리동1층,경상남도 창원시 마산회원구 내서읍 삼계10길 22,True,35.235001181827,128.503818068888,경상남도 창원시 마산회원구 내서읍 삼계리 삼계10길 22,100.0
라파어린이집,경상남도 창원시 마산회원구 내서읍 호원로 186-1,경상남도 창원시 마산회원구 내서읍 호원로 186-1,False,35.25013558811,128.523656944057,경상남도 창원시 마산회원구 내서읍 중리 호원로 186-1,100.0
삼계현대어린이집,경상남도 창원시 마산회원구 내서읍 삼풍로 82 현대아파트 관리동,경상남도 창원시 마산회원구 내서읍 삼풍로 82,True,35.233954952673,128.502358108993,경상남도 창원시 마산회원구 내서읍 삼계리 삼풍로 82,100.0
쏠티동산어린이집,경상남도 창원시 마산회원구 내서읍 상곡안길 21,경상남도 창원시 마산회원구 내서읍 상곡안길 21,False,35.243382246813,128.502667317401,경상남도 창원시 마산회원구 내서읍 상곡리 상곡안길 21,100.0
이미지은혜어린이집,경상남도 창원시 마산회원구 광려로 28 대동이미지아파트 1단지 복리동 2층,경상남도 창원시 마산회원구 광려로 28,True,35.222695961233,128.501291260357,경상남도 창원시 마산회원구 내서읍 삼계리 광려로 28,100.0
일화어린이집,경상남도 창원시 마산회원구 상곡안길 106-14,경상남도 창원시 마산회원구 상곡안길 106-14,False,35.246028958469,128.500070436159,경상남도 창원시 마산회원구 내서읍 상곡리 상곡안길 106-14,100.0
참좋은하늘채어린이집,경상남도 창원시 마산회원구 내서읍 호원로 359 코오롱하늘채 2차아파트 복리동 217동 앞,경상남도 창원시 마산회원구 내서읍 호원로 359,True,35.263120581053,128.523251092305,경상남도 창원시 마산회원구 내서읍 호계리 호원로 359,100.0
코오롱한샘어린이집,경상남도 창원시 마산회원구 내서읍 호원로 361-3 코오롱 1차 119동 뒤 경로당 2층 코오롱한샘 어린이집,경상남도 창원시 마산회원구 내서읍 호원로 361-3,True,35.268219963307,128.527093105264,경상남도 창원시 마산회원구 내서읍 호계리 호원로 361-3,100.0
한우리다온어린이집,경상남도 창원시 마산회원구 내서읍 삼계1길 48 한우리a복지동내,경상남도 창원시 마산회원구 내서읍 삼계1길 48,True,35.229427635311,128.504166588422,경상남도 창원시 마산회원구 내서읍 삼계리 삼계1길 48,100.0
해바라기어린이집,경상남도 창원시 마산회원구 내서읍 숲속로 27 604동(복리동),경상남도 창원시 마산회원구 내서읍 숲속로 27,True,35.22815773507,128.498163385549,경상남도 창원시 마산회원구 내서읍 삼계리 숲속로 27,100.0
해와달아이어린이집,경상남도 창원시 마산회원구 호계안길 36 -13번지,경상남도 창원시 마산회원구 호계안길 36,True,35.256277972486,128.519751228634,경상남도 창원시 마산회원구 내서읍 호계리 호계안길 36,100.0
호계사랑어린이집,경상남도 창원시 마산회원구 내서읍 구미길 42-4,경상남도 창원시 마산회원구 내서읍 구미길 42-4,False,35.252868423822,128.522059437131,경상남도 창원시 마산회원구 내서읍 호계리 구미길 42-4,100.0
꼬마요정 어린이집,경상남도 창원시 마산회원구 호원로 359 코오롱하늘채2차아파트218동104호,경상남도 창원시 마산회원구 호원로 359,True,35.263120581053,128.523251092305,경상남도 창원시 마산회원구 내서읍 호계리 호원로 359,100.0
사랑샘어린이집,경상남도 창원시 마산회원구 광려로 24-46,경상남도 창원시 마산회원구 광려로 24-46,False,35.224540818122,128.502014534782,경상남도 창원시 마산회원구 내서읍 삼계리 광려로 24-46,100.0
숲속엄마품어린이집,"경상남도 창원시 마산회원구 내서읍 숲속로 27 609동 103호(삼계리, 숲속마을주공그린빌6단지아파트)",경상남도 창원시 마산회원구 내서읍 숲속로 27,True,35.22815773507,128.498163385549,경상남도 창원시 마산회원구 내서읍 삼계리 숲속로 27,100.0
아이자람 어린이집,"경상남도 창원시 마산회원구 내서읍 숲속로 8 405동 104호(, 숲속마을주공그린빌4단지아파트)",경상남도 창원시 마산회원구 내서읍 숲속로 8,True,35.230996266581,128.496092468731,경상남도 창원시 마산회원구 내서읍 삼계리 숲속로 8,100.0
참좋은어린이집,경상남도 창원시 마산회원구 내서읍 삼계10길 22 119동 101호(THE-푸른아파트),경상남도 창원시 마산회원구 내서읍 삼계10길 22,True,35.235001181827,128.503818068888,경상남도 창원시 마산회원구 내서읍 삼계리 삼계10길 22,100.0
푸른 어린이집,경상남도 창원시 마산회원구 내서읍 삼계10길 22 117동102호 (더-푸른아파트),경상남도 창원시 마산회원구 내서읍 삼계10길 22,True,35.235001181827,128.503818068888,경상남도 창원시 마산회원구 내서읍 삼계리 삼계10길 22,100.0
하륜안계어린이집,경상남도 창원시 마산회원구 내서읍 삼계숲길 267,경상남도 창원시 마산회원구 내서읍 삼계숲길 267,False,35.231639954835,128.493576724312,경상남도 창원시 마산회원구 내서읍 삼계리 삼계숲길 267,100.0
해담어린이집,"경상남도 창원시 마산회원구 내서읍 호원로 359 213동 104호(호계리, 코오롱하늘채아파트)",경상남도 창원시 마산회원구 내서읍 호원로 359,True,35.263120581053,128.523251092305,경상남도 창원시 마산회원구 내서읍 호계리 호원로 359,100.0
창원시립 근주어린이집,경상남도 창원시 마산회원구 석전동12길 8,경상남도 창원시 마산회원구 석전동12길 8,False,35.232681406305,128.577360635892,경상남도 창원시 마산회원구 석전동 석전동12길 8,100.0
창원시립 메트로석전어린이집,"경상남도 창원시 마산회원구 석전남8길 40 109동(석전동,창원 메트로시티 석전)",경상남도 창원시 마산회원구 석전남8길 40,True,35.22830580139,128.572402404888,경상남도 창원시 마산회원구 석전동 석전남8길 40,100.0
창원시립 봉화어린이집,경상남도 창원시 마산회원구 석전북18길 10 창원시립 봉화어린이집,경상남도 창원시 마산회원구 석전북18길 10,True,35.231182973474,128.567065479498,경상남도 창원시 마산회원구 석전동 석전북18길 10,100.0
창원시립 석전어린이집,경상남도 창원시 마산회원구 석전북11길 6-10 경남 창원시 마산회원구 석전북11길 6-10(석전동 164-280),경상남도 창원시 마산회원구 석전북11길 6-10,True,35.232540422693,128.570292931316,경상남도 창원시 마산회원구 석전동 석전북11길 6-10,100.0
참빛어린이집,경상남도 창원시 마산회원구 북성로 267 (석전동),경상남도 창원시 마산회원구 북성로 267,True,35.230223371289,128.566275904219,경상남도 창원시 마산회원구 석전동 북성로 267,100.0
금솔어린이집,경상남도 창원시 마산회원구 석전남8길 40 석전메트로 102동 102호,경상남도 창원시 마산회원구 석전남8길 40,True,35.22830580139,128.572402404888,경상남도 창원시 마산회원구 석전동 석전남8길 40,100.0
삼정어린이집,경상남도 창원시 마산회원구 석전동9길 31 102호 금강하이츠빌라(석전동),경상남도 창원시 마산회원구 석전동9길 31,True,35.233369812012,128.575826328516,경상남도 창원시 마산회원구 석전동 석전동9길 31,100.0
계명어린이집,경상남도 창원시 마산회원구 팔용로 23 (양덕동),경상남도 창원시 마산회원구 팔용로 23,True,35.231963999212,128.585978489642,경상남도 창원시 마산회원구 양덕동 팔용로 23,100.0
아셀어린이집,경상남도 창원시 마산회원구 양덕북1길 23,경상남도 창원시 마산회원구 양덕북1길 23,False,35.231571265138,128.584288781781,경상남도 창원시 마산회원구 양덕동 양덕북1길 23,100.0
조이어린이집,경상남도 창원시 마산회원구 양덕동12길 27 (양덕동),경상남도 창원시 마산회원구 양덕동12길 27,True,35.230701433136,128.586115533759,경상남도 창원시 마산회원구 양덕동 양덕동12길 27,100.0
경남숲 어린이집,"경상남도 창원시 마산회원구 양덕동16길 22 2동 103호(양덕동, 경남양덕아파트)",경상남도 창원시 마산회원구 양덕동16길 22,True,35.234495878794,128.59103680057,경상남도 창원시 마산회원구 양덕동 양덕동16길 22,100.0
세화어린이집,경상남도 창원시 마산회원구 양덕동12길 51-2,경상남도 창원시 마산회원구 양덕동12길 51-2,False,35.231712877393,128.586735878413,경상남도 창원시 마산회원구 양덕동 양덕동12길 51-2,100.0
창원시립 양덕롯데캐슬어린이집,경상남도 창원시 마산회원구 양덕로 48 창원 롯데캐슬 센텀골드 내 관리동,경상남도 창원시 마산회원구 양덕로 48,True,35.22361034305,128.592448396884,경상남도 창원시 마산회원구 양덕동 양덕로 48,100.0
창원시립 하버팰리스어린이집,경상남도 창원시 마산회원구 양덕동2길 20,경상남도 창원시 마산회원구 양덕동2길 20,False,35.222677772503,128.59181765867,경상남도 창원시 마산회원구 양덕동 양덕동2길 20,100.0
사회복지법인금강어린이집,경상남도 창원시 마산회원구 양덕남1길 22 한일2차타운내 사회복지법인 금강어린이집,경상남도 창원시 마산회원구 양덕남1길 22,True,35.231034954314,128.582583366512,경상남도 창원시 마산회원구 양덕동 양덕남1길 22,100.0
굿맘아이어린이집,경상남도 창원시 마산회원구 양덕옛2길 16,경상남도 창원시 마산회원구 양덕옛2길 16,False,35.229026100239,128.578226821766,경상남도 창원시 마산회원구 양덕동 양덕옛2길 16,100.0
메트로사과나무어린이집,경상남도 창원시 마산회원구 양덕서로 30 (양덕동),경상남도 창원시 마산회원구 양덕서로 30,True,35.227488188645,128.58312017684,경상남도 창원시 마산회원구 양덕동 양덕서로 30,100.0
메트로아이꽃뜰어린이집,경상남도 창원시 마산회원구 삼호로 80 메트로시티2차아파트내,경상남도 창원시 마산회원구 삼호로 80,True,35.224555444543,128.585364599053,경상남도 창원시 마산회원구 양덕동 삼호로 80,100.0
하늘채우솔어린이집,경상남도 창원시 마산회원구 양덕서5길 15,경상남도 창원시 마산회원구 양덕서5길 15,False,35.227127096256,128.579743024232,경상남도 창원시 마산회원구 양덕동 양덕서5길 15,100.0
한일어린이집,경상남도 창원시 마산회원구 양덕서로 45 한일타운4차 관리동 1층,경상남도 창원시 마산회원구 양덕서로 45,True,35.229199857092,128.580583310025,경상남도 창원시 마산회원구 양덕동 양덕서로 45,100.0
대림어린이집,경상남도 창원시 마산회원구 양덕동2길 76 대림하이빌아파트 내 (양덕동),경상남도 창원시 마산회원구 양덕동2길 76,True,35.225083881628,128.58888558512,경상남도 창원시 마산회원구 양덕동 양덕동2길 76,100.0
라임어린이집,"경상남도 창원시 마산회원구 양덕로 151 208동 102호(양덕동, 한일타운)",경상남도 창원시 마산회원구 양덕로 151,True,35.232478941433,128.581798434528,경상남도 창원시 마산회원구 양덕동 양덕로 151,100.0
반디어린이집,"경상남도 창원시 마산회원구 양덕옛2길 16 109동 105호(양덕동, 양덕우성아파트)",경상남도 창원시 마산회원구 양덕옛2길 16,True,35.229026100239,128.578226821766,경상남도 창원시 마산회원구 양덕동 양덕옛2길 16,100.0
새봄어린이집,경상남도 창원시 마산회원구 삼호로 151 한일3차아파트 내 (양덕동),경상남도 창원시 마산회원구 삼호로 151,True,35.226152909559,128.574851680815,경상남도 창원시 마산회원구 양덕동 삼호로 151,100.0
예꼬어린이집,"경상남도 창원시 마산회원구 양덕로 48 104동 104호(양덕동, 창원롯데캐슬센텀골드)",경상남도 창원시 마산회원구 양덕로 48,True,35.22361034305,128.592448396884,경상남도 창원시 마산회원구 양덕동 양덕로 48,100.0
작은별어린이집,"경상남도 창원시 마산회원구 양덕서8길 25 105동 101호(양덕동, 한일타운1차)",경상남도 창원시 마산회원구 양덕서8길 25,True,35.231873642296,128.579388805004,경상남도 창원시 마산회원구 양덕동 양덕서8길 25,100.0
키즈누리 어린이집,"경상남도 창원시 마산회원구 양덕동2길 20 102동 104호(양덕동, 창원롯데하버팰리스)",경상남도 창원시 마산회원구 양덕동2길 20,True,35.222677772503,128.59181765867,경상남도 창원시 마산회원구 양덕동 양덕동2길 20,100.0
해무리 어린이집,"경상남도 창원시 마산회원구 양덕로 151 201동 101호(양덕동, 한일타운)",경상남도 창원시 마산회원구 양덕로 151,True,35.232478941433,128.581798434528,경상남도 창원시 마산회원구 양덕동 양덕로 151,100.0
행복가득하늘채어린이집,경상남도 창원시 마산회원구 양덕서5길 15 102동 102호(양덕동 코오롱하늘채),경상남도 창원시 마산회원구 양덕서5길 15,True,35.227127096256,128.579743024232,경상남도 창원시 마산회원구 양덕동 양덕서5길 15,100.0
BNK창원어린이집,경상남도 창원시 마산회원구 양덕로 135 (양덕동),경상남도 창원시 마산회원구 양덕로 135,True,35.230574824489,128.584008155663,경상남도 창원시 마산회원구 양덕동 양덕로 135,100.0
해솔어린이집,경상남도 창원시 마산회원구 합포로 285 잘본병원 2층,경상남도 창원시 마산회원구 합포로 285,True,35.222800357837,128.586737806251,경상남도 창원시 마산회원구 양덕동 합포로 285,100.0
창원시립 롯데캐슬어린이집,"경상남도 창원시 마산회원구 합성북16길 197 (합성동, 롯데캐슬더퍼스트)",경상남도 창원시 마산회원구 합성북16길 197,True,35.245016927479,128.586880885338,경상남도 창원시 마산회원구 합성동 합성북16길 197,100.0
샘보아이어린이집,경상남도 창원시 마산회원구 합성동3길 49,경상남도 창원시 마산회원구 합성동3길 49,False,35.241713326071,128.588412510505,경상남도 창원시 마산회원구 합성동 합성동3길 49,100.0
삼성창원병원 직장어린이집,경상남도 창원시 마산회원구 팔용로 158,경상남도 창원시 마산회원구 팔용로 158,False,35.243214105835,128.592518637233,경상남도 창원시 마산회원구 합성동 팔용로 158,100.0
창원시립 회성어린이집,경상남도 창원시 마산회원구 회성시장2길 20,경상남도 창원시 마산회원구 회성시장2길 20,False,35.233325555564,128.55695153985,경상남도 창원시 마산회원구 회성동 회성시장2길 20,100.0
예꿈어린이집,경상남도 창원시 마산회원구 회원동14길 22 (회원동),경상남도 창원시 마산회원구 회원동14길 22,True,35.219873355338,128.572385473443,경상남도 창원시 마산회원구 회원동 회원동14길 22,100.0
해든미래클어린이집,경상남도 창원시 마산회원구 회원동29길 63 (회원동),경상남도 창원시 마산회원구 회원동29길 63,True,35.218638198086,128.575508319109,경상남도 창원시 마산회원구 회원동 회원동29길 63,100.0
창원시립 e편한세상어린이집,"경상남도 창원시 마산회원구 회원남로 65 (회원동,e편한세상창원파크센트럴2단지)",경상남도 창원시 마산회원구 회원남로 65,True,35.220425303662,128.56910915513,경상남도 창원시 마산회원구 회원동 회원남로 65,100.0
e편한세상키즈어린이집,경상남도 창원시 마산회원구 회원북13길 20 e편한세상 창원파크센트럴1단지 관리동,경상남도 창원시 마산회원구 회원북13길 20,True,35.222036850276,128.569984477279,경상남도 창원시 마산회원구 회원동 회원북13길 20,100.0
달나라 어린이집,경상남도 창원시 마산회원구 교방시장1길 57 (회원동),경상남도 창원시 마산회원구 교방시장1길 57,True,35.217208748319,128.563965181151,경상남도 창원시 마산회원구 회원동 교방시장1길 57,100.0
청우 어린이집,경상남도 창원시 마산회원구 회원남33길 32 (회원동),경상남도 창원시 마산회원구 회원남33길 32,True,35.218328361035,128.562066596263,경상남도 창원시 마산회원구 회원동 회원남33길 32,100.0
행복가득 한마음어린이집,경상남도 창원시 마산회원구 회원북25길 23 (회원동),경상남도 창원시 마산회원구 회원북25길 23,True,35.219882994527,128.563673071826,경상남도 창원시 마산회원구 회원동 회원북25길 23,100.0
빛나는 진명어린이집,경상남도 창원시 마산회원구 교방시장1길 36,경상남도 창원시 마산회원구 교방시장1길 36,False,35.216914166332,128.562931608671,경상남도 창원시 마산회원구 회원동 교방시장1길 36,100.0
창원시립 경화어린이집,경상남도 창원시 진해구 진해대로614번길 14 창원시립 경화어린이집,경상남도 창원시 진해구 진해대로614번길 14,True,35.156909378784,128.682893826013,경상남도 창원시 진해구 경화동 진해대로614번길 14,100.0
두산위브드림어린이집,경상남도 창원시 진해구 조천로 30 경화동두산위브아파트 어린이집(복리동),경상남도 창원시 진해구 조천로 30,True,35.160464646835,128.685221145249,경상남도 창원시 진해구 경화동 조천로 30,100.0
킹스키즈어린이집,경상남도 창원시 진해구 조천로23번길 14 (경화동),경상남도 창원시 진해구 조천로23번길 14,True,35.159851091523,128.68347670356,경상남도 창원시 진해구 경화동 조천로23번길 14,100.0
해화어린이집,경상남도 창원시 진해구 조천북로 88 (경화동),경상남도 창원시 진해구 조천북로 88,True,35.161030886304,128.681659506951,경상남도 창원시 진해구 경화동 조천북로 88,100.0
창원시립 썬키즈어린이집,경상남도 창원시 진해구 진해대로979번길 5-7,경상남도 창원시 진해구 진해대로979번길 5-7,False,35.142023160654,128.707720268847,경상남도 창원시 진해구 자은동 진해대로979번길 5-7,100.0
창원시립 자은주공어린이집,경상남도 창원시 진해구 진해대로975번길 23 복리동,경상남도 창원시 진해구 진해대로975번길 23,True,35.142852047059,128.709802920329,경상남도 창원시 진해구 자은동 진해대로975번길 23,100.0
꼬마숲해담어린이집,경상남도 창원시 진해구 풍호로35번길 11 협성아이존빌  관리동,경상남도 창원시 진해구 풍호로35번길 11,True,35.140154205794,128.703875657499,경상남도 창원시 진해구 자은동 풍호로35번길 11,100.0
경동큰나무어린이집,"경상남도 창원시 진해구 풍호로3번길 14 106동 102호(풍호동, 경동윈츠빌아파트)",경상남도 창원시 진해구 풍호로3번길 14,True,35.140715164664,128.702149907454,경상남도 창원시 진해구 풍호동 풍호로3번길 14,100.0
덕산해군어린이집,경상남도 창원시 진해구 진해대로 943 덕산해군아파트,경상남도 창원시 진해구 진해대로 943,True,35.145010009941,128.708341367873,경상남도 창원시 진해구 자은동 진해대로 943,100.0
창원시립 글로벌리더어린이집,경상남도 창원시 진해구 병암북로8번길 3-16,경상남도 창원시 진해구 병암북로8번길 3-16,False,35.161125015077,128.691393494928,경상남도 창원시 진해구 경화동 병암북로8번길 3-16,100.0
연꽃누리어린이집,경상남도 창원시 진해구 충장로345번길 38-3,경상남도 창원시 진해구 충장로345번길 38-3,False,35.157179192247,128.689697919735,경상남도 창원시 진해구 경화동 충장로345번길 38-3,100.0
슈퍼키즈어린이집,경상남도 창원시 진해구 진해대로694번길 5-6,경상남도 창원시 진해구 진해대로694번길 5-6,False,35.158790403585,128.691877801293,경상남도 창원시 진해구 경화동 진해대로694번길 5-6,100.0
에셀나무어린이집,경상남도 창원시 진해구 충장로337번길 31 (경화동),경상남도 창원시 진해구 충장로337번길 31,True,35.15649338493,128.688623695024,경상남도 창원시 진해구 경화동 충장로337번길 31,100.0
아이존어린이집,"경상남도 창원시 진해구 병암로 20  102-103(이동, 디에스아이존빌)",경상남도 창원시 진해구 병암로 20,True,35.155847852657,128.693854924614,경상남도 창원시 진해구 이동 병암로 20,100.0
근로복지공단 진해어린이집,경상남도 창원시 진해구 진해대로776번길 35 (이동),경상남도 창원시 진해구 진해대로776번길 35,True,35.155450298989,128.69807898472,경상남도 창원시 진해구 이동 진해대로776번길 35,100.0
엄마사랑어린이집,경상남도 창원시 진해구 진해대로789번길 24 (석동),경상남도 창원시 진해구 진해대로789번길 24,True,35.159305764902,128.703870963633,경상남도 창원시 진해구 석동 진해대로789번길 24,100.0
우림큰사랑어린이집,"경상남도 창원시 진해구 해원로 45 112동(석동, 진해석동우림필유)",경상남도 창원시 진해구 해원로 45,True,35.156388653049,128.694712141852,경상남도 창원시 진해구 석동 해원로 45,100.0
벚꽃그린빌어린이집,경상남도 창원시 진해구 석동로 60 벚꽃그린빌 3단지복지동,경상남도 창원시 진해구 석동로 60,True,35.154797851646,128.706569098265,경상남도 창원시 진해구 석동 석동로 60,100.0
베베천사어린이집,"경상남도 창원시 진해구 해원로 45 123동103호(석동,우림필유)",경상남도 창원시 진해구 해원로 45,True,35.156388653049,128.694712141852,경상남도 창원시 진해구 석동 해원로 45,100.0
푸르지오어린이집,경상남도 창원시 진해구 진해대로 725 석동 대우푸르지오 아파트 내 복리층,경상남도 창원시 진해구 진해대로 725,True,35.160039390977,128.694901405226,경상남도 창원시 진해구 석동 진해대로 725,100.0
창원시립 여좌어린이집,경상남도 창원시 진해구 여좌로63번길 22,경상남도 창원시 진해구 여좌로63번길 22,False,35.158081294577,128.660267716581,경상남도 창원시 진해구 여좌동 여좌로63번길 22,100.0
SK숲art 어린이집,경상남도 창원시 진해구 여좌남로41번길 33 (여좌동),경상남도 창원시 진해구 여좌남로41번길 33,True,35.157910010385,128.660730816732,경상남도 창원시 진해구 여좌동 여좌남로41번길 33,100.0
천사들의뜰어린이집,경상남도 창원시 진해구 여좌로99번길 14 (여좌동),경상남도 창원시 진해구 여좌로99번길 14,True,35.160518961568,128.661383431713,경상남도 창원시 진해구 여좌동 여좌로99번길 14,100.0
창원시립 남양어린이집,"경상남도 창원시 진해구 월남로 144 관리동(남양동,창원 진해 비전시티 우방 아이유쉘 아파트)",경상남도 창원시 진해구 월남로 144,True,35.119834251292,128.77855422384,경상남도 창원시 진해구 남양동 월남로 144,100.0
창원시립 은성어린이집,"경상남도 창원시 진해구 웅동로51번길 24-3 상가101호(마천동,청안그린빌아파트)",경상남도 창원시 진해구 웅동로51번길 24-3,True,35.127516852285,128.781957360349,경상남도 창원시 진해구 마천동 웅동로51번길 24-3,100.0
배화어린이집,경상남도 창원시 진해구 남의로116번길 27 (두동),경상남도 창원시 진해구 남의로116번길 27,True,35.114221142192,128.795934770627,경상남도 창원시 진해구 두동 남의로116번길 27,100.0
사랑숲어린이집,경상남도 창원시 진해구 마천로 14-7,경상남도 창원시 진해구 마천로 14-7,False,35.125675306248,128.785311881818,경상남도 창원시 진해구 마천동 마천로 14-7,100.0
해오름아기세상어린이집,"경상남도 창원시 진해구 웅동로 182 102동 103호(두동, 희가로아파트)",경상남도 창원시 진해구 웅동로 182,True,35.118584677167,128.791999802362,경상남도 창원시 진해구 두동 웅동로 182,100.0
창원시립 용원어린이집,경상남도 창원시 진해구 용원남로7번길 4 창원시립용원어린이집,경상남도 창원시 진해구 용원남로7번길 4,True,35.09643600094,128.819287591064,경상남도 창원시 진해구 용원동 용원남로7번길 4,100.0
꽃뜰에어린이집,경상남도 창원시 진해구 용원북로11번길 8 (용원동),경상남도 창원시 진해구 용원북로11번길 8,True,35.104056198664,128.815225636966,경상남도 창원시 진해구 용원동 용원북로11번길 8,100.0
더푸르지오어린이집,경상남도 창원시 진해구 안골로298번길 26 114동(복리동),경상남도 창원시 진해구 안골로298번길 26,True,35.098097671335,128.80671222173,경상남도 창원시 진해구 안골동 안골로298번길 26,100.0
맑은샘어린이집,경상남도 창원시 진해구 안청로 124 서광해인로즈빌 관리동 맑은샘어린이집,경상남도 창원시 진해구 안청로 124,True,35.107293960223,128.805606313425,경상남도 창원시 진해구 청안동 안청로 124,100.0
바다별어린이집,경상남도 창원시 진해구 청안로 255,경상남도 창원시 진해구 청안로 255,False,35.099559181882,128.802469302343,경상남도 창원시 진해구 안골동 청안로 255,100.0
부산신항 5단지 부영사랑으로어린이집,경상남도 창원시 진해구 신항5로 43 (용원동 사랑으로 부영5단지 아파트),경상남도 창원시 진해구 신항5로 43,True,35.087254422292,128.806870304424,경상남도 창원시 진해구 용원동 신항5로 43,100.0
부산신항 6단지 부영사랑으로어린이집,"경상남도 창원시 진해구 신항5로 56 관리동 1층(용원동,사랑으로 부영6단지아파트)",경상남도 창원시 진해구 신항5로 56,True,35.087658136658,128.808424141634,경상남도 창원시 진해구 용원동 신항5로 56,100.0
부산신항13단지부영사랑으로어린이집,경상남도 창원시 진해구 신항4로 75 부산신항13단지 부영아파트 관리동,경상남도 창원시 진해구 신항4로 75,True,35.090290347622,128.816141276069,경상남도 창원시 진해구 용원동 신항4로 75,100.0
부산신항2단지 부영사랑으로어린이집,"경상남도 창원시 진해구 신항동로 226 관리동(용원동, 부산신항사랑으로 부영2단지아파트)",경상남도 창원시 진해구 신항동로 226,True,35.089149947785,128.805058639871,경상남도 창원시 진해구 용원동 신항동로 226,100.0
부산신항3단지부영 사랑으로 어린이집,경상남도 창원시 진해구 신항동로 225 관리동 (부산신항3단지 부영아파트),경상남도 창원시 진해구 신항동로 225,True,35.088504541241,128.803789452093,경상남도 창원시 진해구 용원동 신항동로 225,100.0
부산신항4단지부영 사랑으로 어린이집,경상남도 창원시 진해구 신항동로 267 부산신항4단지 부영아파트,경상남도 창원시 진해구 신항동로 267,True,35.087117084808,128.802923350038,경상남도 창원시 진해구 용원동 신항동로 267,100.0
부산신항8단지 부영사랑으로어린이집,경상남도 창원시 진해구 신항동로 136 부산신항8단지 부영아파트 어린이집,경상남도 창원시 진해구 신항동로 136,True,35.089896942996,128.814390715591,경상남도 창원시 진해구 용원동 신항동로 136,100.0
크니크니어린이집,경상남도 창원시 진해구 신항동로 143 111동(부산신항만이지더원아파트.복리동),경상남도 창원시 진해구 신항동로 143,True,35.088103006169,128.81156869643,경상남도 창원시 진해구 용원동 신항동로 143,100.0
하늘별꽃어린이집,경상남도 창원시 진해구 신항북로 202 211동(부산신항 이지더원아파트 2단지.복리동),경상남도 창원시 진해구 신항북로 202,True,35.08662519282,128.812587432942,경상남도 창원시 진해구 용원동 신항북로 202,100.0
꼬맹이어린이집,경상남도 창원시 진해구 용원북로12번안길 19 (용원동),경상남도 창원시 진해구 용원북로12번안길 19,True,35.102722889326,128.818970084572,경상남도 창원시 진해구 용원동 용원북로12번안길 19,100.0
꿈동산어린이집,"경상남도 창원시 진해구 신항4로 75 1307동101호(용원동, 부산신항13단지부영아파트)",경상남도 창원시 진해구 신항4로 75,True,35.090290347622,128.816141276069,경상남도 창원시 진해구 용원동 신항4로 75,100.0
꿈자람어린이집,"경상남도 창원시 진해구 신항동로 136 801동102호(용원동,부산신항8단지부영아파트)",경상남도 창원시 진해구 신항동로 136,True,35.089896942996,128.814390715591,경상남도 창원시 진해구 용원동 신항동로 136,100.0
동화숲어린이집,경상남도 창원시 진해구 안골로 359 일신님아파트 106-103,경상남도 창원시 진해구 안골로 359,True,35.102593682288,128.807912091169,경상남도 창원시 진해구 용원동 안골로 359,100.0
리온어린이집,"경상남도 창원시 진해구 안청북로 42 ,관리동 1층(용원동, 현대아파트)",경상남도 창원시 진해구 안청북로 42,True,35.103777123198,128.809946630527,경상남도 창원시 진해구 용원동 안청북로 42,100.0
리치어린이집,"경상남도 창원시 진해구 안골로 359 102동 104호(용원동, 일신님)",경상남도 창원시 진해구 안골로 359,True,35.102593682288,128.807912091169,경상남도 창원시 진해구 용원동 안골로 359,100.0
맑은숲어린이집,경상남도 창원시 진해구 안청로 126 112동101호,경상남도 창원시 진해구 안청로 126,True,35.106380626143,128.80623956621,경상남도 창원시 진해구 청안동 안청로 126,100.0
솔로몬어린이집,"경상남도 창원시 진해구 안청로 126 102-103(청안동, 해인로즈빌앞트)",경상남도 창원시 진해구 안청로 126,True,35.106380626143,128.80623956621,경상남도 창원시 진해구 청안동 안청로 126,100.0
아이뜰어린이집,"경상남도 창원시 진해구 안청남로 29-1 102동 105호(용원동, 일신님)",경상남도 창원시 진해구 안청남로 29-1,True,35.102600764997,128.806704091284,경상남도 창원시 진해구 용원동 안청남로 29-1,100.0
아이마음 어린이집,"경상남도 창원시 진해구 안청남로 33 109동 103호(용원동, 코아루)",경상남도 창원시 진해구 안청남로 33,True,35.10101453173,128.806737618897,경상남도 창원시 진해구 용원동 안청남로 33,100.0
아이원어린이집,"경상남도 창원시 진해구 안청북로 33 105동 102호(청안동, 풍림아파트)",경상남도 창원시 진해구 안청북로 33,True,35.104329364889,128.806551624465,경상남도 창원시 진해구 청안동 안청북로 33,100.0
아이조아 어린이집,"경상남도 창원시 진해구 신항동로 225 307동 101호(용원동, 부산신항3단지 부영아파트)",경상남도 창원시 진해구 신항동로 225,True,35.088504541241,128.803789452093,경상남도 창원시 진해구 용원동 신항동로 225,100.0
예쁜꼬마어린이집,"경상남도 창원시 진해구 안청남로 33 109동 106호(용원동, 코아루)",경상남도 창원시 진해구 안청남로 33,True,35.10101453173,128.806737618897,경상남도 창원시 진해구 용원동 안청남로 33,100.0
일신아이뜰어린이집,경상남도 창원시 진해구 안청남로 29-1 102동 106호(일신님아파트),경상남도 창원시 진해구 안청남로 29-1,True,35.102600764997,128.806704091284,경상남도 창원시 진해구 용원동 안청남로 29-1,100.0
재미팡팡어린이집,"경상남도 창원시 진해구 안청남로 33 107동 105호(용원동, 코아루)",경상남도 창원시 진해구 안청남로 33,True,35.10101453173,128.806737618897,경상남도 창원시 진해구 용원동 안청남로 33,100.0
초록어린이집,경상남도 창원시 진해구 안청남로 13 107-106(청안동 부영아파트),경상남도 창원시 진해구 안청남로 13,True,35.101459610789,128.803674787657,경상남도 창원시 진해구 청안동 안청남로 13,100.0
키즈맘어린이집,"경상남도 창원시 진해구 안청남로 29-1 102동 102호(용원동, 일신님)",경상남도 창원시 진해구 안청남로 29-1,True,35.102600764997,128.806704091284,경상남도 창원시 진해구 용원동 안청남로 29-1,100.0
해달별어린이집,경상남도 창원시 진해구 신항4로 75 1302동101호(용원동.부산신항13단지부영아파트),경상남도 창원시 진해구 신항4로 75,True,35.090290347622,128.816141276069,경상남도 창원시 진해구 용원동 신항4로 75,100.0
해담어린이집,"경상남도 창원시 진해구 신항동로 225 308동 106호(용원동, 부산신항3단지 부영아파트)",경상남도 창원시 진해구 신항동로 225,True,35.088504541241,128.803789452093,경상남도 창원시 진해구 용원동 신항동로 225,100.0
힐링어린이집,"경상남도 창원시 진해구 안청북로 33 101-103(청안동,풍림아파트)",경상남도 창원시 진해구 안청북로 33,True,35.104329364889,128.806551624465,경상남도 창원시 진해구 청안동 안청북로 33,100.0
창원시립 남문어린이집,경상남도 창원시 진해구 웅천동로43번길 19 진해남문호반베르디움아파트 관리동,경상남도 창원시 진해구 웅천동로43번길 19,True,35.10359511017,128.757852934654,경상남도 창원시 진해구 남문동 웅천동로43번길 19,100.0
창원시립 남문프라디움어린이집,"경상남도 창원시 진해구 웅천동로 100 (남문동, 남문시티프라디움2차아파트)",경상남도 창원시 진해구 웅천동로 100,True,35.103280537344,128.751739090659,경상남도 창원시 진해구 남문동 웅천동로 100,100.0
창원시립 리젠시빌어린이집,경상남도 창원시 진해구 웅천동로1번길 18,경상남도 창원시 진해구 웅천동로1번길 18,False,35.104383931078,128.758574700336,경상남도 창원시 진해구 남문동 웅천동로1번길 18,100.0
남문시티이화어린이집,"경상남도 창원시 진해구 웅천동로 16 (남문동, 남문1차 시티프라디움)복리동",경상남도 창원시 진해구 웅천동로 16,True,35.105561714203,128.755669365058,경상남도 창원시 진해구 남문동 웅천동로 16,100.0
더웰어린이집,경상남도 창원시 진해구 웅천동로 13 남문리젠시빌란트더웰 관리동,경상남도 창원시 진해구 웅천동로 13,True,35.106639794589,128.757502990196,경상남도 창원시 진해구 남문동 웅천동로 13,100.0
무지개어린이집,경상남도 창원시 진해구 웅천중로51번길 24 (서중동),경상남도 창원시 진해구 웅천중로51번길 24,True,35.11025398742,128.747431211522,경상남도 창원시 진해구 서중동 웅천중로51번길 24,100.0
꽃길어린이집,"경상남도 창원시 진해구 웅천동로 100 206동 101호(남문동, 남문시티프라디움2차)",경상남도 창원시 진해구 웅천동로 100,True,35.103280537344,128.751739090659,경상남도 창원시 진해구 남문동 웅천동로 100,100.0
남문시티어린이집,경상남도 창원시 진해구 웅천동로 16 112동103호(남문동.시티프라디움1차아파트),경상남도 창원시 진해구 웅천동로 16,True,35.105561714203,128.755669365058,경상남도 창원시 진해구 남문동 웅천동로 16,100.0
남문햇살어린이집,경상남도 창원시 진해구 웅천동로 16 105동103호(남문동.시티프라디움1차아파트),경상남도 창원시 진해구 웅천동로 16,True,35.105561714203,128.755669365058,경상남도 창원시 진해구 남문동 웅천동로 16,100.0
시티행복어린이집,"경상남도 창원시 진해구 웅천동로 100 208동 102호(남문동, 시티프라디움2차)",경상남도 창원시 진해구 웅천동로 100,True,35.103280537344,128.751739090659,경상남도 창원시 진해구 남문동 웅천동로 100,100.0
아이사랑어린이집,경상남도 창원시 진해구 이동로13번길 8 (이동),경상남도 창원시 진해구 이동로13번길 8,True,35.151575554699,128.693526018734,경상남도 창원시 진해구 이동 이동로13번길 8,100.0
창원시립 자은센트럴어린이집,"경상남도 창원시 진해구 냉천로 189 (자은동, 센트럴빌리지)",경상남도 창원시 진해구 냉천로 189,True,35.156476327757,128.717171870506,경상남도 창원시 진해구 자은동 냉천로 189,100.0
창원시립 자은하늘닮어린이집,경상남도 창원시 진해구 냉천로 192 천년나무아파트 관리동,경상남도 창원시 진해구 냉천로 192,True,35.15591679381,128.717373036182,경상남도 창원시 진해구 자은동 냉천로 192,100.0
은혜영아전담어린이집,경상남도 창원시 진해구 자은로78번길 41 (자은동),경상남도 창원시 진해구 자은로78번길 41,True,35.149035796127,128.710078936401,경상남도 창원시 진해구 자은동 자은로78번길 41,100.0
발도르프예쁜어린이집,경상남도 창원시 진해구 냉천로129번길 30-1 (자은동),경상남도 창원시 진해구 냉천로129번길 30-1,True,35.156451140138,128.709856396872,경상남도 창원시 진해구 자은동 냉천로129번길 30-1,100.0
에일린의뜰어린이집,경상남도 창원시 진해구 냉천로 235 에일린의뜰,경상남도 창원시 진해구 냉천로 235,True,35.154925885217,128.721444042735,경상남도 창원시 진해구 자은동 냉천로 235,100.0
예그리나어린이집,"경상남도 창원시 진해구 진해대로921번길 10 벚꽃마을아파트 내 복리동(자은동,벚꽃마을아파트)",경상남도 창원시 진해구 진해대로921번길 10,True,35.146809059729,128.709527323353,경상남도 창원시 진해구 자은동 진해대로921번길 10,100.0
중흥솔가람어린이집,경상남도 창원시 진해구 냉천로 262 110동(관리동),경상남도 창원시 진해구 냉천로 262,True,35.152749440238,128.718318598679,경상남도 창원시 진해구 자은동 냉천로 262,100.0
프라임크로바어린이집,경상남도 창원시 진해구 냉천로 257 LH자은프라임 복리동,경상남도 창원시 진해구 냉천로 257,True,35.153069964216,128.720165970139,경상남도 창원시 진해구 자은동 냉천로 257,100.0
하늘소어린이집,경상남도 창원시 진해구  자은로64번길 13 (자은동),경상남도 창원시 진해구 자은로64번길 13,True,35.150114756613,128.709004376414,경상남도 창원시 진해구 자은동 자은로64번길 13,100.0
사랑별어린이집,"경상남도 창원시 진해구 냉천로 257 116동 102호(자은동,자은프라임)",경상남도 창원시 진해구 냉천로 257,True,35.153069964216,128.720165970139,경상남도 창원시 진해구 자은동 냉천로 257,100.0
생태친화어린이집,경상남도 창원시 진해구 냉천로 310-31,경상남도 창원시 진해구 냉천로 310-31,False,35.153326366634,128.715164320876,경상남도 창원시 진해구 자은동 냉천로 310-31,100.0
아이스토리어린이집,"경상남도 창원시 진해구 냉천로 84 112동 101호(자은동, 대동빌라트)",경상남도 창원시 진해구 냉천로 84,True,35.152690515459,128.706372626455,경상남도 창원시 진해구 자은동 냉천로 84,100.0
창원시립 신흥어린이집,경상남도 창원시 진해구 충무로 23 (신흥동),경상남도 창원시 진해구 충무로 23,True,35.145985286285,128.656045584314,경상남도 창원시 진해구 신흥동 충무로 23,100.0
글로리아어린이집,경상남도 창원시 진해구 태평로 80 글로리아어린이집,경상남도 창원시 진해구 태평로 80,True,35.144843335797,128.668388858749,경상남도 창원시 진해구 대죽동 태평로 80,100.0
홍익어린이집,경상남도 창원시 진해구 편백로7번길 20 (회현동),경상남도 창원시 진해구 편백로7번길 20,True,35.151268567495,128.657330613889,경상남도 창원시 진해구 회현동 편백로7번길 20,100.0
궁전어린이집,경상남도 창원시 진해구 태평로48번길 9 (충의동),경상남도 창원시 진해구 태평로48번길 9,True,35.144790865083,128.664532764193,경상남도 창원시 진해구 충의동 태평로48번길 9,100.0
오션빌해군어린이집,경상남도 창원시 진해구 여명로 19 오션빌아파트내,경상남도 창원시 진해구 여명로 19,True,35.154714158343,128.653635535694,경상남도 창원시 진해구 동상동 여명로 19,100.0
숙명어린이집,경상남도 창원시 진해구 태백서로 75 (태백동),경상남도 창원시 진해구 태백서로 75,True,35.157658804747,128.674444867612,경상남도 창원시 진해구 태백동 태백서로 75,100.0
창원시립 보배하나어린이집,경상남도 창원시 진해구 진해대로 1101 진해종합사회복지관 부설 장애전담보배하나어린이집,경상남도 창원시 진해구 진해대로 1101,True,35.131430823883,128.709772661659,경상남도 창원시 진해구 풍호동 진해대로 1101,100.0
풍호은성영아전담어린이집,경상남도 창원시 진해구 천자로385번길 9-12,경상남도 창원시 진해구 천자로385번길 9-12,False,35.13578459394,128.706049923182,경상남도 창원시 진해구 풍호동 천자로385번길 9-12,100.0
늘푸른어린이집,경상남도 창원시 진해구 천자로 386 마린푸르지오아파트 복리동,경상남도 창원시 진해구 천자로 386,True,35.133650770939,128.706089569584,경상남도 창원시 진해구 풍호동 천자로 386,100.0
마린빅스맘어린이집,"경상남도 창원시 진해구 충장로657번길 35 관리동(풍호동, 창원마린푸르지오 2단지아파트)",경상남도 창원시 진해구 충장로657번길 35,True,35.13108653721,128.706539342509,경상남도 창원시 진해구 풍호동 충장로657번길 35,100.0
조이어린이집,경상남도 창원시 진해구 천자로413번길 5 (풍호동),경상남도 창원시 진해구 천자로413번길 5,True,35.135565910086,128.709706193167,경상남도 창원시 진해구 풍호동 천자로413번길 5,100.0
파랑새어린이집,"경상남도 창원시 진해구 진해대로1026번길 15 부길하이츠빌라 101,102 (풍호동)",경상남도 창원시 진해구 진해대로1026번길 15,True,35.137471326225,128.706113541828,경상남도 창원시 진해구 풍호동 진해대로1026번길 15,100.0
한신에코어린이집,경상남도 창원시 진해구 행암로 5 213동(복리동),경상남도 창원시 진해구 행암로 5,True,35.128661987897,128.708950732233,경상남도 창원시 진해구 장천동 행암로 5,100.0
해누리어린이집,경상남도 창원시 진해구 행암로 25 대동다숲아파트내 복리동 해누리어린이집,경상남도 창원시 진해구 행암로 25,True,35.129639611174,128.70606048438,경상남도 창원시 진해구 장천동 행암로 25,100.0
산새소리어린이집,"경상남도 창원시 진해구 풍호로42번길 13 112동 102호(풍호동, 동부산아이존빌)",경상남도 창원시 진해구 풍호로42번길 13,True,35.138625095197,128.706117984236,경상남도 창원시 진해구 풍호동 풍호로42번길 13,100.0
에코베베어린이집,"경상남도 창원시 진해구 충장로 575 110동 103호(풍호동, 우성아파트)",경상남도 창원시 진해구 충장로 575,True,35.139354111226,128.705602832467,경상남도 창원시 진해구 풍호동 충장로 575,100.0
우성루키어린이집,"경상남도 창원시 진해구 충장로 575 118동 107호(풍호동, 우성아파트)",경상남도 창원시 진해구 충장로 575,True,35.139354111226,128.705602832467,경상남도 창원시 진해구 풍호동 충장로 575,100.0
바다마을해군어린이집,경상남도 창원시 진해구 충장로 645,경상남도 창원시 진해구 충장로 645,False,35.132062232649,128.704349737942,경상남도 창원시 진해구 풍호동 충장로 645,100.0
