grid_id,latitude,longitude,cctv_exist,light_exist,wifi_exist,child_risk_pct,elderly_risk_pct
G000803,35.131442,128.368762,1,1,1,0.0,0.0
G002312,35.12411,128.385146,1,1,1,0.0,0.0
G009818,35.090183,128.459377,1,1,1,0.0,0.0
G010186,35.134335,128.463188,1,1,1,0.0,15.97
G011530,35.13423,128.476358,1,1,1,0.0,0.0
G011846,35.156752,128.478823,1,1,1,0.0,0.0
G012825,35.237841,128.48639,1,1,1,0.0,0.0
G012889,35.137756,128.486279,1,1,1,0.0,0.0
G014901,35.264789,128.49881,1,1,1,0.0,0.0
G015250,35.233216,128.50062,1,1,1,0.0,0.0
G015821,35.227779,128.50385,1,1,1,0.0,0.0
G016001,35.215148,128.504793,1,1,1,0.0,0.0
G016425,35.245783,128.507369,1,1,1,0.0,0.0
G016794,35.230438,128.509377,1,1,1,0.0,0.0
G016822,35.255682,128.50969,1,1,1,0.0,0.0
G017008,35.251165,128.510734,1,1,1,0.0,5.84
G017199,35.252057,128.511844,1,1,1,0.0,13.89
G018559,35.255599,128.519583,1,1,1,0.0,0.0
G021645,35.259046,128.538314,1,1,1,0.0,18.06
G025450,35.184938,128.558237,1,1,1,0.0,2.78
G025671,35.181322,128.559289,1,1,1,0.0,51.28
G025895,35.179509,128.560363,1,1,1,24.18,3.27
G026183,35.232692,128.562154,1,1,1,0.0,0.0
G026380,35.190309,128.5627,1,1,1,15.62,37.5
G026881,35.189388,128.564885,1,1,1,0.0,0.0
G026899,35.205616,128.565097,1,1,1,0.0,0.0
G027429,35.23084,128.567624,1,1,1,0.0,13.46
G027676,35.229027,128.5687,1,1,1,0.0,0.0
G027896,35.205577,128.569491,1,1,1,0.0,0.0
G027911,35.219101,128.569668,1,1,1,2.6,38.31
G028664,35.207351,128.57281,1,1,1,0.0,8.97
G028943,35.212751,128.573979,1,1,1,0.0,0.0
G028949,35.21816,128.574051,1,1,1,0.0,0.0
G029217,35.203725,128.574959,1,1,1,0.0,37.5
G029221,35.207332,128.575007,1,1,1,0.0,8.44
G029508,35.203716,128.576058,1,1,1,0.0,37.5
G029803,35.206411,128.577192,1,1,1,0.0,8.97
G030098,35.209105,128.578326,1,1,1,0.0,17.39
G030692,35.210889,128.580547,1,1,1,0.0,0.0
G030932,35.119822,128.58044,1,1,1,0.0,0.0
G031631,35.231595,128.584118,1,1,1,0.0,0.0
G031643,35.242414,128.584262,1,1,1,0.0,16.98
G031923,35.220767,128.585073,1,1,1,0.0,18.99
G031931,35.227979,128.585169,1,1,1,0.0,1.2
G031933,35.229782,128.585193,1,1,1,0.0,0.0
G032245,35.238788,128.586412,1,1,1,0.0,25.33
G032247,35.240591,128.586436,1,1,1,0.0,15.72
G033151,35.236054,128.589672,1,1,1,0.0,15.89
G033442,35.221619,128.590578,1,1,1,0.0,0.0
G033466,35.243256,128.590868,1,1,1,0.0,0.0
G033785,35.247754,128.592027,1,1,1,0.0,4.86
G034107,35.249547,128.59315,1,1,1,0.0,15.85
G034111,35.253153,128.593199,1,1,1,0.0,0.69
G036102,35.252192,128.599781,1,1,1,0.0,27.27
G036820,35.299953,128.602626,1,1,1,0.0,0.0
G038116,35.347694,128.607677,1,1,1,0.0,0.0
G039840,35.25748,128.613043,1,1,1,0.0,0.69
G040643,35.166394,128.615095,1,1,1,0.0,2.68
G041344,35.264642,128.618638,1,1,1,0.0,15.44
G041935,35.261016,128.620787,1,1,1,0.0,0.0
G042814,35.260985,128.624084,1,1,1,0.0,0.0
G043105,35.264581,128.625233,1,1,1,0.0,2.96
G043385,35.261866,128.626295,1,1,1,0.0,6.83
G043866,35.205049,128.627707,1,1,1,0.0,0.0
G044127,35.201433,128.628755,1,1,1,0.0,0.0
G045766,35.260872,128.636175,1,1,1,0.0,2.72
G046026,35.257256,128.637224,1,1,1,0.0,0.66
G047028,35.243691,128.641431,1,1,1,0.0,21.53
G047274,35.242779,128.642517,1,1,1,8.97,0.0
G047523,35.245474,128.643654,1,1,1,0.0,0.0
G048284,35.249049,128.647001,1,1,1,28.47,45.83
G048791,35.245422,128.649148,1,1,1,0.0,0.68
G049722,35.355375,128.654006,1,1,1,0.0,0.0
G049868,35.241774,128.653493,1,1,1,0.0,19.48
G050956,35.243535,128.657914,1,1,1,0.0,0.0
G051231,35.244426,128.659026,1,1,1,0.0,5.56
G051232,35.245327,128.659039,1,1,1,0.0,33.33
G051406,35.154262,128.658844,1,1,1,0.0,14.74
G051411,35.15877,128.658908,1,1,1,0.0,0.0
G051678,35.146138,128.659826,1,1,1,0.0,0.0
G051958,35.144324,128.660898,1,1,1,0.0,26.62
G052916,35.242559,128.665594,1,1,1,0.0,0.0
G053394,35.151484,128.666489,1,1,1,0.0,43.05
G053684,35.151473,128.667587,1,1,1,0.0,18.59
G054048,35.217274,128.669627,1,1,1,0.0,0.0
G054260,35.14424,128.669679,1,1,1,0.0,0.0
G054373,35.246112,128.67114,1,1,1,0.0,30.72
G054931,35.219947,128.672962,1,1,1,0.0,0.0
G055228,35.229853,128.674203,1,1,1,0.0,0.0
G056035,35.226215,128.677447,1,1,1,0.0,27.56
G056559,35.227095,128.679657,1,1,1,0.0,0.0
G057848,35.224337,128.685112,1,1,1,0.0,4.86
G058127,35.243258,128.686486,1,1,1,0.0,0.0
G058424,35.279308,128.688111,1,1,1,0.0,0.0
G058542,35.153986,128.687384,1,1,1,0.0,2.61
G059073,35.153964,128.689579,1,1,1,0.0,0.0
G059427,35.227878,128.691756,1,1,1,0.0,0.0
G060764,35.208892,128.696971,1,1,1,0.0,0.0
G060779,35.222415,128.69717,1,1,1,0.0,0.0
G061056,35.221503,128.698255,1,1,1,0.0,0.0
G061600,35.213367,128.700333,1,1,1,17.37,6.59
G061817,35.157462,128.700609,1,1,1,0.0,22.82
G061892,35.225076,128.701604,1,1,1,0.0,0.0
G062908,35.155616,128.704973,1,1,1,0.0,0.0
G063156,35.146589,128.705938,1,1,1,0.0,0.0
G063157,35.147491,128.705951,1,1,1,0.0,0.0
G063161,35.151097,128.706005,1,1,1,0.0,0.0
G063327,35.335004,128.708731,1,1,1,0.0,32.64
G063742,35.215984,128.709161,1,1,1,0.0,0.0
G070288,35.11369,128.749345,1,1,1,0.0,0.0
G070515,35.110963,128.751498,1,1,1,0.0,4.17
G073189,35.125967,128.782457,1,1,1,0.0,28.47
