경로당명,도로명주소
 고양 경로당 ,경상남도 창원시 의창구 동읍 백월로 540
 곡목 경로당 ,경상남도 창원시 의창구 동읍 동읍로 359번길 47
 금동 경로당 ,경상남도 창원시 의창구 동읍 동읍로 835번길 7
 금산 경로당 ,경상남도 창원시 의창구 동읍 동읍로 670번길 6
 기로회 경로당 ,경상남도 창원시 의창구 동읍 용잠로 45-5
 남산경로당 ,경상남도 창원시 의창구 동읍 용남길 10번길 74
 내단 경로당 ,경상남도 창원시 의창구 동읍 자여로 118번길 7
 노옥 경로당 ,경상남도 창원시 의창구 동읍 노연로 143번길 12
 다호 경로당 ,경상남도 창원시 의창구 동읍 동읍로 267번 다호길 35
 단산경로당 ,경상남도 창원시 의창구 동읍 자여로 78번길 5
 달천 경로당 ,경상남도 창원시 의창구 동읍 노연로 69번길 27
 대한APT 경로당 ,경상남도 창원시 의창구 동읍 신방로 17(대한아파트)
 덕산경로당 ,경상남도 창원시 의창구 동읍 덕산길43번길 8
 덕천경로당 ,경상남도 창원시 의창구 동읍 동읍로 19번길 50
 동부산2차아파트경로당 ,경상남도 창원시 의창구 동읍 용정길32번길 14(동부산훼미리타운2차)
 동월 경로당 ,경상남도 창원시 의창구 동읍 주남로 128번길 68-2
 마룡 경로당 ,경상남도 창원시 의창구 동읍 석산길 51번길 8-18
 모암 경로당 ,경상남도 창원시 의창구 동읍 동읍로 213번길 7
 무성 경로당 ,경상남도 창원시 의창구 동읍 무성길47번길 1
 무성1구경로당 ,경상남도 창원시 의창구 동읍 무성길47번길 21
 무성1구남자경로당 ,경상남도 창원시 의창구 동읍 무성길 47번길 21
 무성부인 경로당 ,경상남도 창원시 의창구 동읍 무성길47번길 1
 무점 경로당 ,경상남도 창원시 의창구 동읍 무점길 88번길 21-12
 본포 경로당 ,경상남도 창원시 의창구 동읍 동읍로 1310번길 68
 봉강 경로당 ,경상남도 창원시 의창구 동읍 동읍로 1141번길 31
 봉곡 경로당 ,경상남도 창원시 의창구 동읍 동읍로 1057번길  51
 봉산경로당 ,경상남도 창원시 의창구 동읍 자여로 60번길 11
 산남 경로당 ,경상남도 창원시 의창구 동읍 봉강가술로 203
 삼운 경로당 ,경상남도 창원시 의창구 동읍 동읍로 1153
 삼진아파트경로당 ,"경상남도 창원시 의창구 동읍 의창대로915번길 8, (삼진아파트)"
 석산 경로당 ,경상남도 창원시 의창구 동읍 석산길 16번길 9
 성진2차경로당 ,경상남도 창원시 의창구 동읍 용정길 46번길 35
 성진까치빌라경로당 ,경상남도 창원시 의창구 동읍 단계로 84
 성진정 경로당 ,경상남도 창원시 의창구 동읍 용정길 46번길 53
 송정1구경로당 ,경상남도 창원시 의창구 동읍 자여로 82
 송정주공APT경로당 ,경상남도 창원시 의창구 동읍 용정길 26(송정주공아파트)
 신방 경로당 ,경상남도 창원시 의창구 동읍로 112번길 1-5
 신방 부인 경로당 ,경상남도 창원시 의창구 동읍로 112번길 1-5
 신안APT 경로당 ,경상남도 창원시 의창구 동읍 동읍로 7
 양교경로당 ,경상남도 창원시 의창구 동읍 동읍로 968-2
 외단경로당 ,경상남도 창원시 의창구 동읍 자여로 115번길 84
 용강 경로당 ,경상남도 창원시 의창구 동읍 의창대로 421번길 43
 용산 경로당 ,경상남도 창원시 의창구 동읍 죽동길 53
 용산부인경로당 ,경상남도 창원시 의창구 동읍 죽동길 53
 용암 경로당 ,경상남도 창원시 의창구 동읍 의창대로 491번길 57-3
 용연 경로당 ,경상남도 창원시 의창구 동읍 노연로 224-12
 용잠1구 경로당 ,경상남도 창원시 의창구 동읍 용잠로 42-12
 용잠2구 경로당 ,경상남도 창원시 의창구 동읍 의창대로 900번길 9-4
 용잠3구 경로당 ,경상남도 창원시 의창구 동읍 동읍로 16-12
 용잠6구경로당 ,경상남도 창원시 의창구 동읍 의창대로 915번길 17-2
 용잠본동경로당 ,경상남도 창원시 의창구 동읍 동읍로 83번길 33-3
 용잠본동부인경로당 ,경상남도 창원시 의창구 동읍 동읍로 83번길 33-3
 용전경로당 ,경상남도 창원시 의창구 동읍 용남길 85
 용정1구 경로당 ,경상남도 창원시 의창구 동읍 자여로 100
 용정2구 경로당 ,경상남도 창원시 의창구 동읍 용정길 46번길 49-1
 용정3구경로당 ,경상남도 창원시 의창구 동읍 용정길46번길 42-10
 원봉강 경로당 ,경상남도 창원시 의창구 동읍 동읍로 1187번길 12
 원창아파트 경로당 ,경상남도 창원시 의창구 동읍 의창대로858 (원창호수아파트)
 월잠 경로당 ,경상남도 창원시 의창구 동읍 주남로 61번길 1
 이운 경로당 ,경상남도 창원시 의창구 동읍 백월로 549
전촌 경로당,경상남도 창원시 의창구 동읍 동읍로 1223번길 36-17
죽동 경로당,경상남도 창원시 의창구 동읍 봉강가술로 237번길 8
칠성그린APT 경로당,경상남도 창원시 의창구 동읍 동읍로 196(칠성그린아파트)
판신경로당,경상남도 창원시 의창구 동읍 주남로 184번길 5
합산 경로당,경상남도 창원시 의창구 동읍 죽동길 25번길 66
화목 경로당,경상남도 창원시 의창구 동읍 화양길 72
가곡 경로당,경상남도 창원시 의창구 동읍 신촌본포로442번길 26
용잠1구여성경로당,경상남도 창원시 의창구 동읍 용잠로 42-11
STX칸1차아파트경로당,"경상남도 창원시 의창구 북면 무동서로 76(북면, STX칸1차)"
감계아내1차아파트경로당,"경상남도 창원시 의창구 북면 감계로 277(북면, 감계아내에코)"
감계아내2차아파트경로당,경상남도 창원시 의창구 북면 감계로 342
감계푸르지오아파트경로당,경상남도 창원시 의창구 북면 감계로 221
감계휴먼빌경로당,"경상남도 창원시 의창구 북면 감계로 297(북면, 감계휴먼빌)"
감계힐스테이트1차아파트경로당,"경상남도 창원시 의창구 북면 동전로 86(북면, 감계힐스테이트1차)"
감계힐스테이트2차아파트경로당,경상남도 창원시 의창구 북면 감계로 341
감계힐스테이트3차아파트경로당,"경상남도 창원시 의창구 북면 감계로 259(북면, 감계힐스테이트3차)"
감계힐스테이트4차아파트경로당,"경상남도 창원시 의창구 북면 감계로 233(북면, 감계힐스테이트4차)"
고암경로당,경상남도 창원시 의창구 북면 고암길 26(북면)
남백경로당,경상남도 창원시 의창구 북면 백월로277번길 10(북면)
내감경로당,경상남도 창원시 의창구 북면 내감1길 20(북면)
내감부인경로당,경상남도 창원시 의창구 북면 내감1길 20(북면)
내산경로당,경상남도 창원시 의창구 북면 외산로157번길 5-4(북면)
대천경로당,경상남도 창원시 의창구 북면 천주로 606(북면)
대한경로당,경상남도 창원시 의창구 북면 구룡로 79-15(북면)
대호아파트경로당,"경상남도 창원시 의창구 북면 천주로 1053(북면, 대호아파트)"
동전경로당,경상남도 창원시 의창구 북면 동전무동길 30(북면)
마산경로당,경상남도 창원시 의창구 북면 마산길 48(북면)
마산부인경로당,경상남도 창원시 의창구 북면 마산길 49(북면)
명촌경로당,경상남도 창원시 의창구 북면 외산로 349(북면)
명호경로당,경상남도 창원시 의창구 북면 천주로759번길 15-9(북면)
무동경로당,경상남도 창원시 의창구 북면 동전무동안길 20-5(북면)
무동코아루파크아파트경로당,경상남도 창원시 의창구 북면 무동로 213
무동휴먼빌1단지아파트경로당,"경상남도 창원시 의창구 북면 동곡로 33(북면, 무동휴먼빌1단지)"
무동휴먼빌2단지아파트경로당,"경상남도 창원시 의창구 북면 동곡로 35(북면, 무동휴먼빌2단지)"
무동휴먼빌3단지아파트경로당,경상남도 창원시 의창구 북면 무동로226번길 19
바깥신천경로당,경상남도 창원시 의창구 북면 천주로 1398-12(북면)
북면갈전경로당,경상남도 창원시 의창구 북면 구룡로380번길 47-1(북면)
북면경로당,경상남도 창원시 의창구 북면 천주로1128번길 8(북면)
상천(봉촌)경로당,경상남도 창원시 의창구 북면 온천로 648-22(북면)
센텀파라디아아파트경로당,경상남도 창원시 의창구 북면 무동서로 24
소라경로당,경상남도 창원시 의창구 북면 백월로167번길 14
송촌경로당,경상남도 창원시 의창구 북면 무릉산길 239-3(북면)
승산경로당,경상남도 창원시 의창구 북면 구룡로 339(북면)
신기경로당,경상남도 창원시 의창구 북면 천주로 1337(북면)
신동경로당,경상남도 창원시 의창구 북면 천주로862번길 46-1(북면)
신리경로당,경상남도 창원시 의창구 북면 신리길35번길 2(북면)
신리부녀경로당,경상남도 창원시 의창구 북면 신리길 17(북면)
신목경로당,경상남도 창원시 의창구 북면 천주로1263번길 2(북면)
신우경로당,"경상남도 창원시 의창구 북면 신촌본포로 8(북면, 신우아파트)"
신음경로당,경상남도 창원시 의창구 북면 무릉산길 2(북면)
신천경로당,경상남도 창원시 의창구 북면 하천로 245(북면)
신한1차아파트경로당,"경상남도 창원시 의창구 북면 천주로 1104(북면, 신한그린파크맨션)"
신한2차아파트경로당,"경상남도 창원시 의창구 북면 천주로 1103(북면, 신한2차아파트)"
양지경로당,경상남도 창원시 의창구 북면 구룡로314번길 1(북면)
양촌경로당,경상남도 창원시 의창구 북면 운무로783번길 60(북면)
연동경로당,경상남도 창원시 의창구 북면 신촌본포로 186(북면)
온천남자경로당,경상남도 창원시 의창구 북면 천주로1128번길 8(북면)
온천부녀경로당,경상남도 창원시 의창구 북면 천주로1128번길 8(북면)
외감경로당,경상남도 창원시 의창구 북면 달천길52번길 28(북면)
외감부인경로당,경상남도 창원시 의창구 북면 달천길52번길 28(북면)
월계경로당,경상남도 창원시 의창구 북면 월계길9번길 87(북면)
월백경로당,경상남도 창원시 의창구 북면 백월로167번길 14
월백부녀경로당,경상남도 창원시 의창구 북면 백월로167번길 14
월촌경로당,경상남도 창원시 의창구 북면 백월로87번월촌길 54
중리경로당,경상남도 창원시 의창구 북면 단내로 701-14
중방경로당,경상남도 창원시 의창구 북면 중방길 3-22
중촌경로당,경상남도 창원시 의창구 북면 하천로86번길 22-1
지개경로당,경상남도 창원시 의창구 북면 구룡로38번길 39
천수림아파트경로당,"경상남도 창원시 의창구 북면 감계로 222, 103동 지하1층 (북면, 천수림)"
청우아파트경로당,경상남도 창원시 의창구 북면 천주로1083번길 10-1
초소경로당,경상남도 창원시 의창구 북면 외산로 207
춘광1차아파트경로당,경상남도 창원시 의창구 북면 신촌본포로 14(춘광아파트)
춘광2차아파트경로당,경상남도 창원시 의창구 북면 신촌본포로 12-13(춘광아파트)
춘광마을경로당,경상남도 창원시 의창구 북면 신촌본포로 28
하천(대촌)경로당,경상남도 창원시 의창구 북면 하천로 129
현도경로당,경상남도 창원시 의창구 북면 외산로117번길 9
현천노인당,경상남도 창원시 의창구 북면 단내로591번길 8-10
화천경로당,경상남도 창원시 의창구 북면 천주로480번길 10-3
화천부녀경로당,경상남도 창원시 의창구 북면 천주로480번길 10-3
동전월드메르디앙아파트경로당,경상남도 창원시 의창구 북면 동전로224번길 3
신전경로당,경상남도 창원시 의창구 대산면 대산북로 279번길 25-1 (1층)
상리경로당,경상남도 창원시 의창구 대산면 갈전로 61
갈전경로당,경상남도 창원시 의창구 대산면 갈전로 80번길 11
갈전부인경로당,경상남도 창원시 의창구 대산면 대산북로 385번길 10
평리경로당,경상남도 창원시 의창구 대산면 대산북로 385번길 10
송정경로당,경상남도 창원시 의창구 대산면 죽송로 135
유목경로당,경상남도 창원시 의창구 대산면 갈전로 90번길 2
일동경로당,경상남도 창원시 의창구 대산면 갈전로 120
일동부인경로당,경상남도 창원시 의창구 대산면 갈전로 120
구산경로당,경상남도 창원시 의창구 대산면 대산북로 524번길 118
당리경로당,경상남도 창원시 의창구 대산면 대산북로 495번길 20
신성경로당,경상남도 창원시 의창구 대산북로524번길 8-17
수성경로당,경상남도 창원시 의창구 대산면 대산북로 524번길 15-11
북모산경로당,경상남도 창원시 의창구 대산면 대산북로 747
남모산경로당,경상남도 창원시 의창구 대산면 모산길 28
송등경로당,경상남도 창원시 의창구 대산면 진산대로 528번길 30
북가술경로당,경상남도 창원시 의창구 대산면 가술길 34번길 8
해강그린A경로당,경상남도 창원시 의창구 대산면 진산대로 439
남가술경로당,경상남도 창원시 의창구 대산면 가술길 20
남가술부인경로당,경상남도 창원시 의창구 대산면 가술길 5
가촌경로당,경상남도 창원시 의창구 대산면 봉강가술로 471번길 31-8
장등경로당,경상남도 창원시 의창구 대산면 주남로 503번길 43-50
신등경로당,경상남도 창원시 의창구 대산면 가술산남로 15
신동경로당,경상남도 창원시 의창구 대산면 가술산남로 37
백양경로당 ,경상남도 창원시 의창구 대산면 가술산남로 124-6
주남경로당,경상남도 창원시 의창구 대산면 주남로 327번길 53-40
대방경로당,경상남도 창원시 의창구 대산면 봉강가술로 394번길 33
대방여성경로당,경상남도 창원시 의창구 대산면 봉강가술로 358번길 24
제동경로당,경상남도 창원시 의창구 대산면 제동길 43
제동부인경로당,경상남도 창원시 의창구 대산면 제동길42번길 10-5
중앙경로당,경상남도 창원시 의창구 대산면 진산대로 394-25
삼봉경로당,경상남도 창원시 의창구 대산면 진산대로 355번길 16-10
대진경로당,경상남도 창원시 의창구 대산면 진남로 114번길 159
상포부녀경로당,경상남도 창원시 의창구 대산면 진남로 114번길 125-9
상등경로당,경상남도 창원시 의창구 대산면 주남로400번길 28
고등포경로당,경상남도 창원시 의창구 대산면 주남로394번길 51(제동리 464-8)
남포경로당,경상남도 창원시 의창구 대산면 진남로 72
우암마을경로당,경상남도 창원시 의창구 대산면 북부로 10번길 10
덕현경로당,경상남도 창원시 의창구 대산면 우암로 20
월림경로당,경상남도 창원시 의창구 대산면 우암로 79번길 3
신곡경로당,경상남도 창원시 의창구 대산면 우암로 128
신곡부인경로당,경상남도 창원시 의창구 대산면 우암로 128-1
용등경로당,경상남도 창원시 의창구 대산면 우암로 163
중포마을경로당,경상남도 창원시 의창구 대산면 진산대로 260번길 78-2
동부경로당,경상남도 창원시 의창구 대산면 대산북로 899번길 42
서부경로당,경상남도 창원시 의창구 대산면 대산북로 893번길 15(북부리 362-4)
유청경로당,경상남도 창원시 의창구 대산면 유등로 364
유등경로당,경상남도 창원시 의창구 대산면 유등로 377-11
유등부인경로당,경상남도 창원시 의창구 대산면 유등로 403
동곡경로당,경상남도 창원시 의창구 대산면 유등남길 40번길 16-2
대산NHF1단지경로당,경상남도 창원시 의창구 대산면 주남로 514
소답경로당,경상남도 창원시 의창구 의안로 32번길 34-1(소답동)
재건경로당,경상남도 창원시 의창구 읍성로 41번길 2-9(북동)
중동경로당,경상남도 창원시 의창구 의안로 31번길 14-1(중동)
북동경로당,경상남도 창원시 의창구 의안로 55번길 34-1(북동)
동정경로당,경상남도 창원시 의창구 동정길 31-6(동정동)
서상경로당,경상남도 창원시 의창구 천주로 12번길 12-6(서상동)
무학아파트경로당,"경상남도 창원시 의창구 의창대로 139번길 23(동정동, 무학아파트)"
소계경로당,경상남도 창원시 의창구 금강로 355번길 39(소계동)
의창경로당,경상남도 창원시 의창구 의안로 56번길 21(소답동)
동정오성아파트경로당,"경상남도 창원시 의창구 서상로 27(동정동, 동정오성아파트)"
흥한웰가아파트경로당,"경상남도 창원시 의창구 천주로 33(동정동, 흥한웰가아파트)"
대동다숲아파트경로당,"경상남도 창원시 의창구 팔용로 512(서상동, 중동대동다숲아파트)"
 강무경로당,경상남도 창원시 의창구 서상로 25번길 10-9(동정동)
 천주경로당,경상남도 창원시 의창구 소계로 128(소계동)
 소답제2경로당,경상남도 창원시 의창구 읍성로 117번길23(소답동)
무학서문마을아파트경로당,경상남도 창원시 의창구 서상로12번길 83-15(서상동)
유니시티1단지아파트경로당,"경상남도 창원시 의창구 중동로 34(중동, 유니시티1단지아파트) 아파트 경로당"
유니시티2단지아파트경로당,"경상남도 창원시 의창구 중동로 33(중동, 유니시티2단지아파트) 아파트 경로당"
유니시티3단지아파트경로당,경상남도 창원시 의창구 중동로 77 (창원유니시티 3단지아파트) 아파트 경로당
유니시티4 시니어클럽경로당,"경상남도 창원시 의창구 중동로 78(중동, 유니시티4단지아파트) 아파트 경로당"
 의안경로당 ,경상남도 창원시 의창구 의안로22번길 7-1
팔룡제1경로당,경상남도 창원시 의창구 팔용로423번길 5
팔룡제2경로당,경상남도 창원시 의창구 사화로80번길 16 
구슬비경로당,경상남도 창원시 의창구 남산로27번길 16 
대동중앙(아)경로당,경상남도 창원시 의창구 반계로 101 
극동아파트경로당,경상남도 창원시 의창구 팔용로 446 
차룡대동(아)경로당,경상남도 창원시 의창구 반계로 95 
원풍벽산A단지경로당,경상남도 창원시 의창구 반계로 104-9
원풍벽산B단지경로당,경상남도 창원시 의창구 반계로 104-8
원풍벽산C단지경로당,경상남도 창원시 의창구 남산로 20 
힐스테이트아티움시티경로당,경상남도 창원시 의창구 창원대로397번길 11 
 명곡경로당 ,경상남도 창원시 의창구 태복산로15번길 8(도계동)
 낙원경로당 ,경상남도 창원시 의창구 도계로73번길 19(도계동)
 안골경로당 ,경상남도 창원시 의창구 하남천서길 65(도계동)
 도계경로당 ,경상남도 창원시 의창구 도계두리길86번길 14-2(도계동)
 새동네경로당 ,경상남도 창원시 의창구 도계로4번길 18-1(도계동)
 도계휴먼시아경로당 ,"경상남도 창원시 의창구 원이대로82번길 15-15(도계동, 도계휴먼시아)"
 명서2경로당 ,경상남도 창원시 의창구 우곡로 73(명서동)
 명서주민복지회관경로당 ,"경상남도 창원시 의창구  우곡로101번길 30-3, 1층(명서동)"
 명서1경로당 ,경상남도 창원시 의창구 원이대로270번길 18(명서동)
 명지경로당 ,경상남도 창원시 의창구 명서로123번길 9(명서동)
 서곡경로당 ,경상남도 창원시 의창구 명지로109번길 18(명서동)
 두산위브경로당 ,"경상남도 창원시 의창구 도계로135(명서동, 주민복지동1층)"
 상강한주맨션경로당 ,경상남도 창원시 의창구 도계로 73번길 17(도계동)
 동부 경로당 ,경상남도 창원시 의창구 봉곡로111번길 35
 봉곡 경로당 ,경상남도 창원시 의창구 봉곡로 24번길 9-20 (봉곡동)
 봉곡복지경로당 ,경상남도 창원시 의창구 창이대로 165번길 7 (봉곡동)
 봉덕 경로당 ,경상남도 창원시 의창구 봉곡로 120번길 28-10 (봉곡동)
 봉촌 경로당 ,경상남도 창원시 의창구 지귀로 73번길 8-27 (봉곡동)
 사림제1경로당 ,경상남도 창원시 의창구 창이대로 343번길 94-9 (사림동)
 사림제2경로당 ,경상남도 창원시 의창구 사림로 16번길 27 (사림동)
 연덕 경로당 ,경상남도 창원시 의창구 봉곡로 68번길 16 (봉곡동)
 웅남 경로당 ,경상남도 창원시 의창구 사림로 71번길 18 (사림동)
정병산 경로당,경상남도 창원시 의창구 용지로 281번길 10 (사림동)
지귀 경로당,경상남도 창원시 의창구 봉곡로 3번길 15 (봉곡동)
코오롱아파트경로당,"경상남도 창원시 의창구 지귀로95번길 7 (봉곡동,코오롱아파트)102동 1층"
피닉스포레경로당,"경상남도 창원시 의창구 대봉로 27, 305동 맞은편 (봉림동,LH피닉스포레)"
휴먼시아1단지경로당,"경상남도 창원시 의창구 소봉로 50,103동 1층내 (봉림동,봉림휴먼시아1단지)"
휴먼시아2단지경로당,"경상남도 창원시 의창구 대봉로 25, 204동 1층 (봉림동,봉림휴먼시아2단지)"
까치1차A 경로당,경상남도 창원시  성산구 창원천로 254
 까치2차A 경로당 ,경상남도 창원시  성산구 창원천로 256
노블파크A 경로당,경상남도 창원시  성산구 원이대로 449
대동A 경로당,경상남도 창원시  성산구 창원천로 292
럭키A 경로당,경상남도 창원시  성산구 반송로 105
반지경로당,경상남도 창원시  성산구 창원천로188번길 23-1
반지제2경로당,경상남도 창원시  성산구 반지로4번길 29-19
반지제3경로당,경상남도 창원시  성산구 반지로 58
반지제4경로당,경상남도 창원시  성산구 창원천로162번길 14
 트리비앙A 경로당 ,경상남도 창원시  성산구 원이대로 495
 현대건설A 경로당 ,경상남도 창원시  성산구 반송로 177
현대산업A 경로당,경상남도 창원시  성산구 외동반림로 219
내동아파트경로당,"경상남도 창원시  성산구 삼동로128번길 60,5동 109호(내동, 내동아파트)"
내동그라미아파트경로당,"경상남도 창원시  성산구 연덕로184번길 23(내동,내동그라미아파트)"
대호타워아파트경로당,"경상남도 창원시  성산구 상남로24번길 15(상남동,대호타워아파트)"
동성샛별아파트경로당,"경상남도 창원시  성산구 연덕로184번길 1(내동,동성샛별아파트)"
외동경로당,경상남도 창원시  성산구 용지로21번길 30(중앙동)
외동월드메르디앙경로당,"경상남도 창원시  성산구 창원대로780번길 32(외동, 월드메르디앙아파트)"
장수경로당,경상남도 창원시  성산구 외동반림로134번길 15(중앙동)
중앙경로당,경상남도 창원시  성산구 원이대로566번길 27-25(중앙동)
중앙제1경로당,경상남도 창원시  성산구 원이대로580번길 31(중앙동)
송죽경로당,경상남도 창원시  성산구 외동반림로46번길 17(중앙동)
내동월드메르디앙아파트경로당,"경상남도 창원시  성산구 삼동로128번길 24(내동,월드메르디앙아파트)"
상남꿈에그린아파트경로당,"경상남도 창원시  성산구 토월로27번길 18(상남동, 꿈에그린아파트)"
대원경로당,경상남도 창원시  성산구 대원로27번길 30 (대원동)
대원파크빌 경로당,"경상남도 창원시  성산구삼동로 121 (대원동, 대원파크빌아파트)"
대동1차(아)경로당,"경상남도 창원시  성산구 창원대로 548 (대원동, 대동1차아파트)"
대동2차(아)경로당,"경상남도 창원시  성산구 창원대로 538 (대원동, 대동2차아파트)"
The City7 자이 경로당,"경상남도 창원시  성산구 창원천로 94번길 19 (대원동, 더시티세븐아파트)"
대원포레나경로당,"경상남도 창원시  성산구 창원천로 34(대원동, 대원포레나아파트)"
 용호경로당 ,경상남도 창원시  성산구 창이대로 440번길 17(용호동)
 용지경로당 ,"경상남도 창원시  성산구 용지로239번길 19-4(용호동,용지동행정복지센터)"
 일동아파트 1단지 경로당 ,"경상남도 창원시  성산구 외동반림로 216(용호동,일동아파트 1단지)"
 일동아파트 2단지 경로당 ,"경상남도 창원시  성산구 외동반림로 216(용호동,일동아파트 2단지)"
 무학아파트 1단지 경로당 ,"경상남도 창원시  성산구 외동반림로 200(용호동, 무학아파트 1단지)"
 무학아파트 2단지 경로당 ,"경상남도 창원시  성산구 외동반림로 200(용호동, 무학아파트 2단지)"
 롯데아파트경로당 ,"경상남도 창원시  성산구 용지로 229(용호동, 롯데아파트)"
 신월제1경로당 ,경상남도 창원시  성산구 신사로21번길 36(신월동)
 신월제2경로당 ,경상남도 창원시  성산구 신월로 71번길14(신월동)
 신월은아아파트 경로당 ,"경상남도 창원시  성산구 원이대로 663(신월동,은아아파트)"
 용지아이파크경로당 ,"경상남도 창원시  성산구 원이대로579번길 13(용호동,용지아이파크아파트)"
 용지더샵레이크파크경로당 ,"경상남도 창원시  성산구 외동반림로156(용호동, 용지더샵레이크파크)"
 성원1단지경로당 ,경상남도 창원시  성산구 원이대로 774 성원아파트 1단지
 성원2단지경로당 ,경상남도 창원시  성산구 원이대로 774 성원아파트 2단지
 성원3단지1경로당 ,경상남도 창원시  성산구 원이대로 774 성원아파트 3단지
 성원3단지2경로당 ,경상남도 창원시  성산구 원이대로 774 성원아파트 3단지
 성원5단지1경로당 ,경상남도 창원시  성산구 원이대로 774 성원아파트 5단지
 성원5단지2경로당 ,경상남도 창원시  성산구 원이대로 774 성원아파트 5단지
 대동아파트경로당 ,경상남도 창원시  성산구 동산로 115 대동아파트
 상남경로당 ,경상남도 창원시  성산구 단정로58번길 6
 동산경로당 ,경상남도 창원시  성산구 동산로54번길 17
 고산경로당 ,경상남도 창원시  성산구 비음로 55번길 6-22
 사파정경로당 ,경상남도 창원시  성산구 동산로 176번길 52
 사파경로당 ,경상남도 창원시  성산구 창이대로 684번길 30
 신덕경로당 ,경상남도 창원시  성산구 창이대로 639번길 11
 사파제2경로당 ,경상남도 창원시  성산구 창이대로 719번길 8-15
 사파대동(아)제1경로당 ,경상남도 창원시  성산구 신사로 106
 사파대동(아)제2경로당 ,경상남도 창원시  성산구 신사로 106
 삼익(아)경로당 ,경상남도 창원시  성산구 원이대로 773번길 13
 무궁화(아)경로당 ,경상남도 창원시  성산구 동산로 148
 사파동성(아)경로당 ,경상남도 창원시  성산구 창이대로 737
 성원3차남산(아)경로당 ,경상남도 창원시  성산구 대암로 126
 성원3차(아)경로당 ,경상남도 창원시  성산구 대암로 82
 대방대동(아)경로당 ,경상남도 창원시  성산구 대정로 142
 대방개나리1차(아)경로당 ,경상남도 창원시  성산구 대정로 149
 대방덕산1차(아)경로당 ,경상남도 창원시  성산구 대정로 131
 대방덕산2차(아)경로당 ,경상남도 창원시  성산구 대암로 272
 대방그린빌(아)경로당 ,경상남도 창원시  성산구 대암로 256
 대방동성(아)경로당 ,경상남도 창원시  성산구 대암로 282
 대방대동디지털(아)경로당 ,경상남도 창원시  성산구 창이대로 881번길 8
 대방대동황토방(아)경로당 ,경상남도 창원시  성산구 창이대로 881번길 19
 가음정경로당 ,경상남도 창원시  성산구 가음정로 11(가음정동)
 더샾센트럴파크경로당 ,"경상남도 창원시  성산구 원이대로863번길 19(가음정동, 창원더샵센트럴파크아파트)"
 은아(아)경로당 ,"경상남도 창원시  성산구 원이대로883번길 6(가음정동, 은아아파트)"
 소라(아)경로당 ,"경상남도 창원시  성산구 성산패총로178번길 51(가음정동, 소라아파트)"
 우성(아)경로당 ,"경상남도 창원시  성산구 대암로 22(가음정동, 우성아파트)"
 롯데(아)경로당 ,"경상남도 창원시  성산구 대암로 56(가음정동, 롯데아파트)"
 동성(아)경로당 ,"경상남도 창원시  성산구 대암로 64(가음정동, 상남동성아파트)"
 성원1차(아)경로당 ,"경상남도 창원시  성산구 대정로 73(가음정동, 성원1차아파트)"
 성원2차(아)경로당 ,"경상남도 창원시  성산구 대정로 99(가음정동, 성원2차아파트)"
 피오르빌(아)경로당 ,"경상남도 창원시  성산구 대정로 84(가음정동, 피오르빌아파트)"
 대방경로당 ,경상남도 창원시  성산구 가음로57번길 16-21(가음정동)
 음지경로당 ,경상남도 창원시  성산구 가음로57번길 16-21(가음정동)
 가음동경로당 ,경상남도 창원시  성산구 가양로52번길 27(가음정동)
 개나리3차(아)경로당 ,"경상남도 창원시  성산구 대정로 100(남양동, 개나리3차아파트)"
 한림(아)경로당 ,"경상남도 창원시  성산구 대암로 8(가음정동, 한림엘리시온아파트)"
 위드파크(아)경로당 ,"경상남도 창원시  성산구 가양로 99(남양동, 위드파크아파트)"
 남산경로당 ,경상남도 창원시  성산구 가음로101번길 6-8(가음정동)
 가음꿈에그린경로당 ,"경상남도 창원시  성산구 원이대로878번길 9(가음정동동, 창원가음한화꿈에그린)"
 창원센텀푸르지오경로당 ,"경상남도 창원시  성산구 가음정로 59(가음정동, 창원센텀푸르지오)"
 성남경로당 ,경상남도 창원시  성산구가음로64번길 8(가음동)
대우(아)경로당,"경상남도 창원시  성산구 정동로 162번길 31(남산동,대우아파트)"
불모산경로당,경상남도 창원시  성산구 불모산로 66번길 11(성주동)
삼정자경로당,경상남도 창원시  성산구 삼정자로51번길15(성주동)
서광파크빌(아)경로당,"경상남도 창원시  성산구 안민안길 50(천선동,서광파크빌)"
신우에이스타운경로당,"경상남도 창원시  성산구 안민안길 8(안민동,신우에이스타운아파트)"
안민경로당,경상남도 창원시  성산구 안민로 117번길 17(안민동)
 유니온빌리지(아)경로당 ,"경상남도 창원시  성산구 삼정자로 79(성주동,유니온빌리지아파트)"
청솔(아)경로당,"경상남도 창원시  성산구 안민로 101번길 29(안민동,안민청솔마을대동아파트)"
프리빌리지경로당,"경상남도 창원시  성산구 대암로 253(성주동,프리빌리지아파트)"
프리빌리지2차(아)경로당,"경상남도 창원시  성산구 창원대로 1209번길 22(성주동,프리빌리지2차)"
한림푸르지오(아)경로당,"경상남도 창원시  성산구 외리로34번길 13(성주동,한림푸르지오아파트)"
한솔(아)경로당,"경상남도 창원시  성산구 안민로 161(안민동,한솔마을대동아파트)"
한양아파트경로당,"경상남도 창원시  성산구 정동로 162번길 69(남산동,한양아파트)"
남산효성해링턴플레이스경로당,경상남도 창원시  성산구 정동로162번길 78(남산동)
 양곡경로당 ,경상남도 창원시  성산구 양곡길106번길 1-12(양곡동)
 동성1차경로당 ,"경상남도 창원시  성산구 신촌로 95(신촌동,동성1차아파트)"
 동성2차경로당 ,"경상남도 창원시  성산구 신촌로 63(신촌동,동성2차아파트)"
 동성빌라2차경로당 ,"경상남도 창원시  성산구 신촌로 43(신촌동,동성빌라2차)"
 성원아파트경로당 ,"경상남도 창원시  성산구 신촌로 123(신촌동,성원아파트)"
 귀산경로당 ,경상남도 창원시  성산구 귀산로58번길 14 (귀산동)
 석교경로당 ,경상남도 창원시  성산구 삼귀로466번길 8 (귀산동)
 갯마을경로당 ,경상남도 창원시  성산구 삼귀로 375-11 (귀산동)
 용호마을경로당 ,경상남도 창원시  성산구 삼귀로 185-9 (귀곡동)
 동부산아이존빌경로당 ,"경상남도 창원시  성산구 신촌로 94(신촌동,동부산아이존빌아파트)"
 신촌경로당 ,경상남도 창원시  성산구  양곡길 53(신촌동)
 동원로얄듀크경로당 ,경상남도 창원시  성산구 신촌로 130(신촌동)
 상남남성경로당 ,경상남도 창원시 마산합포구 합포서7길 10 (상남동)
 상남여성경로당 ,경상남도 창원시 마산합포구 합포서7길 10 (상남동)
 용마남성경로당 ,경상남도 창원시 마산합포구 회원천북길 461 (산호동)
 용마여성경로당 ,경상남도 창원시 마산합포구 회원천북길 461 (산호동)
 숲골남성경로당 ,경상남도 창원시 마산합포구 합포북20길 23 (산호동)
 숲골여성경로당 ,경상남도 창원시 마산합포구 합포북20길 23 (산호동)
 국제비치경로당 ,"경상남도 창원시 마산합포구 합포동5길 22(산호동,국제비치타운)"
 무학맨션경로당 ,"경상남도 창원시 마산합포구 회원천북길 545(산호동,무학맨션)"
 무학경로당 ,"경상남도 창원시 마산합포구 회원천북길 545(산호동,무학맨션)"
 진웅네스빌경로당 ,"경상남도 창원시 마산합포구 합포남2길 11(산호동, 진웅네스빌)"
가포제2남성경로당,경상남도 창원시 마산합포구 가포해안길 21(가포동)
가포제2여성경로당,경상남도 창원시 마산합포구 가포해안길 21(가포동)
건화맨션경로당,"경상남도 창원시 마산합포구 가포로  176-45  (가포동, 건화그린맨션)"
가포LH아파트1단지경로당,경상남도 창원시 마산합포구 가포본동5길 37
 마창대교반도유보라아이비파크경로당 ,경상남도 창원시 마산합포구 가포본동1길 18
가포안단테아파트경로당,경상남도 창원시  마산합포구 가포본동5길 23
가포금호어울림NHF아파트경로당,경상남도 창원시 마산합포구 가포본동1길 50
중앙남성경로당,경상남도 창원시 마산합포구 중앙남5길 40 (신흥동)
중앙여성경로당,경상남도 창원시 마산합포구 중앙남5길 40 (신흥동)
신월남성경로당,경상남도 창원시 마산합포구 반월서7길 52 (신월동)
신월여성경로당,경상남도 창원시 마산합포구  반월서7길 52 (신월동)
반월시장경로당,경상남도 창원시 마산합포구 반월북2길 13-1 (반월동)
반월월포남성경로당,경상남도 창원시 마산합포구 반월동5길 9-1(중앙동1가)
반월월포여성경로당,경상남도 창원시 마산합포구 반월동5길 9-1(중앙동1가)
벽산블루밍경로당,경상남도 창원시 마산합포구 3.15대로 154 (월포동)
월포경동메르빌남자경로당,경상남도 창원시 마산합포구 중앙동3길 22 (월포동)
월포경동메르빌여성경로당,경상남도 창원시 마산합포구 중앙동3길 22 (월포동)
중앙경동메르빌아파트경로당,"경상남도 창원시 마산합포구 중앙동3길 10 (중앙동2가,경동메르빌2차아파트)"
우방(아)경로당,"경상남도 창원시 마산합포구 중앙동3길 17 (중앙동2가,중앙우방아파트)"
신우희가로베스트경로당,"경상남도 창원시 마산합포구 중앙북1길 19 (중앙동3가,신우희가로베스트)"
신한토탈아파트경로당,"경상남도 창원시 마산합포구 장군천로 38 (신흥동,신한토탈아파트)"
대동한마음아파트경로당,"경상남도 창원시 마산합포구 중앙남8길 55 (완월동,대동한마음아파트)"
혜성미경로당,경상남도 창원시 마산합포구 중앙북2길 17 (혜성미아파트)
대창경로당,경상남도 창원시 마산합포구 문화서6길 32 (대창동)
대창여성경로당,경상남도 창원시 마산합포구 문화서6길 32 (대창동)
당산경로당,경상남도 창원시 마산합포구 문화남9길 11 (화영동)
당산여성경로당,경상남도 창원시 마산합포구 문화남9길 11 (화영동)
창포경로당,경상남도 창원시 마산합포구 문화동10길 9-1 (창포동2가)
창포여성경로당,경상남도 창원시 마산합포구 문화동10길 9-1 (창포동2가)
월남경로당,경상남도 창원시 마산합포구 문화북5길 10-1 (평화동)
월남여성경로당,경상남도 창원시 마산합포구 문화북5길 10-1 (평화동)
창포동성아파트경로당,"경상남도 창원시 마산합포구 문화동7길 25 (창포동1가, 동성아파트)"
창포경남맨션경로당,"경상남도 창원시 마산합포구 문화동14길 68 (창포동2가, 창포경남아파트)"
경민아파트경로당,"경상남도 창원시 마산합포구 문화동14길 46 (창포동3가,창포경민아파트)"
창포한백아파트경로당,"경상남도 창원시 마산합포구 문화동15길 95 (창포동1가, 창포한백아파트)"
월영한백아파트경로당,"경상남도 창원시 마산합포구 문화서2길 5 (월영동, 월영한백아파트)"
 귀정경로당 ,경상남도 창원시 마산합포구 진북면 귀정길 14
 금산경로당 ,경상남도 창원시 마산합포구 진북면 학동로 403
 내추경로당 ,경상남도 창원시 마산합포구 진북면 내추길 5
대티경로당,경상남도 창원시 마산합포구 진북면 대티1길 103-11
대평경로당,경상남도 창원시 마산합포구 진북면 대평길 46
대현경로당,경상남도 창원시 마산합포구 진북면 대현길 9
덕곡경로당,경상남도 창원시 마산합포구 진북면 덕곡덕기길 305-1
덕기경로당,경상남도 창원시 마산합포구 진북면 덕곡덕기길 87
동삼경로당,경상남도 창원시 마산합포구 진북면 동삼길 82
동촌남성경로당,경상남도 창원시 마산합포구 진북면 지산5길 59
동촌여성경로당,경상남도 창원시 마산합포구 진북면 지산5길 59
망곡경로당,경상남도 창원시 마산합포구 진북면 망곡길 150
부산경로당,경상남도 창원시 마산합포구 진북면 부산1길 83
부평경로당,경상남도 창원시 마산합포구 진북면 부평1길 61
서북동경로당,경상남도 창원시 마산합포구 진북면 학동로 614
서촌남성경로당,경상남도 창원시 마산합포구 진북면 지산1길 63-8
서촌여성경로당,경상남도 창원시 마산합포구 진북면 지산1길 63-8
성원아파트경로당,경상남도 창원시 마산합포구 진북면 지산2길 31
신촌경로당,경상남도 창원시 마산합포구 진북면 신촌마을길 2
연동경로당,경상남도 창원시 마산합포구 진북면 연동1길 41
영학(학동)경로당,경상남도 창원시 마산합포구 진북면 학동로 529
예곡경로당,경상남도 창원시 마산합포구 진북면 의림로 101
외추경로당,경상남도 창원시 마산합포구 진북면 추곡1길 94
이목남성경로당,경상남도 창원시 마산합포구 진북면 학동로 238
이목여성경로당,경상남도 창원시 마산합포구 진북면 학동로 238
인곡경로당,경상남도 창원시 마산합포구 진북면 의림로 244
인곡상경로당,경상남도 창원시 마산합포구 진북면 의림로 258-1
정곡경로당,경상남도 창원시 마산합포구 진북면 진북정곡길 267
정삼경로당,경상남도 창원시 마산합포구 진북면 정삼길 158
중촌경로당,경상남도 창원시 마산합포구 진북면 중촌길 6-3
 예곡경로당 ,경상남도 창원시 마산합포구 예곡길 194-4
 두릉경로당 ,경상남도 창원시 마산합포구 두릉길 192
 우산경로당 ,경상남도 창원시 마산합포구 우산길 19
 옥동경로당 ,경상남도 창원시 마산합포구 옥동길 79-10
 묘촌남성경로당 ,경상남도 창원시 마산합포구 묘촌1길 88
 묘촌여성경로당 ,경상남도 창원시 마산합포구 묘촌1길 88
 덕동남성경로당 ,경상남도 창원시 마산합포구 덕동길 126
 덕동여성경로당 ,경상남도 창원시 마산합포구 덕동길 126
 율곡경로당 ,경상남도 창원시 마산합포구 예곡길 63
 중흥1차경로당 ,경상남도 창원시 마산합포구 현동4길 20
 창원현동LH아파트경로당 ,경상남도 창원시 마산합포구 현동3길 1
 그린경로당 ,경상남도 창원시 마산합포구 묘촌1길 28
 현동중흥S클래스프라디움3차경로당 ,경상남도 창원시 마산합포구 현동1길 8
 현동 코오롱하늘채아파트 경로당 ,경상남도 창원시 마산합포구 현동9길 13
현동중흥2차아파트경로당,경상남도 창원시 마산합포구 현동9길 14
 상춘남성경로당 ,경상남도 창원시 마산합포구 완월북5길 28
 상춘여성경로당 ,경상남도 창원시 마산합포구 완월북5길 28
 완월남성경로당 ,경상남도 창원시 마산합포구 마산합포구 완월동5길 15
 완월여성경로당 ,경상남도 창원시 마산합포구 마산합포구 완월동5길 15
 학산남성경로당 ,경상남도 창원시 마산합포구 완월남1길 50
 확산여성경로당 ,경상남도 창원시 마산합포구 완월남1길 50
 서광1차아파트경로당 ,경상남도 창원시 마산합포구 고운로 168
 화인아파트경로당 ,경상남도 창원시 마산합포구 완월남8길 16
 청구제네스아파트경로당 ,경상남도 창원시 마산합포구 완월남로 45
 서광2차아파트경로당 ,경상남도 창원시 마산합포구 완월남로 54
 율티경로당 ,경상남도 창원시 마산합포구 진전면 미더덕로 24
 근곡경로당 ,경상남도 창원시 마산합포구 진전면 근곡1길 181
 신기경로당 ,경상남도 창원시 마산합포구 진전면 진전신기길 5
 임곡경로당 ,경상남도 창원시 마산합포구 진전면 임곡길 133
 진목경로당 ,경상남도 창원시 마산합포구 진전면 진목길 42
 대산경로당 ,경상남도 창원시 마산합포구 진전면 대산길 71
 봉곡경로당 ,경상남도 창원시 마산합포구 진전면 봉곡길 16-7
 도산경로당 ,경상남도 창원시 마산합포구 진전면 팔의사로 841-17
 곡안경로당 ,경상남도 창원시 마산합포구 진전면 곡안1길 18
 곡안부녀경로당 ,경상남도 창원시 마산합포구 진전면 곡안1길 18
 동산경로당 ,경상남도 창원시 마산합포구 진전면  동산1길 59
동산여성경로당,경상남도 창원시 마산합포구 진전면 동산1길 51
 양촌경로당 ,경상남도 창원시 마산합포구 진전면 팔의사로 390
 개양경로당 ,경상남도 창원시 마산합포구 진전면 개양길 11
 대정경로당 ,경상남도 창원시 마산합포구 진전면 의산삼일로 11
 봉암경로당 ,경상남도 창원시 마산합포구 진전면 팔의사로 209
 일암경로당 ,경상남도 창원시 마산합포구 진전면 일암1길 213
 대방경로당 ,경상남도 창원시 마산합포구 진전면 적석산길 616
 동대경로당 ,경상남도 창원시 마산합포구 진전면 오서로 19
 동대부녀경로당 ,경상남도 창원시 마산합포구 진전면 오서로 7-1
 문화마을경로당 ,경상남도 창원시 마산합포구 진전면 오서1길 14
 서대경로당 ,경상남도 창원시 마산합포구 진전면 대실로 120
 회동경로당 ,경상남도 창원시 마산합포구 진전면 탑동길 57
 탑동경로당 ,경상남도 창원시 마산합포구 진전면 탑동길 246
 월안경로당 ,경상남도 창원시 마산합포구 진전면 월안2길 11
 호산경로당 ,경상남도 창원시 마산합포구 진전며뉴 호산정달로 59
 이명경로당 ,경상남도 창원시 마산합포구 진전면 이명1길 94
 정달경로당 ,경상남도 창원시 마산합포구 진전면 호산정달로 151-29
 창포경로당 ,경상남도 창원시 마산합포구 진전면 회진로 1493-1
 창포여성경로당 ,경상남도 창원시 마산합포구 진전면 회진로 1493-1
 시락경로당 ,경상남도 창원시 마산합포구 진전면 회진로 1016-6
 정곡경로당 ,경상남도 창원시 마산합포구 진전면 진전정곡길 23-2
 소포경로당 ,경상남도 창원시 마산합포구 진전면 회진로 1140
 상평경로당 ,경상남도 창원시 마산합포구 진전면 상평음달길 2
 미천경로당 ,경상남도 창원시 마산합포구 진전면 미천1길 72-4
 상촌경로당 ,경상남도 창원시 마산합포구 진전면 금암상촌길 88
 의산경로당 ,경상남도 창원시 마산합포구 진전면 의산삼일로 65-1
 의산부녀경로당 ,경상남도 창원시 마산합포구 진전면 의산삼일로 65-1
 중촌경로당 ,경상남도 창원시 마산합포구 진전면 금암중촌길 43
 거락경로당 ,경상남도 창원시 마산합포구 진전면 거락2길 6
 원산경로당 ,경상남도 창원시 마산합포구 진전면 의산삼일로 248
 대량경로당 ,경상남도 창원시 마산합포구 진전면 대량1길 98
 옥방경로당 ,경상남도 창원시 마산합포구 진전면 옥방샛담길 55
 옥방내동경로당 ,경상남도 창원시 마산합포구 진전면 옥방내동길 195
 둔덕경로당 ,경상남도 창원시 마산합포구 진전면 둔덕안담길 27
 진동경로당 ,경상남도 창원시  마산합포구 성산길 56
 서촌1구경로당 ,경상남도 창원시  마산합포구 진동시장길 24-21
 고현경로당 ,경상남도 창원시  마산합포구 미더덕로 358-11
 광암경로당 ,경상남도 창원시  마산합포구 광암해안길 6
 동촌1구경로당 ,경상남도 창원시  마산합포구 문화마당길 11-14
 서촌2구 경로당 ,경상남도 창원시  마산합포구 서동촌길 2-9
 서촌3구경로당 ,경상남도 창원시  마산합포구 서촌바다길 46
 교동경로당 ,경상남도 창원시  마산합포구 교동3길 40-10
 입곡경로당 ,경상남도 창원시  마산합포구  입곡길 319-12
 죽전남성경로당 ,경상남도 창원시  마산합포구 죽전안담길 4
 죽전여성경로당 ,경상남도 창원시  마산합포구 죽전안담길 4
 신기경로당 ,경상남도 창원시  마산합포구 신기남산길 105
 성산남자경로당 ,경상남도 창원시  마산합포구 성산안길 3
 성산여자경로당 ,경상남도 창원시  마산합포구 성산안길 3
 혜창아파트경로당 ,경상남도 창원시  마산합포구 요장1길 29
 장기경로당 ,경상남도 창원시  마산합포구  미더덕로 311
 건우아파트경로당 ,경상남도 창원시  마산합포구 서촌바다길 108
 사동1구경로당 ,경상남도 창원시  마산합포구 사동길 110-5
 동전경로당 ,경상남도 창원시  마산합포구 동전길 353-21
 묵지경로당 ,경상남도 창원시  마산합포구 묵지길 155
 새모실경로당 ,경상남도 창원시  마산합포구 새무실길 18
 오산경로당 ,경상남도 창원시  마산합포구 오산3길 37-16
 태봉경로당 ,경상남도 창원시  마산합포구 태봉1길 85-29
 다구경로당 ,경상남도 창원시  마산합포구 다구1길 59-10
 야촌경로당 ,경상남도 창원시  마산합포구 교동1길 18
 도만경로당 ,경상남도 창원시  마산합포구 도만1길 42
 요장1구 경로당 ,경상남도 창원시  마산합포구 요장1길 83-5
 주도경로당 ,경상남도 창원시  마산합포구 주도2길 22-66
 동촌2구경로당 ,경상남도 창원시  마산합포구 동촌길 28
 한일유엔아이아파트경로당 ,경상남도 창원시  마산합포구 진북산업로 58
 양도경로당 ,경상남도 창원시  마산합포구 양도길 177-23
 협성엠파이어아파트경로당 ,경상남도 창원시  마산합포구 진북산업로 55
 동촌3구경로당 ,경상남도 창원시  마산합포구 동촌길 185
 송도경로당 ,경상남도 창원시  마산합포구 송도길 22-12
월영대내경로당,경상남도 창원시 마산합포구 월영북3길 29-36 (월영동)
새동네남성경로당,경상남도 창원시 마산합포구 월영서9길 5 (월영동)
새동네여성경로당,경상남도 창원시 마산합포구 월영서9길 5 (월영동)
월영남성경로당,경상남도 창원시 마산합포구 월영서3길 15 (월영동)
월영여성경로당,경상남도 창원시 마산합포구 월영서3길 15 (월영동)
해운경로당(남자),경상남도 창원시 마산합포구 가포로 63 (해운동)
해운경로당(여자),경상남도 창원시 마산합포구 가포로 63 (해운동)
대내주공아파트경로당,"경상남도 창원시 마산합포구 월영북15길 9 (대내동,대내주공아파트)"
월영라이프경로당,"경상남도 창원시 마산합포구 월영서3길 95 (월영동,월영라이프타운)"
화인아트빌라남자경로당,"경상남도 창원시 마산합포구 밤밭고개로 371 (월영동,화인아트빌라)"
화인아트빌라여자경로당,"경상남도 창원시 마산합포구 밤밭고개로 371 (월영동,화인아트빌라)"
월영SK오션뷰경로당,경상남도 창원시 마산합포구 월영남12길 12(월영동 월영SK오션뷰아파트)
두산1차아파트남자경로당,"경상남도 창원시 마산합포구 월영동6길 35 (해운동,두산1차아파트)"
두산1차아파트여자경로당,"경상남도 창원시 마산합포구 월영동6길 35 (해운동,두산1차아파트)"
대동씨코아경로당,"경상남도 창원시 마산합포구 월영동로 8 (해운동,대동씨코아아파트)"
평화골든타워경로당,"경상남도 창원시 마산합포구 월영동남로 18 (해운동,평화골든타워)"
한일비치맨션경로당,"경상남도 창원시 마산합포구 월영동남로 22 (해운동,한일비치맨션)"
해오름아파트경로당,"경상남도 창원시 마산합포구 월영동11길 57(해운동,해오름아파트)"
두산2차아파트남성경로당,"경상남도 창원시 마산합포구 월영동로 19 (해운동,두산2차아파트)"
두산2차아파트여성경로당,"경상남도 창원시 마산합포구 월영동로 19 (해운동,두산2차아파트)"
두산3차아파트남성경로당,"경상남도 창원시 마산합포구 월영동11길 42 (해운동,두산3차아파트)"
두산3차아파트여성경로당,"경상남도 창원시 마산합포구 월영동11길 42 (해운동,두산3차아파트)"
해운31통해운한백경로당,"경상남도 창원시 마산합포구 월영동13길 14 (해운동,해운한백아파트)"
경민시티빌경로당,"경상남도 창원시 마산합포구 해안대로 91 (해운동,경민시티빌아파트)"
해운동성아파트경로당,"경상남도 창원시 마산합포구 월영동16길 17 (해운동,해운동성아파트)"
동아1차아파트경로당,"경상남도 창원시 마산합포구 월영남로 43 (월영동,동아1차아파트)"
대동아파트경로당,"경상남도 창원시 마산합포구 월영남로 42 (월영동,대동아파트)"
월영현대아파트경로당,"경상남도 창원시 마산합포구 월영마을로 12 (월영동,월영현대아파트)"
현대산업1차아파트경로당,"경상남도 창원시 마산합포구 월영마을로 7 (월영동,현대산업1차아파트)"
동아2차아파트남성경로당,"경상남도 창원시 마산합포구 월영마을로 29 (월영동,동아2차아파트)"
동아2차아파트여성경로당,"경상남도 창원시 마산합포구 월영마을로 29 (월영동,동아2차아파트)"
현대산업2차아파트경로당,"경상남도 창원시 마산합포구 월영마을로 52 (월영동,현대산업2차아파트)"
월영현대3차경로당,"경상남도 창원시 마산합포구 월영마을로 32 (월영동,월영현대3차아파트)"
월영새동네경로당,경상남도 창원시 마산합포구 월영남10길 23-3 (월영동)
마린애시앙경로당,경상남도 창원시 마산합포구 가포순환로 33
산호남성경로당,경상남도 창원시 마산합포구 산호북10길 5-1(산호동)
산호여성경로당,경상남도 창원시 마산합포구 산호북10길 5-1(산호동)
산호중앙경로당,경상남도 창원시 마산합포구 산호남1길 31
산호현대남경로당,경상남도 창원시 마산합포구 산호서2길 46(산호동)
산호현대여경로당,경상남도 창원시 마산합포구 산호서2길 46(산호동)
가고파경로당,경상남도 창원시 마산합포구 산호북4길 60(산호동)
합포남성경로당,경상남도 창원시 마산합포구 산호동6길48(산호동)
합포여성경로당,경상남도 창원시 마산합포구 산호동6길48(산호동)
삼성타운경로당,경상남도 창원시 마산합포구 산호북1길 15(산호동)
대한아파트경로당,경상남도 창원시 마산합포구 산호북5길 26(산호동)
경동리인아파트경로당,경상남도 창원시 마산합포구 산호동4길 6(산호동)
자산남성경로당,"경상남도 창원시 마산합포구 자산동9길42, 2층(자산동)"
자산여성경로당,"경상남도 창원시 마산합포구 자산동9길42, 1층(자산동)"
상봉남성경로당,"경상남도 창원시 마산합포구 자산북4길18, 2층(자산동)"
상봉여성경로당,"경상남도 창원시 마산합포구 자산북4길18, 1층(자산동)"
학봉남성경로당,"경상남도 창원시 마산합포구 자산서5길51, 2층(자산동)"
학봉여성경로당,"경상남도 창원시 마산합포구 자산서5길51, 1층(자산 동) "
자산아파트경로당,경상남도 창원시 마산합포구 자산서14길26(자산동)
우성아파트경로당,경상남도 창원시 마산합포구 무학로378(자산동)
한우아파트1.2동경로당,경상남도 창원시 마산합포구 자산솔밭로52(자산동)
한우아파트3.5.6동경로당,경상남도 창원시 마산합포구 자산서11길6(자산동)
한우아파트9.10동경로당,경상남도 창원시 마산합포구 자산서12길3(자산동)
한우아파트11.12동경로당,경상남도 창원시 마산합포구 자산서13길29(자산동)
팔도아파트경로당,경상남도 창원시 마산합포구 자산삼거리로97(자산동)
 성호남성경로당 ,경상남도 창원시 마산합포구 성호서5길 13(성호동)
 성호여성경로당 ,경상남도 창원시 마산합포구 성호서5길 13(성호동)
 추산남성경로당 ,"경상남도 창원시 마산합포구 문신길 169(추산동,추산아파트)"
 추산여성경로당 ,"경상남도 창원시 마산합포구 문신길 169(추산동,추산아파트)"
 신추산남성경로당 ,경상남도 창원시 마산합포구 성호동2길 48(추산동)
 신추산여성경로당 ,경상남도 창원시 마산합포구 성호동2길 48(추산동)
 오동동남성경로당 ,경상남도 창원시 마산합포구 오동동10길 81-1(오동동)
 오동동여성경로당 ,경상남도 창원시 마산합포구 오동북17길 1(오동동)
 중성동여성경로당 ,경상남도 창원시 마산합포구 오동서17길 27(중성동)
 기산아파트여성경로당 ,"경상남도 창원시 마산합포구 오동동14길 29, 3층(오동동,기산아파트)"
 마린경로당 ,"경상남도 창원시 마산합포구 오동동14길67(오동동,중앙마린파이브아파트)"
 동서남성경로당 ,경상남도 창원시 마산합포구 어시장8길 77(남성동)
 동서여성경로당 ,경상남도 창원시 마산합포구 어시장8길 77(남성동)
 서성경로당 ,경상남도 창원시 마산합포구 동서북2길 11 (서성동)
 센트럴남성경로당 ,"경상남도 창원시 마산합포구 서성로 19 (신포동1가, 센트럴아파트)"
 센트럴여성경로당 ,"경상남도 창원시 마산합포구 서성로 19 (신포동1가, 센트럴아파트)"
 부림경로당 ,경상남도 창원시 마산합포구 동서서4길 6-26 (부림동)
 신포경남경로당 ,"경상남도 창원시 마산합포구 동서남1길 25 (신포동2가, 경남신포맨션아파트)"
 마산만아이파크경로당 ,"경상남도 창원시 마산합포구 제2부두로 17 (신포동1가, 마산만아이파크아파트)"
 신포새롬미리내경로당 ,"경상남도 창원시 마산합포구 동서동3길 39 (신포동1가, 새롬미리내아파트)"
 교방남성경로당 ,경상남도 창원시 마산합포구 교방동6길 15
 교방여성경로당 ,경상남도 창원시 마산합포구 교방동1길 84
 교방장수경로당 ,경상남도 창원시 마산합포구 교방서1길 35-1
 무학산블루밍경로당 ,경상남도 창원시 마산합포구 노산서18길 142
 무학자이아파트경로당 ,경상남도 창원시 마산합포구 노산서18길 19 
 북마산남성경로당 ,경상남도 창원시  마산합포구 노산북1길 12-2
 북마산여성경로당 ,경상남도 창원시  마산합포구 노산북1길 12-2
 서광경로당 ,경상남도 창원시  마산합포구 노산북6길 26
 회산여성경로당 ,경상남도 창원시  마산합포구 노산남8길 2-29
 교원경로당 ,경상남도 창원시  마산합포구 노산남9길 14
 상남경로당 ,경상남도 창원시  마산합포구 노산동2길 18
 회남여성경로당 ,경상남도 창원시  마산합포구 노산동2길 18
 롯데캐슬프리미어아파트경로당 ,경상남도 창원시  마산합포구 노산서18길 80
구복남성경로당,경상남도 창원시 마산합포구 구산면 구복길 49
 구복여성경로당 ,경상남도 창원시 마산합포구 구산면 구복길 74
 구산경로당 ,경상남도 창원시 마산합포구 구산면 해양관광로1432
 구산음달경로당 ,경상남도 창원시 마산합포구 구산면 구산로 566-1
 군령경로당 ,경상남도 창원시 마산합포구 구산면 석곡로 39
 난포경로당 ,경상남도 창원시 마산합포구 구산면 난포1길 36
 내포남성경로당 ,경상남도 창원시 마산합포구 구산면 내포2길 95
 내포여성경로당 ,경상남도 창원시 마산합포구 구산면 내포2길 110
 명주경로당 ,경상남도 창원시 마산합포구 구산면 해양관광로 933
 반동남성경로당 ,경상남도 창원시 마산합포구 구산면 반동길 88
 반동여성경로당 ,경상남도 창원시 마산합포구 구산면 반동길 90-1
 상마전경로당 ,경상남도 창원시 마산합포구 구산면 마전길 317-4
 석곡경로당 ,경상남도 창원시 마산합포구 구산면 아랫석곡길 26
 수정남성경로당 ,경상남도 창원시 마산합포구 구산면 구산로 566-1
 수정여성경로당 ,경상남도 창원시 마산합포구 구산면 구산로 566-1
 신촌경로당 ,경상남도 창원시 마산합포구 구산면 구산신촌2길 45
 실리도경로당 ,경상남도 창원시 마산합포구 구산면 실리섬길 13
 심리경로당 ,경상남도 창원시 마산합포구 구산면 심리1길 40-1
 안녕경로당 ,경상남도 창원시 마산합포구 구산면 안녕로 139
 양평경로당 ,경상남도 창원시 마산합포구 구산면 양평길 59-17
 옥계남성경로당 ,경상남도 창원시 마산합포구 구산면 옥계로 314-11
 옥계여성경로당 ,경상남도 창원시 마산합포구 구산면 옥계로 304
 용호경로당 ,경상남도 창원시 마산합포구 구산면 윗용호길 9
 욱곡남성경로당 ,경상남도 창원시 마산합포구 구산면 욱곡1길 19
 욱곡여성경로당 ,경상남도 창원시 마산합포구 구산면 욱곡1길 19
 원전경로당 ,경상남도 창원시 마산합포구 구산면 이순신로 701
 유산경로당 ,경상남도 창원시 마산합포구 구산면 유산1길 11
 유천경로당 ,경상남도 창원시 마산합포구 구산면 유천길 84 
 장구경로당 ,경상남도 창원시 마산합포구 구산면 장구길 24-35
 하마전경로당 ,경상남도 창원시 마산합포구 구산면 마전길 53
 가고파아파트경로당 ,"경상남도 창원시  마산회원구 내서읍 상곡로 35,(가고파아파트)"
 감나무골경로당 ,경상남도 창원시  마산회원구 내서읍 감나무골길 187
 감천남성경로당 ,경상남도 창원시  마산회원구 내서읍 감천로 78
 감천여성경로당 ,경상남도 창원시  마산회원구 내서읍 감천로 78
 구미경로당 ,경상남도 창원시  마산회원구 내서읍 구미길 47
 구슬골경로당 ,경상남도 창원시  마산회원구 내서읍 윗구슬길 56-4
 국제아파트경로당 ,"경상남도 창원시  마산회원구 내서읍 호계본동로 38,(호계국제아파트)"
 내서읍경로당 ,경상남도 창원시  마산회원구 내서읍 중리 상곡로 124
 대동다숲아파트경로당 ,"경상남도 창원시  마산회원구 내서읍 삼계2길 31,(삼계대동다숲아파트)"
 대동이미지1단지아파트경로당 ,"경상남도 창원시  마산회원구 내서읍 광려로 28,(삼계대동이미지1차아파트)"
 대동이미지1단지아파트남성경로당 ,"경상남도 창원시  마산회원구 내서읍 광려로 28,(삼계대동이미지1차아파트)"
 대동이미지2단지경로당 ,"경상남도 창원시  마산회원구 내서읍 광려로 29,(삼계대동이미지2차아파트)"
 더푸른아파트경로당 ,"경상남도 창원시  마산회원구 내서읍 삼계10길 22,(삼계1주공아파트)"
 동신1차아파트경로당 ,"경상남도 창원시  마산회원구 내서읍 중리상곡로 114,(동신아파트1차)"
 동신2차아파트경로당 ,"경상남도 창원시  마산회원구 내서읍 중리상곡로 134,(동신2차아파트)"
 백로아파트경로당 ,"경상남도 창원시  마산회원구 내서읍 중리상곡로 20-1,(중리백로아파트)"
 블루힐스아파트경로당 ,경상남도 창원시  마산회원구 내서읍 광려로 55 (삼계블루힐스아파트)
 삼계2주공아파트경로당 ,경상남도 창원시  마산회원구 내서읍 삼계2길 24(삼계2주공아파트)
 삼계남성경로당 ,"경상남도 창원시  마산회원구 내서읍 삼계숲길 3-1,삼계회관"
 삼계대동아파트경로당 ,"경상남도 창원시  마산회원구 내서읍 삼계5길 30,(삼계대동아파트)"
 삼계여성경로당 ,"경상남도 창원시  마산회원구 내서읍 삼계숲길 3-1,삼계회관"
 삼계현대아파트경로당 ,"경상남도 창원시  마산회원구 내서읍 삼풍로 82,(삼계현대아파트)"
 삼계화성아파트경로당 ,"경상남도 창원시  마산회원구 내서읍 삼계8길 31,(화성아파트)"
 삼정경로당 ,경상남도 창원시  마산회원구 내서읍 중리공단로 227-30
 상곡1주공아파트경로당 ,"경상남도 창원시  마산회원구 내서읍 상곡로 43,상곡주공아파트1단지"
 상곡2주공아파트경로당 ,"경상남도 창원시  마산회원구 내서읍 상곡로 67,상곡주공아파트2단지"
 상곡경로당 ,경상남도 창원시  마산회원구 내서읍 상곡안길 33-3
 상동경로당 ,경상남도 창원시  마산회원구 내서읍 상동길 7
 서광2차아파트경로당 ,"경상남도 창원시  마산회원구 내서읍 호계안길 91, 서광2차아파트"
 서진아파트경로당 ,"경상남도 창원시  마산회원구 내서읍 경남대로 1019,(서진아파트)"
 수곡경로당 ,경상남도 창원시  마산회원구 내서읍 수곡로 92-1
 숲속마을주공3단지아파트경로당 ,"경상남도 창원시  마산회원구 내서읍 삼계본동1길 86,(숲속마을주공3단지 아파트)"
 숲속마을주공4단지아파트경로당 ,"경상남도 창원시  마산회원구 내서읍 숲속로 6,(숲속마을주공4단지아파트)"
 숲속마을주공5단지아파트경로당 ,"경상남도 창원시  마산회원구 내서읍 숲속로 30,(숲속마을주공5단지아파트)"
 숲속마을주공6단지아파트경로당 ,"경상남도 창원시  마산회원구 내서읍 숲속로 27,(숲속마을주공6단지아파트)"
 신감경로당 ,경상남도 창원시  마산회원구 내서읍 신감길 25
 신목경로당 ,경상남도 창원시  마산회원구 내서읍 신목길 19-1
 신평경로당 ,경상남도 창원시  마산회원구 내서읍 신평로 35
 안계경로당 ,경상남도 창원시  마산회원구 내서읍 삼계로 194
 안곡경로당 ,경상남도 창원시  마산회원구 내서읍 송평로 411
 안성경로당 ,경상남도 창원시  마산회원구 내서읍 안성로 150
 옥정경로당 ,경상남도 창원시  마산회원구 내서읍 옥정1길 15
 용담경로당 ,경상남도 창원시  마산회원구 내서읍 용담로 177
 원계경로당 ,경상남도 창원시  마산회원구 내서읍 원계증산길 78
 원계대동다숲아파트경로당 ,"경상남도 창원시  마산회원구 내서읍 광려천남로 267,(원계대동다숲아파트)"
 장미아파트경로당 ,"경상남도 창원시  마산회원구 내서읍 중리상곡로 18,(장미아파트)"
 전안경로당 ,경상남도 창원시  마산회원구 내서읍 전안길 23
 죽암경로당 ,경상남도 창원시  마산회원구 내서읍 죽암로 19-1
 중리남성경로당 ,경상남도 창원시  마산회원구 내서읍 중리본동길 6
 중리여성경로당 ,경상남도 창원시  마산회원구 내서읍 중리상곡로 125
 중리현대아파트경로당 ,경상남도 창원시  마산회원구 내서읍 호원로 186 (중리현대아파트)
 코오롱1차아파트경로당 ,경상남도 창원시  마산회원구 내서읍 호원로 361-3(코오롱타운아파트)
 코오롱2차아파트경로당 ,"경상남도 창원시  마산회원구 내서읍 호원로 359,(코오롱하늘채2차아파트)"
 평성남성경로당 ,경상남도 창원시  마산회원구 내서읍 송평로 361
 평성여성경로당 ,경상남도 창원시  마산회원구 내서읍 송평로 361
 한우리경로당 ,"경상남도 창원시  마산회원구 내서읍 삼계1길 32,(한우리아파트1단지)"
 한우리2차아파트경로당 ,"경상남도 창원시  마산회원구 내서읍 삼계1길 18,(한우리아파트2단지)"
 한일유엔아이아파트경로당 ,"경상남도 창원시  마산회원구 내서읍 광려천남로 245,(한일유앤아이오르젠아파트)"
 한주아파트경로당 ,"경상남도 창원시  마산회원구 내서읍 함마대로 2805-70,(한주아파트)"
 현대성우아파트경로당 ,경상남도 창원시  마산회원구 내서읍 광려천북로 58(성우아파트)
 호계남성경로당 ,경상남도 창원시  마산회원구 내서읍 호계본동2길 15-4
 호계여성경로당 ,경상남도 창원시  마산회원구 내서읍 호계본동2길 15-4
 화인태양아파트경로당 ,"경상남도 창원시  마산회원구 내서읍 광려천북로 208,(화인태양맨션)"
 회원1동남성경로당 ,"경상남도 창원시  마산회원구 회원동3길8(회원동), 2층"
 회원1동여성경로당 ,"경상남도 창원시  마산회원구 회원동3길8(회원동),  1층"
한효아파트경로당,"경상남도 창원시  마산회원구 회원동3길38(회원동,한효아파트)"
이산남성경로당,"경상남도 창원시  마산회원구 회원동32길8(회원동), 2층"
이산여성경로당,경상남도 창원시  마산회원구 회원동32길8(회원동) 1층
봉오남성경로당,"경상남도 창원시  마산회원구 회원동15길 83(회원동), 2층"
봉오여성경로당,"경상남도 창원시  마산회원구 회원동15길 83(회원동), 1층"
육호경로당,경상남도 창원시  마산회원구 회원동29길39(회원동)
화란여성경로당,경상남도 창원시  마산회원구 회원서4길 25(회원동)
화란남성경로당,경상남도 창원시  마산회원구 회원서4길 25(회원동)
연계마을여성경로당,경상남도 창원시  마산회원구 앵지밭골3길 9 (회원동)
연계마을남성경로당,경상남도 창원시  마산회원구 앵지밭골3길 9 (회원동)
봉화여성경로당,경상남도 창원시  마산회원구 회원북20길 14(회원동)
봉화남성경로당,경상남도 창원시  마산회원구 회원북20길 14(회원동)
회봉경로당,경상남도 창원시  마산회원구 회원북21길 54-1(회원동)
팔거리거점경로당,경상남도 창원시  마산회원구 회원북25길 19(회원동)
회원2동제1경로당,경상남도 창원시  마산회원구 회원남32길 35
무학경로당,경상남도 창원시  마산회원구 회원서12길 14(회원동)
e편한세상1단지경로당,경상남도 창원시  마산회원구 회원북13길 20(회원동)
e편한세상2단지경로당,경상남도 창원시  마산회원구 회원남로 65(회원동)
낙원경로당,경상남도 창원시  마산회원구 무학로667-1(회원동)
성황남성경로당,경상남도 창원시  마산회원구 석전서1길 13
성황여성경로당,경상남도 창원시  마산회원구 석전서1길 13
근주경로당,경상남도 창원시  마산회원구 석전북23길 9
봉화남성경로당,경상남도 창원시  마산회원구 석전서9길 140
봉화여성경로당,경상남도 창원시  마산회원구 석전서9길 140
장수남성경로당,경상남도 창원시  마산회원구 석전남9길 50-1
장수여성경로당,경상남도 창원시  마산회원구 석전남9길 50-1
일우경로당,경상남도 창원시  마산회원구 석전남23길 6
동산남성경로당 ,경상남도 창원시  마산회원구 석전북2길 2
동산여성경로당 ,경상남도 창원시  마산회원구 석전북2길 2
역전남성경로당,경상남도 창원시  마산회원구 석전동13길 15
역전여성경로당,경상남도 창원시  마산회원구 석전북13길 15
북성여성경로당,경상남도 창원시  마산회원구 석전북7길 8-21
중앙남성경로당,경상남도 창원시  마산회원구 석전동3길 50
중앙여성경로당,경상남도 창원시  마산회원구 석전동3길 50
대동피렌체아파트경로당,경상남도 창원시  마산회원구 양덕옛1길 37
메트로시티석전경로당,경상남도 창원시  마산회원구 석전남8길 40
광명촌경로당,경상남도 창원시  마산회원구 회성동9길 16(회성동)
두곡경로당,경상남도 창원시  마산회원구 두곡길 29-14(두척동)
두척경로당,경상남도 창원시  마산회원구 두척1길 33(두척동)
송정경로당,경상남도 창원시  마산회원구 송평로 155(두척동)
연동경로당,경상남도 창원시  마산회원구 회성북4길 13(회성동)
회성제1남성경로당,경상남도 창원시  마산회원구 회성시장1길 36(회성동)
회성제1여성경로당,경상남도 창원시  마산회원구 회성시장1길 36(회성동)
회성제2남성경로당,경상남도 창원시  마산회원구 회성남17길 22-10(회성동)
회성제2여성경로당,경상남도 창원시  마산회원구 회성남17길 22-10(회성동)
회성제3남성경로당,경상남도 창원시  마산회원구 회성동8길 22(회성동)
회성제3여성경로당,경상남도 창원시  마산회원구 회성동8길 22(회성동)
양덕1동남성경로당,"경상남도 창원시  마산회원구 양덕북2길 38, 2층(양덕동)"
양덕1동여성경로당,"경상남도 창원시  마산회원구 양덕북2길 38, 1층(양덕동)"
남성사랑방쉼터경로당,"경상남도 창원시  마산회원구 양덕동13길 20, 2층(양덕동)"
여성사랑방쉼터경로당,"경상남도 창원시  마산회원구 양덕동13길 20, 1층(양덕동)"
양덕1동행복경로당,경상남도 창원시  마산회원구 양덕북12길 25(양덕동)
양덕경남아파트경로당,"경상남도 창원시  마산회원구 양덕동17길 22(양덕동, 양덕경남아파트)"
서안양덕타운경로당,"경상남도 창원시  마산회원구 팔용로 60-3(양덕동, 서안양덕타운)"
신성미소지움아파트경로당,"경상남도 창원시  마산회원구 양덕북17길 73(양덕동, 신성미소지움아파트)"
양덕2동 제2남성경로당,경상남도 창원시  마산회원구 양덕남5길 13-1
양덕2동 제2여성경로당,경상남도 창원시  마산회원구 양덕남5길 13-1
구열경로당 남성분회,경상남도 창원시  마산회원구 산호천서길 159-3
구열경로당 여성분회,경상남도 창원시  마산회원구 산호천서길 159-3
양덕2동 삼각경로당,경상남도 창원시  마산회원구 양덕남8길 16
탑골경로당,경상남도 창원시  마산회원구 양덕동2길 86-1
한일타운1차 여성경로당,경상남도 창원시  마산회원구 양덕옛2길 58
한일타운1차 남성경로당,경상남도 창원시  마산회원구 양덕옛2길 58
한일타운2차 여성경로당,경상남도 창원시  마산회원구 양덕로151
한일타운2차 남성경로당,경상남도 창원시  마산회원구 양덕로151
한일타운3차 경로당,경상남도 창원시  마산회원구 삼호로 151
한일타운4차 경로당,경상남도 창원시  마산회원구 양덕서로45
우성아파트 경로당,경상남도 창원시  마산회원구 양덕옛2길 16
대림하이빌 아파트 경로당,"경상남도 창원시  마산회원구 양덕동2길 76, 108동 102호"
메트로시티 남성노인회,"경상남도 창원시  마산회원구 양덕서로 30, 103동 122호"
메트로시티 여성노인회,"경상남도 창원시  마산회원구 양덕서로 30, 119동 127호"
반월경로당,경상남도 창원시  마산회원구 양덕서9길 14
메트로시티2단지경로당,"경상남도 창원시  마산회원구 삼호로 80, 206동"
양덕코오롱하늘채아파트경로당,"경상남도 창원시  마산회원구 양덕서5길 15, 103동"
롯데캐슬센텀골드아파트경로당,"경상남도 창원시 양덕로 48, 107동 2102호"
롯데캐슬하버팰리스아파트경로당,"경상남도 창원시 양덕동2길 20, 101동"
합성1동남성경로당,경상남도 창원시 마산회원구합성북16길107
합성1동여성경로당,경상남도 창원시 마산회원구합성북16길95-6
신성남성경로당,"경상남도 창원시 마산회원구합성북8길20,2층"
신성여성경로당,"경상남도 창원시 마산회원구합성북8길20,1층"
합성가고파남성경로당,경상남도 창원시 마산회원구합성서11길26(2층)
합성가고파여성경로당,경상남도 창원시 마산회원구합성서11길26(1층)
무학경로당,"경상남도 창원시 마산회원구금강로35,무학아파트"
창원롯데캐슬더퍼스트경로당,경상남도 창원시 마산회원구합성북16길197
남성경로당,경상남도 창원시  마산회원구 합성동13길 2층
여성경로당,경상남도 창원시  마산회원구 합성동13길 1층
팔용경로당,경상남도 창원시  마산회원구 합성남2길 70-33
제2경로당,경상남도 창원시  마산회원구 합성남19길 4
제3경로당,경상남도 창원시  마산회원구 합성동3길 12
두산위브더센트럴1단지아파트경로당,경상남도 창원시  마산회원구 팔용로 89
구암본동남성경로당,경상남도 창원시  마산회원구 구암북7길 18
구암본동여성경로당,경상남도 창원시  마산회원구 구암북7길 18
구암샛터남성경로당,경상남도 창원시  마산회원구 구암북15길 64
구암샛터여성경로당,경상남도 창원시  마산회원구 구암북15길 64
대한여성경로당,경상남도 창원시  마산회원구 구암서9길 8
구암1동제1경로당,경상남도 창원시  마산회원구 구암서3길 47
구암1동제3경로당,경상남도 창원시  마산회원구 구암북18길 39
제1남성경로당,경상남도 창원시  마산회원구 구암남10길 15(구암동)
제1여성경로당,경상남도 창원시  마산회원구 구암남10길 15(구암동)
제2남성경로당,경상남도 창원시  마산회원구 구암남15길 27(구암동)
제2여성경로당,경상남도 창원시  마산회원구 구암남15길 27(구암동)
신산남성경로당,경상남도 창원시  마산회원구 구암동1길 103(구암동)
신산여성경로당,경상남도 창원시  마산회원구 구암동1길 103(구암동)
제4남성경로당,경상남도 창원시  마산회원구 구암남7길 14(구암동)
제4여성경로당,경상남도 창원시  마산회원구 구암남7길 14(구암동)
대동2차아파트경로당,"경상남도 창원시  마산회원구 구암남6길 50(구암동, 대동2차아파트)"
중앙하이츠아파트경로당,"경상남도 창원시  마산회원구 팔용로 215(구암동, 중앙하이츠)"
봉암동제1남성경로당,경상남도 창원시 마산회원구 봉암북7길 32
봉암동제1여성경로당,경상남도 창원시 마산회원구 봉암북7길 32
봉암동제2남성경로당,경상남도 창원시 마산회원구 봉암북2길 31
봉암동제2여성경로당,경상남도 창원시 마산회원구 봉암북2길 31
봉암서광아파트경로당,경상남도 창원시 마산회원구 봉양로 241 서광아파트
봉암본동경로당,경상남도 창원시 마산회원구 봉암북16길 14-1
봉암본동부녀경로당,경상남도 창원시 마산회원구 봉암북16길 14-1
 중앙동경로당 ,경상남도 창원시  진해구 충무로58번길 13-1(익선동)
 중앙동부녀경로당 ,경상남도 창원시  진해구 충무로58번길 13-1(익선동)
 데시앙아파트경로당 ,"경상남도 창원시  진해구 중원동로 38(부흥동, 태영데시앙)"
 태평동경로당 ,경상남도 창원시  진해구 중원로10번길 13(숭인동)
 태평동부녀경로당 ,경상남도 창원시  진해구 중원로10번길 13(숭인동)
 속천동경로당 ,경상남도 창원시  진해구 속천로52번길 3(속천동)
 속천동부녀경로당 ,경상남도 창원시  진해구 속천로52번길 3(속천동)
 제황경로당 ,경상남도 창원시  진해구 속천로 26(태평동)
 그린비치경로당 ,"경상남도 창원시  진해구 속천로23번길 9(제황산동, 대암그린비치맨션)"
 평화그린파크경로당 ,"경상남도 창원시  진해구 제황로 10(제황산동, 평화그린파크)"
 대죽동경로당 ,경상남도 창원시  진해구 태평로48번길 14-7(대죽동)
 대죽동부녀경로당 ,경상남도 창원시  진해구 태평로48번길 14-7(대죽동)
 충무로5가경로당 ,경상남도 창원시  진해구 중원로74번길 7(대흥동)
 송학동부녀경로당 ,경상남도 창원시  진해구 중원로74번길 7(대흥동)
 화천여자경로당 ,경상남도 창원시  진해구 중원로74번길 7(대흥동)
 충무동경로당 ,경상남도 창원시  진해구 인사로 10(인사동)
 충무동부녀경로당 ,경상남도 창원시  진해구 인사로 10(인사동)
 제황산경로당 ,경상남도 창원시  진해구 충장로130번길 22-1(대흥동)
 제황산부녀경로당 ,경상남도 창원시  진해구 충장로130번길 22-1(대흥동)
 제황로경로당 ,경상남도 창원시  진해구 제황로80번길 24-5(충무동)
 제황로부녀경로당 ,경상남도 창원시  진해구 제황로80번길 24-5(충무동)
 중원경로당 ,경상남도 창원시  진해구 중원로38번길 7(중평동)
 평지경로당 ,경상남도 창원시  진해구 여좌천로174번길 12-1(태백동)
 평지부녀경로당 ,경상남도 창원시  진해구 여좌천로174번길 12-1(태백동)
 여좌경로당 ,경상남도 창원시  진해구 여좌로123번길 2(여좌동)
 여좌부녀경로당 ,경상남도 창원시  진해구 여좌로123번길 2-1(여좌동)
 여좌2가부녀경로당 ,경상남도 창원시  진해구  여좌로118번가길 19(여좌동)
 여좌장복경로당 ,경상남도 창원시  진해구 여좌로58번길 17(여좌동)
 여좌장복부녀경로당 ,경상남도 창원시  진해구 여좌로58번길 17(여좌동)
 여좌1가경로당 ,경상남도 창원시  진해구 여좌남로41번길 21(여좌동) 
 여좌1가부녀경로당 ,경상남도 창원시  진해구 여좌남로41번길 21 (여좌동)
 여좌재건경로당 ,경상남도 창원시  진해구 여좌로15번길 26(여좌동)
 여좌재건부녀경로당 ,경상남도 창원시  진해구 여좌로15번길 26(여좌동)
 대광APT 경로당 ,"경상남도 창원시  진해구 여명남로16번길 22(여좌동, 대광아파트)"
 여명경로당 ,경상남도 창원시  진해구 여명로 56(여좌동)
 여명부녀경로당 ,경상남도 창원시  진해구 여명로 56(여좌동)
 육대경로당 ,경상남도 창원시  진해구 여좌로 34(여좌동)
 제광경로당 ,경상남도 창원시  진해구 충장로 249번길26(경화동)
 제광부녀경로당 ,경상남도 창원시  진해구 충장로 249번길26(경화동)
 태백동새동네경로당 ,경상남도 창원시  진해구 태백서로 62(태백동)
 태백동새동네부녀경로당 ,경상남도 창원시  진해구 태백서로 62(태백동)
 태백동경로당 ,경상남도 창원시  진해구 태백서로 12-5(태백동)
 태백동부녀경로당 ,경상남도 창원시  진해구 태백서로 12-5(태백동)
경화동경로당,경상남도 창원시  진해구 경화로29번길 10-1(경화동)
경화동부녀경로당,경상남도 창원시  진해구 경화로29번길 10-1(경화동)
경일경로당,경상남도 창원시  진해구 충장로285번길 10(경화동)
경일부녀경로당,경상남도 창원시  진해구 충장로285번길 10(경화동)
조천경로당,경상남도 창원시  진해구 조천로 5-7(경화동)
조천부녀경로당,경상남도 창원시  진해구 조천로 5-7(경화동)
경화포스코경로당,"경상남도 창원시  진해구 조천북로 65(경화동, 포스코더샵아파트)"
삼정그린코아경로당,"경상남도 창원시  진해구 조천북로 97, 104동(경화동, 삼정그린코아1단지)"
경화동새마을경로당,경상남도 창원시  진해구 조천북로85번길 21(경화동)
경화대동다숲경로당,"경상남도 창원시  진해구 조천북로 79, 1층(관리동)(경화동, 경화대동다숲아파트)"
 병암동경로당 ,"경상남도 창원시  진해구 경화로18번길 25(경화동), 2층"
 병암동부녀경로당 ,"경상남도 창원시  진해구 경화로18번길 25(경화동), 1층"
 상지아파트경로당 ,"경상남도 창원시  진해구 병암북로4번길 37(석동, 상지약수아파트)"
 경화아파트경로당 ,"경상남도 창원시  진해구 경화시장로 34-3(경화동, 경화아파트)"
 병암동사랑방경로당 ,경상남도 창원시  진해구 진해대로694번길 14(경화동)
 병암동행복경로당 ,경상남도 창원시  진해구 충장로364번나길 9-23(이동)
 경화주공아파트경로당 ,"경상남도 창원시  진해구 충장로345번길 50(경화동, 경화주공아파트)"
 석동경로당 ,경상남도 창원시  진해구 돌리로10번길 5-1(석동)
 석동부녀경로당 ,경상남도 창원시  진해구 돌리로10번길 5-1(석동)
 한솔솔파크경로당 ,"경상남도 창원시  진해구 돌리로16번길 18(석동, 진해석동한솔솔파크2단지)"
 석동그린빌2단지경로당 ,"경상남도 창원시  진해구 냉천로107번길 14, 210동(석동, 벚꽃그린빌주공2단지)"
벚꽃그린빌3단지경로당,"경상남도 창원시  진해구 석동로 60, 관리사무소동(석동, 벚꽃그린빌주공3단지) 관리사무소동"
석동그린빌4단지경로당,"경상남도 창원시  진해구 석동로 80, 409동(석동, 벚꽃그린빌주공4단지)"
석동공원경로당,경상남도 창원시  진해구 석동로34번길 14(석동)
석동공원부녀경로당,경상남도 창원시  진해구 석동로34번길 14(석동)
이동신성미소지움아파트경로당,"경상남도 창원시  진해구 동진로21번길 17(이동, 진해이동미소지움1단지)"
우림필유아파트경로당,"경상남도 창원시  진해구 해원로 45(석동, 진해석동우림필유)"
석동푸르지오경로당,"경상남도 창원시  진해구 진해대로 727(석동, 진해석동푸르지오)"
석동자이아파트경로당,"경상남도 창원시  진해구 동진로21번길 26(석동, 지에스진해자이아파트)"
창원석동LH아파트경로당,"경상남도 창원시  진해구 냉천로 125(석동, 창원석동LH아파트)"
 구이동경로당 ,경상남도 창원시  진해구 이동로59번길 6
 구이동부녀경로당 ,경상남도 창원시  진해구 이동로59번길 6
 신이동경로당 ,경상남도 창원시  진해구 충장로449번길 16
 신이동부녀경로당 ,경상남도 창원시  진해구 충장로449번길 16
 이동택지경로당 ,경상남도 창원시  진해구 충장로442번길 22-10
 이동택지부녀경로당 ,경상남도 창원시  진해구 충장로442번길 22-10
 남흥아파트경로당 ,경상남도 창원시  진해구 해원로 5
 석동주공아파트경로당 ,경상남도 창원시  진해구 냉천로 52
 관사경로당 ,경상남도 창원시  진해구 덕산로61번길19(자은동) 2층
 관사부녀경로당 ,경상남도 창원시  진해구 덕산로61번길19(자은동) 1층
 하구경로당 ,경상남도 창원시  진해구 자은로78번길4(자은동) 1층
 하구부녀경로당 ,경상남도 창원시  진해구 자은로78번길4(자은동) 1층
 냉천경로당 ,경상남도 창원시  진해구 냉천로129번길17(자은동) 1층
 냉천부녀경로당 ,경상남도 창원시  진해구 냉천로129번길17(자은동) 1층
 벚꽃마을아파트경로당 ,"경상남도 창원시  진해구 진해대로921번길10(자은동,벚꽃마을아파트)"
 벚꽃마을아파트부녀경로당 ,"경상남도 창원시  진해구 진해대로921번길10(자은동,벚꽃마을아파트)"
 성원아파트경로당 ,"경상남도 창원시  진해구 냉천로108번길6(자은동,성원아파트)"
 대동빌라트경로당 ,"경상남도 창원시  진해구 냉천로88(자은동,대동빌라트아파트)"
 삼성아파트경로당 ,"경상남도 창원시  진해구 자은로64번길40(자은동,삼성아파트)"
 월드메르디앙아파트경로당 ,"경상남도 창원시  진해구 자은로64번가길26(자은동,월드메르디앙아파트)"
 자은프라임아파트경로당 ,"경상남도 창원시  진해구 냉천로 257(자은동,엘에이치자은프라임)"
 자은프라임아파트부녀경로당 ,"경상남도 창원시  진해구 냉천로 257(자은동,엘에이치자은프라임)"
 천년나무아파트경로당 ,"경상남도 창원시  진해구 냉천로 192(자은동,천년나무아파트)"
 에일린의뜰아파트경로당 ,"경상남도 창원시  진해구 냉천로 235(자은동,창원자은에일린의뜰)"
 센트럴빌리지아파트경로당 ,"경상남도 창원시  진해구 냉천로 189(자은동,센트럴빌리지)"
 자은중흥S클래스경로당 ,"경상남도 창원시  진해구 냉천로 262(자은동,자은중흥S클래스)"
덕산동경로당,경상남도 창원시  진해구 덕산로36번길 19(풍호동)
자은동본동경로당,경상남도 창원시  진해구 진해대로979번길 6-1(자은동)
자은동본동부녀경로당,경상남도 창원시  진해구 진해대로979번길 6-1(자은동)
풍호주공아파트경로당,"경상남도 창원시  진해구 동진로 166(풍호동, 주공아파트)"
경동윈츠빌경로당,"경상남도 창원시  진해구 풍호로3번길 14(풍호동, 경동윈츠빌아파트)"
자은동포스코아파트경로당,"경상남도 창원시  진해구 진해대로 975번길 26(자은동, 더샵아파트)"
자은주공3단지아파트경로당,"경상남도 창원시  진해구 진해대로975번길 23(자은동, 자은3주공아파트)"
 협성DS아이존빌경로당 ,"경상남도 창원시  진해구 풍호로35번길 11, 105동"
풍호동경로당,경상남도 창원시  진해구 진해대로 1034번길 9(풍호동) 
풍호동부녀경로당,경상남도 창원시  진해구 진해대로 1034번길 9(풍호동) 
시영아파트경로당,"경상남도 창원시  진해구 진해대로 1041번길 35(풍호동,시영아파트)"
풍호우성아파트경로당,경상남도 창원시  진해구 충장로 575-1(풍호동)
풍호우성아파트부녀경로당,경상남도 창원시  진해구 충장로 575-1(풍호동)
장천동경로당,경상남도 창원시  진해구 충장로 671번길 9(장천동)
장천동부녀경로당,경상남도 창원시  진해구 충장로 671번길 9(장천동)
장천동서부경로당,경상남도 창원시  진해구 행암로 92번길 7(장천동)
장천서부부녀경로당,경상남도 창원시  진해구 행암로 92번길 7(장천동)
행암동경로당,경상남도 창원시  진해구 행암로 223(행암동)
행암동부녀경로당,경상남도 창원시  진해구 행암로 223(행암동)
아이존빌아파트경로당,"경상남도 창원시  진해구 풍호로 42번길 15(풍호동, DS아이존빌)"
상리마을경로당,경상남도 창원시  진해구 진해대로 1162번길 7(장천동)
평화마을아파트경로당,"경상남도 창원시  진해구 충장로 603번길 10(풍호동, 평화마을아파트)"
한림리츠빌아파트경로당,"경상남도 창원시  진해구 풍호로 68(풍호동, 한림리츠빌)"
장천대동다숲경로당,"경상남도 창원시  진해구 행암로 25(장천동, 대동다숲아파트) "
장천대동다숲부녀경로당,"경상남도 창원시  진해구 행암로 25(장천동, 대동다숲아파트) "
벽산e-솔렌스힐아파트경로당,경상남도 창원시  진해구 진해대로1099번길 10
창원마린푸르지오1단지경로당,"경상남도 창원시  진해구 천자로386(풍호동, 창원마린푸르지오1단지)"
한신휴플러스오션파크아파트경로당,"경상남도 창원시  진해구 행암로5(장천동, 한신휴플러스오션파트아파트경로당)"
관정경로당,경상남도 창원시  진해구 웅천북로39번길 12-14(북부동)
괴정경로당,경상남도 창원시  진해구 명제로472번길 30(제덕동)
괴정부녀경로당,경상남도 창원시  진해구 명제로472번길 30(제덕동)
남문경로당,경상남도 창원시  진해구 웅천중로40번길 3-2(남문동)
남문부녀경로당,경상남도 창원시  진해구 웅천중로40번길 3-2(남문동)
명동경로당,경상남도 창원시  진해구 명동로 29(명동) 
백일경로당,경상남도 창원시  진해구 웅천북로 190(북부동)
북부경로당,경상남도 창원시  진해구 웅천로159번길 10-17(북부동)
북부부녀경로당,경상남도 창원시  진해구 웅천로159번길 10-17(북부동)
삼포경로당,경상남도 창원시  진해구 명제로324번길 25-5(명동) 
서중동경로당,경상남도 창원시  진해구 웅천중로65번길 17-1(서중동)
서중동부녀경로당,경상남도 창원시  진해구 웅천중로65번길 17-1(서중동)
성내경로당,경상남도 창원시  진해구 웅천중로56번길 15(성내동)
성내부녀경로당,경상남도 창원시  진해구 웅천중로56번길 15(성내동)
수도경로당,경상남도 창원시  진해구 수도로 18(수도동)
시티프라디움1차 아파트경로당,"경상남도 창원시  진해구 웅천동로 16(남문동, 남문1차시티프라디움)"
시티프라디움2차 아파트경로당,"경상남도 창원시  진해구 웅천동로 100(남문동, 남문시티프라디움2차)"
신명경로당,경상남도 창원시  진해구 명동로83번길 8(명동)
어은경로당,경상남도 창원시  진해구 어은로35번길 7(죽곡동)
와성경로당,경상남도 창원시  진해구 웅천동로 49번길 98(남문동)
제덕경로당,경상남도 창원시  진해구 제덕로234번길 11-3(제덕동)
죽곡경로당,"경상남도 창원시  진해구 명제로 107번길 19, 102(죽곡동, 케이그린빌아파트)"
진해남문호반베르디움아파트경로당,"경상남도 창원시  진해구 웅천동로43번길 19(남문동, 남문호반베르디움)"
리젠시빌란트경로당,"경상남도 창원시  진해구 웅천동로1번길 18(남문동, 리젠시빌란트)"
마천경로당,경상남도 창원시  진해구 웅동로51번길 16(마천동)
마천부녀경로당,경상남도 창원시  진해구 웅동로51번길 16(마천동)
남명플럼빌리지경로당,"경상남도 창원시  진해구 웅동로 70(마천동, 남명플럼빌리지)"
소사경로당,경상남도 창원시  진해구 소사로43번길 6(소사동)
월남경로당,경상남도 창원시  진해구 월남로104번길 12(남양동)
영길경로당,경상남도 창원시  진해구 남영로 500(남양동)
영길부녀경로당,경상남도 창원시  진해구 남영로 500(남양동)
금곡경로당,경상남도 창원시  진해구 마천로 18번안길 15-1(마천동)
금곡부녀경로당,경상남도 창원시  진해구 마천로 18번안길 15-1(마천동)
청안해오름프리존빌경로당,"경상남도 창원시  진해구 웅동로 150(두동, 청안해오름아파트)"
의곡경로당,경상남도 창원시  진해구 웅동로 194(두동)
내곡경로당,경상남도 창원시  진해구 웅동로121번길 12(마천동)
대장동경로당,경상남도 창원시  진해구 대장로 192(대장동)
대장동부녀경로당,경상남도 창원시  진해구 대장로 192(대장동)
(사)대한노인회 진해지회 부암경로당,경상남도 창원시  진해구 마천로103번길 8(마천동)
경남아너스빌경로당,"경상남도 창원시  진해구 마천로 50(마천동, 경남아너스빌)"
우방아이유쉘경로당,경상남도 창원시  진해구 월남로144(남양동)
주포경로당,경상남도 창원시  진해구 가주로 162(가주동)
가동경로당,경상남도 창원시  진해구 가주로 71(가주동)
용원남자경로당,경상남도 창원시  진해구 용원남로17번길 17(용원동)
용원여자경로당,경상남도 창원시  진해구 용원남로17번길 17(용원동)
안골남자경로당,경상남도 창원시  진해구 안골로220번길 36(안골동)
안골여자경로당,경상남도 창원시  진해구 안골로220번길 36(안골동)
청천경로당,경상남도 창원시  진해구 청안로233번길 5(청안동)
안성경로당,경상남도 창원시  진해구 청안로170번길 40-6(청안동)
신안골경로당,경상남도 창원시  진해구 안청남로22번길 9-10 (안골동)
이지더원A경로당,"경상남도 창원시  진해구 신항동로 143(용원동, 이지더원아파트 1단지) "
신항부영13단지A경로당,"경상남도 창원시  진해구 신항4로 75(용원동, 신항부영13단지) "
용원현대A경로당,"경상남도 창원시  진해구 안청북로 42, (용원동, 녹산현대아파트)"
풍림A남자경로당,"경상남도 창원시  진해구 안청북로 39, (청안동, 풍림아파트)"
풍림A여자경로당,"경상남도 창원시  진해구 안청북로 39, (청안동, 풍림아파트)"
부영1차A남자경로당,"경상남도 창원시  진해구 안청남로 13, (청안동, 부영1차아파트)"
부영1차A여자경로당,"경상남도 창원시  진해구 안청남로 13, (청안동, 부영1차아파트)"
부영2차A남자경로당,"경상남도 창원시  진해구 안청북로 12,   (청안동, 부영2차아파트)"
부영2차A여자경로당,"경상남도 창원시  진해구 안청북로 12,  (청안동, 부영2차아파트)"
부영3차A남자경로당,"경상남도 창원시  진해구 안청북로 15,(청안동, 부영3차아파트)"
부영3차A여자경로당,"경상남도 창원시  진해구 안청북로 15, (청안동, 부영3차아파트)"
해인로즈빌A남자경로당,"경상남도 창원시  진해구 안청로 126, (청안동, 해인로즈빌아파트)"
해인로즈빌A여자경로당,"경상남도 창원시  진해구 안청로 126, (청안동, 해인로즈빌아파트)"
일신님A남자경로당,"경상남도 창원시  진해구 안골로 359,  (용원동, 일신님아파트)"
일신님여자경로당,"경상남도 창원시  진해구 안골로 359,  (용원동, 일신님아파트)"
코아루A경로당,"경상남도 창원시  진해구 안골로 339, (용원동, 코아루아파트)"
신항8단지부영A경로당,경상남도 창원시  진해구 신항동로 136
