설치장소명,설치장소상세,설치시도명,설치시군구명,설치시설구분명,서비스제공사명,와이파이SSID,소재지도로명주소,소재지지번주소,관리기관명,WGS84위도,WGS84경도
도계체육공원,도계체육공원 내,경상남도,창원시,지역문화시설,창원시 의창구,Uichang free,"경상남도 창원시 의창구 도계두리길 199, 공중화장실 (도계동)",경상남도 창원시 의창구 도계동 389 공중화장실,창원시 의창구,35.25805556,128.6419444
도계체육공원,도계체육공원 내,경상남도,창원시,지역문화시설,창원시 의창구,Uichang-free,"경상남도 창원시 의창구 도계두리길 199, 공중화장실 (도계동)",경상남도 창원시 의창구 도계동 389 공중화장실,창원시 의창구,35.25777778,128.6422222
도계체육공원,도계체육공원 내,경상남도,창원시,지역문화시설,창원시 의창구,Uichang-free,"경상남도 창원시 의창구 도계두리길 199, 공중화장실 (도계동)",경상남도 창원시 의창구 도계동 389 공중화장실,창원시 의창구,35.25777778,128.6422222
사화공원,사화공원 야외무대,경상남도,창원시,지역문화시설,창원시 의창구,사화공원 공공와이파이,경상남도 창원시 의창구 중동남로 74(중동),경상남도 창원시 의창구 중동 794-11,창원시 의창구,35.251619,128.625222
사화공원,사화공원 경관뜰,경상남도,창원시,지역문화시설,창원시 의창구,사화공원 공공와이파이,경상남도 창원시 의창구 중동남로 74(중동),경상남도 창원시 의창구 중동 794-11,창원시 의창구,35.251865,128.63434
사화공원,사화공원 전망대(경관뜰),경상남도,창원시,지역문화시설,창원시 의창구,사화공원 공공와이파이,경상남도 창원시 의창구 중동남로 74(중동),경상남도 창원시 의창구 중동 794-11,창원시 의창구,35.251719,128.634685
사화공원,사화공원 전망대,경상남도,창원시,지역문화시설,창원시 의창구,사화공원 공공와이파이,경상남도 창원시 의창구 중동남로 74(중동),경상남도 창원시 의창구 중동 794-11,창원시 의창구,35.25123,128.625486
사화공원,사화공원 2 전시장,경상남도,창원시,지역문화시설,창원시 의창구,사화공원 공공와이파이,경상남도 창원시 의창구 중동남로 74(중동),경상남도 창원시 의창구 중동 794-11,창원시 의창구,35.251577,128.623853
사화공원,사화공원 식물원_2,경상남도,창원시,지역문화시설,창원시 의창구,사화공원 공공와이파이,경상남도 창원시 의창구 중동남로 74(중동),경상남도 창원시 의창구 중동 794-11,창원시 의창구,35.251783,128.632581
사화공원,사화공원 체험교육,경상남도,창원시,지역문화시설,창원시 의창구,사화공원 공공와이파이,경상남도 창원시 의창구 중동남로 74(중동),경상남도 창원시 의창구 중동 794-11,창원시 의창구,35.251738,128.62763
사화공원,사화공원 사업소,경상남도,창원시,지역문화시설,창원시 의창구,사화공원 공공와이파이,경상남도 창원시 의창구 중동남로 74(중동),경상남도 창원시 의창구 중동 794-11,창원시 의창구,35.252391,128.628709
사화공원,사화공원 물놀이터,경상남도,창원시,지역문화시설,창원시 의창구,사화공원 공공와이파이,경상남도 창원시 의창구 중동남로 74(중동),경상남도 창원시 의창구 중동 794-11,창원시 의창구,35.252333,128.631142
사화공원,사화공원 사업소 옆 보도,경상남도,창원시,지역문화시설,창원시 의창구,사화공원 공공와이파이,경상남도 창원시 의창구 중동남로 74(중동),경상남도 창원시 의창구 중동 794-11,창원시 의창구,35.252404,128.629465
사화공원,사화공원 3·4 전시장,경상남도,창원시,지역문화시설,창원시 의창구,사화공원 공공와이파이,경상남도 창원시 의창구 중동남로 74(중동),경상남도 창원시 의창구 중동 794-11,창원시 의창구,35.25114,128.624076
사화공원,사화공원 삼거리,경상남도,창원시,지역문화시설,창원시 의창구,사화공원 공공와이파이,경상남도 창원시 의창구 중동남로 74(중동),경상남도 창원시 의창구 중동 794-11,창원시 의창구,35.251843,128.627262
사화공원,사화공원 1전시장,경상남도,창원시,지역문화시설,창원시 의창구,사화공원 공공와이파이,경상남도 창원시 의창구 중동남로 74(중동),경상남도 창원시 의창구 중동 794-11,창원시 의창구,35.251858,128.623572
사화공원,사화공원 식물원_1,경상남도,창원시,지역문화시설,창원시 의창구,사화공원 공공와이파이,경상남도 창원시 의창구 중동남로 74(중동),경상남도 창원시 의창구 중동 794-11,창원시 의창구,35.252101,128.631823
사화공원,사화공원 39사단 전시관,경상남도,창원시,지역문화시설,창원시 의창구,사화공원 공공와이파이,경상남도 창원시 의창구 중동남로 74(중동),경상남도 창원시 의창구 중동 794-11,창원시 의창구,35.252371,128.630512
창원천,창원공고삼거리,경상남도,창원시,기타,창원시 성산구,homeplus,,경상남도 창원시 의창구 명서동 503,경상남도 창원시 성산구,35.23576,128.646
창원천,두대삼거리,경상남도,창원시,기타,창원시 성산구,hyundaiAPT,,경상남도 창원시 의창구 대원동 46,경상남도 창원시 성산구,35.23659,128.6497
창원천,대원교옆,경상남도,창원시,기타,창원시 성산구,myeonggog,,경상남도 창원시 대원동 502,경상남도 창원시 성산구,35.2392,128.6502
창원천,명곡광장사거리,경상남도,창원시,기타,창원시 성산구,changwonH,,경상남도 창원시 의창구 명서동 199-10,경상남도 창원시 성산구,35.24183,128.6504
창원천,창원천로166번길2 앞,경상남도,창원시,기타,창원시 성산구,yumoggyo,,경상남도 창원시 성산구 반지동 508-4,경상남도 창원시 성산구,35.24358,128.6579
창원천,창원천2교옆,경상남도,창원시,기타,창원시 성산구,jigwi,,경상남도 창원시 의창구 봉곡동 502-1,경상남도 창원시 성산구,35.24457,128.6589
창원천,반송까치아파트101동 앞,경상남도,창원시,기타,창원시 성산구,kkachisanAPT,,경상남도 창원시 성산구 반지동 511-2,경상남도 창원시 성산구,35.2422,128.6656
창원천,봉곡로124번길5-1 대로 건너편,경상남도,창원시,기타,창원시 성산구,utopia,,경상남도 창원시 의창구 봉곡동 502-37,경상남도 창원시 성산구,35.24549,128.6716
창원천,봉림교옆,경상남도,창원시,기타,창원시 성산구,daedongP,,경상남도 창원시 의창구 봉곡동 502-37,경상남도 창원시 성산구,35.24549,128.6716
창원천,봉림중삼거리,경상남도,창원시,기타,창원시 성산구,bonglim,,경상남도 창원시 의창구 사림동 510,경상남도 창원시 성산구,35.24391,128.6764
창원천,사림로4번길32 대로 건너편,경상남도,창원시,기타,창원시 성산구,bonglim,,경상남도 창원시 의창구 사림동 510,경상남도 창원시 성산구,35.24391,128.6764
창원천,사림민원센터 건너편,경상남도,창원시,기타,창원시 성산구,salim,,경상남도 창원시 의창구 사림동 501-26,경상남도 창원시 성산구,35.24261,128.6806
창원천,퇴촌2호교옆,경상남도,창원시,기타,창원시 성산구,changwonUNIV,,경상남도 창원시 의창구 사림동 501-19,경상남도 창원시 성산구,35.24308,128.6864
창원천,퇴촌4호교옆,경상남도,창원시,기타,창원시 성산구,changwonUNIV3,,경상남도 창원시 의창구 사림동 501-11,경상남도 창원시 성산구,35.24093,128.6858
감계3호근린공원(물놀이장),감계3호근린공원(물놀이장),경상남도,창원시,편의시설,KT,Public WiFi,,경상남도 창원시 의창구 북면 감계리  237-1,창원시청,35.30061531,128.5938863
창원역(스타벅스앞),버스정류장,경상남도,창원시,교통시설,KT,Public WiFi,경상남도 창원시 의창구 의창대로70번길 1,경상남도 창원시 의창구 팔용동 162-9,창원시청,35.25732741,128.608146
마금산온천족욕체험장,마금산온천족욕체험장,경상남도,창원시,관광,KT,Public WiFi,경상남도 창원시 의창구 북면 천주로1170번길 24,경상남도 창원시 의창구 북면 신촌리 1462-1,창원시청,35.35340641,128.6113972
도계동(한마음아파트방면),버스정류장,경상남도,창원시,교통시설,KT,Public WiFi,경상남도 창원시 의창구 도계로 37,경상남도 창원시 의창구 도계동 327-14,창원시청,35.26082215,128.636441
도계주유소(도계동.의창스포츠센터방면),버스정류장,경상남도,창원시,교통시설,KT,Public WiFi,경상남도 창원시 의창구 태복산로3번길 39,경상남도 창원시 의창구 도계동 404-2,창원시청,35.25520134,128.6364725
도계동.의창스포츠센터(도계주유소방면),버스정류장,경상남도,창원시,교통시설,KT,Public WiFi,,경상남도 창원시 의창구 도계동   458-2,창원시청,35.25614456,128.6348385
도계주유소(서부경찰서.원흥사방면),버스정류장,경상남도,창원시,교통시설,KT,Public WiFi,,경상남도 창원시 의창구 도계동   458-3,창원시청,35.25404889,128.6366222
창원농기계임대사업소(농업기술센터),창원농기계임대사업소(농업기술센터) 사무실,경상남도,창원시,관공서,KT,Public WiFi,경상남도 창원시 의창구 동읍 봉강가술로 70,경상남도 창원시 의창구 동읍 봉곡리 176-1,창원시청,35.35289675,128.6643563
창원단감테마공원,창원단감테마공원,경상남도,창원시,관광,KT,Public WiFi,경상남도 창원시 의창구 동읍 동읍로359번길 27,경상남도 창원시 의창구 동읍 화양리 665,창원시청,35.29915551,128.6632474
명서다리.명곡교회(명서동허앤리병원방면),버스정류장,경상남도,창원시,교통시설,KT,Public WiFi,경상남도 창원시 의창구 우곡로3번길 83,경상남도 창원시 의창구 명서동 131-4,창원시청,35.24584262,128.6435454
명서동허앤리병원(명서다리.명곡교회방면),버스정류장,경상남도,창원시,교통시설,KT,Public WiFi,경상남도 창원시 의창구 명서로141번길 22-1,경상남도 창원시 의창구 명서동 180-17,창원시청,35.24416111,128.6480183
창원공고.도로교통공단(농업기술센터방면),버스정류장,경상남도,창원시,교통시설,KT,Public WiFi,,경상남도 창원시 의창구 명서동   503,창원시청,35.2357772,128.6460949
명서다리.명곡교회(명서초등학교방면),버스정류장,경상남도,창원시,교통시설,KT,Public WiFi,경상남도 창원시 의창구 원이대로215번길 5,경상남도 창원시 의창구 명서동 82-11,창원시청,35.24648122,128.6440103
대동그린코아(장애인복지회관입구방면),버스정류장,경상남도,창원시,교통시설,KT,Public WiFi,경상남도 창원시 의창구 봉곡로123번길 6,경상남도 창원시 의창구 봉곡동 139-3,창원시청,35.24601786,128.6709989
봉곡상가입구(까치아파트입구방면),버스정류장,경상남도,창원시,교통시설,KT,Public WiFi,경상남도 창원시 의창구 봉곡로123번길 2,경상남도 창원시 의창구 봉곡동 139-2,창원시청,35.24606075,128.6708297
경남도청(도청사거리방면),버스정류장,경상남도,창원시,교통시설,KT,Public WiFi,경상남도 창원시 성산구 상남로 261,경상남도 창원시 성산구 신월동 103-1,창원시청,35.23569746,128.6916432
창원대학교입구(창원대학교종점방면),버스정류장,경상남도,창원시,교통시설,KT,Public WiFi,경상남도 창원시 의창구 퇴촌로45번길 1,경상남도 창원시 의창구 사림동 54-6,창원시청,35.24231502,128.6900244
창원대학교입구(우영프라자방면),버스정류장,경상남도,창원시,교통시설,KT,Public WiFi,경상남도 창원시 의창구 퇴촌로45번길 1,경상남도 창원시 의창구 사림동 54-6,창원시청,35.24231502,128.6900244
의창동환승센터(소답동방면),버스정류장,경상남도,창원시,교통시설,KT,Public WiFi,경상남도 창원시 의창구 평산로219번길 15,경상남도 창원시 의창구 서상동 663-5,창원시청,35.26099228,128.6245338
의창동환승센터(윤병원방면),버스정류장,경상남도,창원시,교통시설,KT,Public WiFi,경상남도 창원시 의창구 서상로12번길 77,경상남도 창원시 의창구 서상동 16-6,창원시청,35.26183208,128.622879
윤병원(의창동환승센터방면),버스정류장,경상남도,창원시,교통시설,KT,Public WiFi,경상남도 창원시 의창구 평산로219번길 47,경상남도 창원시 의창구 서상동 652-1,창원시청,35.26118187,128.6210628
흥한웰가아파트(동정동갓골방면),버스정류장,경상남도,창원시,교통시설,KT,Public WiFi,경상남도 창원시 의창구 천주로 28,경상남도 창원시 의창구 서상동 569-9,창원시청,35.26449203,128.6182382
소답동(의창동환승센터방면),버스정류장,경상남도,창원시,교통시설,KT,Public WiFi,경상남도 창원시 의창구 의안로2번길 17-1,경상남도 창원시 의창구 소답동 114-6,창원시청,35.26175194,128.62578
소답상가(동일그린맨션방면),버스정류장,경상남도,창원시,교통시설,KT,Public WiFi,경상남도 창원시 의창구 읍성로 70,경상남도 창원시 의창구 소답동 120-1,창원시청,35.26469133,128.6255279
소답온천(도계동.의창스포츠센터방면),버스정류장,경상남도,창원시,교통시설,KT,Public WiFi,경상남도 창원시 의창구 읍성로 122,경상남도 창원시 의창구 소답동 140-13,창원시청,35.26217475,128.6283896
팔룡동행정복지센터(창원여중방면),버스정류장,경상남도,창원시,교통시설,KT,Public WiFi,경상남도 창원시 의창구 팔용로 438,경상남도 창원시 의창구 팔용동 101,창원시청,35.25533683,128.6135031
팔룡동행정복지센터(창원웨딩의전당방면),버스정류장,경상남도,창원시,교통시설,KT,Public WiFi,경상남도 창원시 의창구 팔용로 435,경상남도 창원시 의창구 팔용동 103-4,창원시청,35.25547907,128.612832
팔룡중학교(팔용어울림운동장방면),버스정류장,경상남도,창원시,교통시설,KT,Public WiFi,경상남도 창원시 의창구 사화로104번길 3,경상남도 창원시 의창구 팔용동 74,창원시청,35.25184668,128.6178746
창원역(한국전력방면),버스정류장,경상남도,창원시,교통시설,KT,Public WiFi,경상남도 창원시 의창구 의창대로 67,경상남도 창원시 의창구 동정동 708-63,창원시청,35.25703981,128.6064989
창원종합터미널(창원스마트업파크방면),버스정류장,경상남도,창원시,교통시설,KT,Public WiFi,,경상남도 창원시 의창구 차용동 20,창원시청,35.23576717,128.6392231
창원역(서상삼거리방면),버스정류장,경상남도,창원시,교통시설,KT,Public WiFi,경상남도 창원시 의창구 의창대로 58,경상남도 창원시 의창구 팔용동 156-2,창원시청,35.25641869,128.6071906
농산물도매시장관리과(팔용),농산물도매시장관리과(팔용) 2층,경상남도,창원시,관공서,KT,Public WiFi,경상남도 창원시 의창구 차상로18번길 45,경상남도 창원시 의창구 팔용동 7,창원시청,35.22879506,128.6372843
주남저수지,"탐조대, 람사르문화관",경상남도,창원시,관광,KT,Public WiFi,경상남도 창원시 의창구 동읍 주남로101번길 75,경상남도 창원시 의창구 동읍 월잠리 309-17,창원시청,35.311002,128.6802586
의창종합노인복지관,의창종합노인복지관,경상남도,창원시,서민·복지시설,LGU+,Public WiFi,경상남도 창원시 의창구 서곡길 15,경상남도 창원시 의창구 명곡동 30,창원시청,35.25285543,128.6477887
의창동주민자치센터,의창동주민자치센터,경상남도,창원시,관공서,LGU+,Public WiFi,경상남도 창원시 의창구 천주로56번길 14,경상남도 창원시 의창구 동정동 250,창원시청,35.26629859,128.6171284
대산면주민자치센터,대산면주민자치센터,경상남도,창원시,관공서,LGU+,Public WiFi,,경상남도 창원시 의창구 대산면 제동리  822-1,창원시청,35.33102981,128.7087068
북면주민자치센터,북면주민자치센터,경상남도,창원시,관공서,LGU+,Public WiFi,경상남도 창원시 의창구 북면 천주로 1103,경상남도 창원시 의창구 북면 신촌리 966-1,창원시청,35.34882106,128.6072548
창원역시외고속버스정류소,창원역시외고속버스정류소,경상남도,창원시,교통시설,SKB,Public WiFi,경상남도 창원시 의창구 의창대로 67,경상남도 창원시 의창구 소계동 905,창원시청,35.25703981,128.6064989
봉강보건진료소,봉강보건진료소,경상남도,창원시,관공서,SKB,Public WiFi,경상남도 창원시 의창구 동읍 동읍로1187번길 16-4,경상남도 창원시 의창구 동읍 봉강리 280-5,창원시청,35.3558064,128.6536098
동전보건진료소,동전보건진료소,경상남도,창원시,관공서,SKB,Public WiFi,경상남도 창원시 의창구 북면 동전무동길 36-7,경상남도 창원시 의창구 북면 동전리 354,창원시청,35.31693023,128.5958583
웅남주민운동장(관객석),웅남주민운동장(관객석),경상남도,창원시,편의시설,KT,Public WiFi,경상남도 창원시 성산구 봉양로 541,경상남도 창원시 성산구 양곡동 451-3,창원시청,35.19804364,128.6316779
대동백화점(시민생활체육관방면),버스정류장,경상남도,창원시,교통시설,KT,Public WiFi,경상남도 창원시 성산구 동산로 148,경상남도 창원시 성산구 사파동 148,창원시청,35.21968111,128.6929988
상남시장,상남시장,경상남도,창원시,기타,KT,Public WiFi,경상남도 창원시 성산구 마디미로 28,경상남도 창원시 성산구 상남동 16,창원시청,35.22221487,128.68338
은아아파트(창원시청방면),버스정류장,경상남도,창원시,교통시설,KT,Public WiFi,,경상남도 창원시 성산구 신월동 93,창원시청,35.22476858,128.6853853
창원수목원,창원수목원,경상남도,창원시,관광,KT,Public WiFi,,경상남도 창원시 성산구 삼동동 산14-1,창원시청,35.22814099,128.6558401
가음은아아파트(더샵센트럴파크3단지방면),버스정류장,경상남도,창원시,교통시설,KT,Public WiFi,경상남도 창원시 성산구 원이대로883번길 6,경상남도 창원시 성산구 가음동 23-3,창원시청,35.20729954,128.6946408
가음정본동(창원남중방면),버스정류장,경상남도,창원시,교통시설,KT,Public WiFi,,경상남도 창원시 성산구 가음동   49,창원시청,35.20883565,128.6877535
한림아파트(사파삼익아파트방면),버스정류장,경상남도,창원시,교통시설,KT,Public WiFi,경상남도 창원시 성산구 대암로 8,경상남도 창원시 성산구 남양동 16,창원시청,35.21369457,128.6983592
남양초등학교(한림아파트방면),버스정류장,경상남도,창원시,교통시설,KT,Public WiFi,경상남도 창원시 성산구 대정로 73,경상남도 창원시 성산구 남양동 20,창원시청,35.2115144,128.7004475
남양성원1차아파트(남양초등학교방면),버스정류장,경상남도,창원시,교통시설,KT,Public WiFi,경상남도 창원시 성산구 대정로 73,경상남도 창원시 성산구 남양동 20,창원시청,35.2115144,128.7004475
임마뉴엘교회(남양성원2차아파트방면),버스정류장,경상남도,창원시,교통시설,KT,Public WiFi,,경상남도 창원시 성산구 대방동   361-2,창원시청,35.2079495,128.7070011
안남중학교(임마뉴엘교회방면),버스정류장,경상남도,창원시,교통시설,KT,Public WiFi,경상남도 창원시 성산구 창이대로899번길 13,경상남도 창원시 성산구 대방동 373,창원시청,35.20552466,128.7080119
대원레포츠공원,대원레포츠공원,경상남도,창원시,기타,KT,Public WiFi,경상남도 창원시 성산구 두대로 46,경상남도 창원시 성산구 대원동 109,창원시청,35.232609,128.646358
시티7(창원컨벤션센터방면),버스정류장,경상남도,창원시,교통시설,KT,Public WiFi,,경상남도 창원시 성산구 대원동 121,창원시청,35.24078906,128.6535542
충혼탑(창원문성대학교방면),버스정류장,경상남도,창원시,교통시설,KT,Public WiFi,,경상남도 창원시 성산구 대원동 504,창원시청,35.2277904,128.6583238
대원경로당,대원경로당,경상남도,창원시,서민·복지시설,KT,Public WiFi,경상남도 창원시 성산구 대원로27번길 30,경상남도 창원시 성산구 대원동 93-2,창원시청,35.232602,128.650201
문성고등학교(창원컨벤션센터방면),버스정류장,경상남도,창원시,교통시설,KT,Public WiFi,,경상남도 창원시 성산구 반지동   505-3,창원시청,35.23751955,128.6615158
반송여중(일동아파트방면),버스정류장,경상남도,창원시,교통시설,KT,Public WiFi,경상남도 창원시 성산구 반송로 168,경상남도 창원시 성산구 반림동 19,창원시청,35.23577251,128.674391
노블파크아파트(창원문성대학교방면),버스정류장,경상남도,창원시,교통시설,KT,Public WiFi,,경상남도 창원시 성산구 반림동   511,창원시청,35.23516317,128.6665383
반송시장.아이필상가(반송여중방면),버스정류장,경상남도,창원시,교통시설,KT,Public WiFi,경상남도 창원시 성산구 반송로 150,경상남도 창원시 성산구 반림동 21,창원시청,35.23597863,128.6718157
반림현대산업아파트경로당,반림현대산업아파트경로당,경상남도,창원시,서민·복지시설,KT,Public WiFi,경상남도 창원시 성산구 외동반림로 221,경상남도 창원시 성산구 반림동 3-1,창원시청,35.23927835,128.6772272
반송공원,반송공원,경상남도,창원시,교통시설,KT,Public WiFi,,경상남도 창원시 성산구 반림동 산44-6,창원시청,35.238756,128.673654
교통문화연수원(럭키아파트방면),버스정류장,경상남도,창원시,교통시설,KT,Public WiFi,경상남도 창원시 성산구 반송로 149,경상남도 창원시 성산구 반림동 6-4,창원시청,35.2364283,128.6712379
창원축구센터.법원(검찰청방면),버스정류장,경상남도,창원시,교통시설,KT,Public WiFi,경상남도 창원시 성산구 창이대로 669,경상남도 창원시 성산구 사파동 1,창원시청,35.22515219,128.7014322
문성고등학교(창원종합운동장방면),버스정류장,경상남도,창원시,교통시설,KT,Public WiFi,,경상남도 창원시 성산구 반지동   505-3,창원시청,35.23751955,128.6615158
시티7(명서동허앤리병원방면),버스정류장,경상남도,창원시,교통시설,KT,Public WiFi,경상남도 창원시 성산구 창원천로128번길 3,경상남도 창원시 성산구 반지동 119-16,창원시청,35.24159512,128.6535298
창원수목원(추가),창원수목원,경상남도,창원시,관광,KT,Public WiFi,,경상남도 창원시 성산구 삼동동 197,창원시청,35.22814099,128.6558401
시민생활체육관(대동백화점방면),버스정류장,경상남도,창원시,교통시설,KT,Public WiFi,경상남도 창원시 성산구 원이대로 692,경상남도 창원시 성산구 상남동 43-2,창원시청,35.22234825,128.6879806
성원그랜드쇼핑,성원그랜드쇼핑,경상남도,창원시,기타,KT,Public WiFi,경상남도 창원시 성산구 동산로 124,경상남도 창원시 성산구 상남동 45-1,창원시청,35.21937354,128.6915928
대동백화점(토월성원아파트방면),버스정류장,경상남도,창원시,교통시설,KT,Public WiFi,경상남도 창원시 성산구 토월로 140,경상남도 창원시 성산구 상남동 503,창원시청,35.22158721,128.6894112
토월성원아파트(상남도서관방면),버스정류장,경상남도,창원시,교통시설,KT,Public WiFi,경상남도 창원시 성산구 동산로 124,경상남도 창원시 성산구 상남동 45-1,창원시청,35.21937354,128.6915928
중앙제1경로당,중앙제1경로당,경상남도,창원시,서민·복지시설,KT,Public WiFi,경상남도 창원시 성산구 원이대로580번길 31,경상남도 창원시 성산구 중앙동 82-1,창원시청,35.22579962,128.6775208
양곡상가(신촌동성아파트방면),버스정류장,경상남도,창원시,교통시설,KT,Public WiFi,,경상남도 창원시 성산구 신촌동   22-2,창원시청,35.20138681,128.6287355
외동경로당,외동경로당,경상남도,창원시,서민·복지시설,KT,Public WiFi,경상남도 창원시 성산구 용지로21번길 30,경상남도 창원시 성산구 중앙동 155-1,창원시청,35.22018261,128.6728312
중앙동(창원호텔.중앙동행정복지센터방면),버스정류장,경상남도,창원시,교통시설,KT,Public WiFi,경상남도 창원시 성산구 용지로 95,경상남도 창원시 성산구 중앙동 67-12,창원시청,35.22437906,128.6772652
장수경로당,장수경로당,경상남도,창원시,서민·복지시설,KT,Public WiFi,경상남도 창원시 성산구 외동반림로134번길 15,경상남도 창원시 성산구 중앙동 10-18,창원시청,35.22977597,128.6741115
양곡중학교(양곡상가방면),버스정류장,경상남도,창원시,교통시설,KT,Public WiFi,경상남도 창원시 성산구 신촌로 123,경상남도 창원시 성산구 신촌동 23-2,창원시청,35.19763784,128.6292673
시민생활체육관(은아아파트방면),버스정류장,경상남도,창원시,교통시설,KT,Public WiFi,,경상남도 창원시 성산구 신월동 92,창원시청,35.22284641,128.6888146
송죽경로당,송죽경로당,경상남도,창원시,서민·복지시설,KT,Public WiFi,경상남도 창원시 성산구 외동반림로46번길 17,경상남도 창원시 성산구 중앙동 51-16,창원시청,35.2229909,128.6743761
정우상가(중앙고등학교방면),버스정류장,경상남도,창원시,교통시설,KT,Public WiFi,,경상남도 창원시 성산구 용호동 73-62,창원시청,35.22812777,128.6794555
창원시청.한서병원(은아아파트방면),버스정류장,경상남도,창원시,교통시설,KT,Public WiFi,경상남도 창원시 성산구 용지로133번길 3,경상남도 창원시 성산구 중앙동 89-5,창원시청,35.22730851,128.6794137
중앙경로당,중앙경로당,경상남도,창원시,서민·복지시설,KT,Public WiFi,경상남도 창원시 성산구 원이대로566번길 27-25,경상남도 창원시 성산구 중앙동 69-14,창원시청,35.22652229,128.6767352
성주동행정복지센터(태화기계방면),버스정류장,경상남도,창원시,교통시설,KT,Public WiFi,경상남도 창원시 성산구 공단로 735,경상남도 창원시 성산구 성주동 59,창원시청,35.18883925,128.6944966
사파삼익아파트경로당,사파삼익아파트경로당,경상남도,창원시,서민·복지시설,KT,Public WiFi,경상남도 창원시 성산구 원이대로773번길 13,경상남도 창원시 성산구 사파동 147,창원시청,35.2187129,128.6947208
대방덕산1차아파트경로당,대방덕산1차아파트경로당,경상남도,창원시,서민·복지시설,KT,Public WiFi,경상남도 창원시 성산구 대정로 131,경상남도 창원시 성산구 대방동 356,창원시청,35.21361897,128.7068915
대방덕산2차아파트경로당,대방덕산2차아파트경로당,경상남도,창원시,서민·복지시설,KT,Public WiFi,경상남도 창원시 성산구 대암로 268,경상남도 창원시 성산구 대방동 375,창원시청,35.20404959,128.7092732
대방성원남산아파트경로당,대방성원남산아파트경로당,경상남도,창원시,서민·복지시설,KT,Public WiFi,경상남도 창원시 성산구 대암로 110,경상남도 창원시 성산구 대방동 355,창원시청,35.21540217,128.7081018
대방성원3차아파트경로당,대방성원3차아파트경로당,경상남도,창원시,서민·복지시설,KT,Public WiFi,경상남도 창원시 성산구 대암로 110,경상남도 창원시 성산구 대방동 355,창원시청,35.21540217,128.7081018
대방동성아파트경로당,대방동성아파트경로당,경상남도,창원시,서민·복지시설,KT,Public WiFi,경상남도 창원시 성산구 창이대로901번길 4,경상남도 창원시 성산구 대방동 374,창원시청,35.20473631,128.7076199
대방그린빌아파트경로당,대방그린빌아파트경로당,경상남도,창원시,서민·복지시설,KT,Public WiFi,경상남도 창원시 성산구 대암로 256,경상남도 창원시 성산구 대방동 376,창원시청,35.20551547,128.7108643
대동제1경로당,대동제1경로당,경상남도,창원시,서민·복지시설,KT,Public WiFi,경상남도 창원시 성산구 신사로 106,경상남도 창원시 성산구 사파동 142,창원시청,35.21994483,128.6963315
대동제2경로당,대동제2경로당,경상남도,창원시,서민·복지시설,KT,Public WiFi,경상남도 창원시 성산구 신사로 106,경상남도 창원시 성산구 사파동 142,창원시청,35.21994483,128.6963315
대방대동아파트경로당,대방대동아파트경로당,경상남도,창원시,서민·복지시설,KT,Public WiFi,경상남도 창원시 성산구 대정로 138,경상남도 창원시 성산구 대방동 358,창원시청,35.21174899,128.7076298
대방대동디지털아파트경로당,대방대동디지털아파트경로당,경상남도,창원시,서민·복지시설,KT,Public WiFi,경상남도 창원시 성산구 창이대로881번길 6,경상남도 창원시 성산구 대방동 371,창원시청,35.20686915,128.707772
대방개나리1차아파트경로당,대방개나리1차아파트경로당,경상남도,창원시,서민·복지시설,KT,Public WiFi,경상남도 창원시 성산구 대정로 149,경상남도 창원시 성산구 대방동 357,창원시청,35.2128568,128.7077998
사파무궁화아파트경로당,사파무궁화아파트경로당,경상남도,창원시,서민·복지시설,KT,Public WiFi,경상남도 창원시 성산구 동산로 148,경상남도 창원시 성산구 사파동 148,창원시청,35.21968111,128.6929988
성산종합노인복지관(탁구장),성산종합노인복지관(탁구장),경상남도,창원시,서민·복지시설,KT,Public WiFi,경상남도 창원시 성산구 창이대로 781,경상남도 창원시 성산구 대방동 330,창원시청,35.21651109,128.7046581
오동동문화거리(오동동상인연합),오동동문화거리(오동동상인연합),경상남도,창원시,기타,KT,Public WiFi,경상남도 창원시 마산합포구 불종거리로 30,경상남도 창원시 마산합포구 오동동 159-23,창원시청,35.20706563,128.5766903
마산어시장,마산어시장,경상남도,창원시,기타,KT,Public WiFi,경상남도 창원시 마산합포구 복요리로 7,경상남도 창원시 마산합포구 동성동 314,창원시청,35.20376172,128.578956
수정시내버스환승센터대합실,수정시내버스환승센터대합실,경상남도,창원시,교통시설,KT,Public WiFi,경상남도 창원시 마산합포구 구산면 석곡로 414,경상남도 창원시 마산합포구 구산면 수정리 975,창원시청,35.11517126,128.5782598
어시장(오동동아구찜거리방면),버스정류장,경상남도,창원시,교통시설,KT,Public WiFi,경상남도 창원시 마산합포구 합포로 40,경상남도 창원시 마산합포구 남성동 197-21,창원시청,35.20372045,128.5763
부림지하상가,부림지하상가,경상남도,창원시,기타,KT,Public WiFi,경상남도 창원시 마산합포구 3.15대로 351 (지하),경상남도 창원시 마산합포구 부림동 112,창원시청,35.20627383,128.5729191
마산음악관,마산음악관,경상남도,창원시,지역문화시설,KT,Public WiFi,경상남도 창원시 마산합포구 수산2길 35,경상남도 창원시 마산합포구 신포동1가 68-1,창원시청,35.19757403,128.5719105
경동메르빌APT(마산합포구청.의료원방면),버스정류장,경상남도,창원시,교통시설,KT,Public WiFi,경상남도 창원시 마산합포구 3.15대로 186,경상남도 창원시 마산합포구 중앙동2가 2-10,창원시청,35.19462712,128.5669001
마산합포구청.의료원(경동메르빌APT방면),버스정류장,경상남도,창원시,교통시설,KT,Public WiFi,경상남도 창원시 마산합포구 3.15대로 219-4,경상남도 창원시 마산합포구 중앙동3가 3-7,창원시청,35.19785928,128.5669807
진동시내버스환승센터,진동시내버스환승센터,경상남도,창원시,교통시설,KT,Public WiFi,경상남도 창원시 마산합포구 진동면 삼진의거대로 611,경상남도 창원시 마산합포구 진동면 진동리 856,창원시청,35.115388,128.4846586
진동종합복지관,진동종합복지관,경상남도,창원시,서민·복지시설,KT,Public WiFi,경상남도 창원시 마산합포구 진동면 신서촌로 15,경상남도 창원시 마산합포구 진동면 진동리 872,창원시청,35.11594755,128.4833519
대티마을회관,대티마을회관,경상남도,창원시,서민·복지시설,KT,Public WiFi,경상남도 창원시 마산합포구 진북면 대티1길 103-11,경상남도 창원시 마산합포구 진북면 대티리 797-2,창원시청,35.16657206,128.4673824
거락마을회관(경로당),거락마을회관(경로당),경상남도,창원시,서민·복지시설,KT,Public WiFi,경상남도 창원시 마산합포구 진전면 거락2길 6,경상남도 창원시 마산합포구 진전면 고사리 1029-3,창원시청,35.14158711,128.3721634
원산마을회관(경로당),원산마을회관(경로당),경상남도,창원시,서민·복지시설,KT,Public WiFi,경상남도 창원시 마산합포구 진전면 의산삼일로 248,경상남도 창원시 마산합포구 진전면 고사리 522-7,창원시청,35.15128321,128.3701316
봉암복지회관(경로당),봉암복지회관(경로당),경상남도,창원시,서민·복지시설,KT,Public WiFi,경상남도 창원시 마산합포구 진전면 팔의사로 207-1,경상남도 창원시 마산합포구 진전면 봉암리 121-8,창원시청,35.13136798,128.3689541
시락보건진료소,시락보건진료소,경상남도,창원시,관공서,KT,Public WiFi,경상남도 창원시 마산합포구 진전면 회진로 1016-15,경상남도 창원시 마산합포구 진전면 시락리 286-14,창원시청,35.07211002,128.4404126
양촌마을회관(경로당),양촌마을회관(경로당),경상남도,창원시,서민·복지시설,KT,Public WiFi,경상남도 창원시 마산합포구 진전면 팔의사로 390,경상남도 창원시 마산합포구 진전면 양촌리 293-4,창원시청,35.12412619,128.3856492
개양마을회관(신축),개양마을회관(신축),경상남도,창원시,서민·복지시설,KT,Public WiFi,경상남도 창원시 마산합포구 진전면 개양길 11,경상남도 창원시 마산합포구 진전면 양촌리 449,창원시청,35.12797033,128.3824595
대정마을회관(경로당),대정마을회관(경로당),경상남도,창원시,서민·복지시설,KT,Public WiFi,경상남도 창원시 마산합포구 진전면 의산삼일로 11,경상남도 창원시 마산합포구 진전면 양촌리 743-5,창원시청,35.13104308,128.3764955
옥방내동경로당,옥방내동경로당,경상남도,창원시,서민·복지시설,KT,Public WiFi,경상남도 창원시 마산합포구 진전면 옥방내동길 195,경상남도 창원시 마산합포구 진전면 여양리 110,창원시청,35.17938195,128.3897559
옥방마을회관(경로당),옥방마을회관(경로당),경상남도,창원시,서민·복지시설,KT,Public WiFi,경상남도 창원시 마산합포구 진전면 옥방샛담길 55,경상남도 창원시 마산합포구 진전면 여양리 951-4,창원시청,35.1757409,128.3778867
회동마을회관(경로당),회동마을회관(경로당),경상남도,창원시,서민·복지시설,KT,Public WiFi,경상남도 창원시 마산합포구 진전면 탑동길 57,경상남도 창원시 마산합포구 진전면 오서리 1109-3,창원시청,35.0980413,128.4060351
대방마을회관,대방마을회관,경상남도,창원시,서민·복지시설,KT,Public WiFi,경상남도 창원시 마산합포구 진전면 적석산길 616,경상남도 창원시 마산합포구 진전면 일암리 1089,창원시청,35.11758399,128.3608903
창포마을회관,창포마을회관,경상남도,창원시,서민·복지시설,KT,Public WiFi,경상남도 창원시 마산합포구 진전면 회진로 1493-1,경상남도 창원시 마산합포구 진전면 창포리 201,창원시청,35.08987333,128.4597619
"문신미술관(원형미술관,야외조각장)","문신미술관(원형미술관,야외조각장)",경상남도,창원시,지역문화시설,KT,Public WiFi,경상남도 창원시 마산합포구 문신길 147,경상남도 창원시 마산합포구 추산동 51-1,창원시청,35.20675249,128.569266
어시장(오동동문화광장방면),버스정류장,경상남도,창원시,교통시설,KT,Public WiFi,,경상남도 창원시 마산합포구 남성동   177-2,창원시청,35.20343059,128.5754712
어시장(KT서마산지점방면),버스정류장,경상남도,창원시,교통시설,KT,Public WiFi,,경상남도 창원시 마산합포구 남성동   177-2,창원시청,35.20343059,128.5754712
부림시장(추가설치) (옥내),부림시장(추가설치) (옥내),경상남도,창원시,기타,KT,Public WiFi,경상남도 창원시 마산합포구 3.15대로 352,경상남도 창원시 마산합포구 부림동 32-1,창원시청,35.20578871,128.5734587
부림시장(북마산가구거리방면),버스정류장,경상남도,창원시,교통시설,KT,Public WiFi,경상남도 창원시 마산합포구 3.15대로 352,경상남도 창원시 마산합포구 부림동 32-137,창원시청,35.20578871,128.5734587
신세계백화점(산호동방면),버스정류장,경상남도,창원시,교통시설,KT,Public WiFi,경상남도 창원시 마산합포구 합포로 243,경상남도 창원시 마산합포구 산호동 13-55,창원시청,35.21884485,128.5869057
신세계백화점(고속버스터미널방면),버스정류장,경상남도,창원시,교통시설,KT,Public WiFi,경상남도 창원시 마산합포구 합포로 250,경상남도 창원시 마산합포구 산호동 202-7,창원시청,35.21948821,128.5873342
동마산주유소(창원NC파크.마산회원구청방면),버스정류장,경상남도,창원시,교통시설,KT,Public WiFi,경상남도 창원시 마산합포구 용마로 66,경상남도 창원시 마산합포구 산호동 27-38,창원시청,35.21912386,128.581577
자유무역지역정문(합포동방면),버스정류장,경상남도,창원시,교통시설,KT,Public WiFi,경상남도 창원시 마산합포구 합포로 126-1,경상남도 창원시 마산합포구 산호동 338-17,창원시청,35.20931614,128.5830752
용마고등학교(자유무역지역정문방면),버스정류장,경상남도,창원시,교통시설,KT,Public WiFi,,경상남도 창원시 마산합포구 산호동   470-15,창원시청,35.21064857,128.580802
야구장앞홈플러스(자유무역지역후문방면),버스정류장,경상남도,창원시,교통시설,KT,Public WiFi,경상남도 창원시 마산합포구 삼호로 53,경상남도 창원시 마산합포구 산호동 6-13,창원시청,35.22206207,128.5848356
산호동상점가,산호동상점가,경상남도,창원시,기타,KT,Public WiFi,경상남도 창원시 마산합포구 산호북21길 16,경상남도 창원시 마산합포구 산호동 8-8,창원시청,35.22060155,128.5855772
경남데파트(KT서마산지점방면),버스정류장,경상남도,창원시,교통시설,KT,Public WiFi,경상남도 창원시 마산합포구 3.15대로 258,경상남도 창원시 마산합포구 서성동 84-7,창원시청,35.20134598,128.5676847
KT서마산지점(경남데파트방면),버스정류장,경상남도,창원시,교통시설,KT,Public WiFi,경상남도 창원시 마산합포구 3.15대로 305,경상남도 창원시 마산합포구 서성동 66-11,창원시청,35.20323942,128.5711447
삼성생명(육호광장방면),버스정류장,경상남도,창원시,교통시설,KT,Public WiFi,,경상남도 창원시 마산합포구 오동동   105-2,창원시청,35.2086396,128.5763794
3.15의거발원지기념관,3.15의거발원지기념관,경상남도,창원시,관광,KT,Public WiFi,경상남도 창원시 마산합포구 문화의길 54,경상남도 창원시 마산합포구 오동동 165-7,창원시청,35.20709,128.5772752
오동동(자유무역지역정문방면),버스정류장,경상남도,창원시,교통시설,KT,Public WiFi,경상남도 창원시 마산합포구 합포로 80,경상남도 창원시 마산합포구 오동동 233-30,창원시청,35.20608118,128.5796991
마산여고(완월동방면),버스정류장,경상남도,창원시,교통시설,KT,Public WiFi,경상남도 창원시 마산합포구 고운로 168,경상남도 창원시 마산합포구 완월동 282-14,창원시청,35.19689027,128.5623081
제일여고입구(반월민원센터방면),버스정류장,경상남도,창원시,교통시설,KT,Public WiFi,경상남도 창원시 마산합포구 3.15대로 88,경상남도 창원시 마산합포구 월남동1가 7-1,창원시청,35.1874338,128.5620226
연세병원(반월민원센터방면),버스정류장,경상남도,창원시,교통시설,KT,Public WiFi,,경상남도 창원시 마산합포구 월남동2가   6-7,창원시청,35.18616172,128.5613341
경남대학교(문화동방면),버스정류장,경상남도,창원시,교통시설,KT,Public WiFi,경상남도 창원시 마산합포구 3.15대로 22,경상남도 창원시 마산합포구 월남동4가 8-1,창원시청,35.18176923,128.5592458
경동메르빌APT(중부경찰서방면),버스정류장,경상남도,창원시,교통시설,KT,Public WiFi,경상남도 창원시 마산합포구 3.15대로 185,경상남도 창원시 마산합포구 중앙동2가 3-201,창원시청,35.19485043,128.5665117
경남데파트(마산합포구청.의료원방면),버스정류장,경상남도,창원시,교통시설,KT,Public WiFi,경상남도 창원시 마산합포구 3.15대로 255,경상남도 창원시 마산합포구 중앙동3가 2-3,창원시청,35.20098067,128.567131
마산농기계임대사업소(농업기술센터),마산농기계임대사업소(농업기술센터),경상남도,창원시,관공서,KT,Public WiFi,경상남도 창원시 마산합포구 진북면 지산1길 130,경상남도 창원시 마산합포구 진북면 지산리 262-9,창원시청,35.11533461,128.4616011
진동(야촌마을방면),버스정류장,경상남도,창원시,교통시설,KT,Public WiFi,경상남도 창원시 마산합포구 진동면 삼진의거대로 640,경상남도 창원시 마산합포구 진동면 진동리 483-2,창원시청,35.1156023,128.4875708
창동통합상가(추가설치) (옥외),창동통합상가(추가설치) (옥외),경상남도,창원시,기타,KT,Public WiFi,경상남도 창원시 마산합포구 창동거리길 32,경상남도 창원시 마산합포구 창동 120-2,창원시청,35.20617643,128.5746645
경남대남부터미널종점(해운초등학교방면),버스정류장,경상남도,창원시,교통시설,KT,Public WiFi,경상남도 창원시 마산합포구 밤밭고개로 446,경상남도 창원시 마산합포구 해운동 21,창원시청,35.18018842,128.5577843
남부터미널(경남대학교방면),버스정류장,경상남도,창원시,교통시설,KT,Public WiFi,경상남도 창원시 마산합포구 월영동서로 20,경상남도 창원시 마산합포구 해운동 5-119,창원시청,35.17988448,128.5603844
돝섬해상유원지,"터미널,  안내소",경상남도,창원시,관광,KT,Public WiFi,경상남도 창원시 마산합포구 제2부두로 56,경상남도 창원시 마산합포구 신포동1가 86,창원시청,35.19796616,128.5759036
서항지구 친수공간 일원,서항지구 친수공간 일원,경상남도,창원시,편의시설,KT,Public WiFi,,경상남도 창원시 마산합포구 해운동   57,창원시청,35.18042912,128.5667882
덕기마을회관,덕기마을회관,경상남도,창원시,서민·복지시설,KT,Public WiFi,경상남도 창원시 마산합포구 진북면 덕곡덕기길 87,경상남도 창원시 마산합포구 진북면 덕곡리 52-1,창원시청,35.1241063,128.4831621
귀정마을회관,귀정마을회관,경상남도,창원시,서민·복지시설,LGU+,Public WiFi,경상남도 창원시 마산합포구 진북면 귀정길 14,경상남도 창원시 마산합포구 진북면 대티리 29-1,창원시청,35.16320242,128.4743377
영학(학동)마을회관,영학(학동)마을회관,경상남도,창원시,서민·복지시설,LGU+,Public WiFi,경상남도 창원시 마산합포구 진북면 학동로 529,경상남도 창원시 마산합포구 진북면 영학리 253-2,창원시청,35.15118812,128.4400434
서북동마을회관,서북동마을회관,경상남도,창원시,서민·복지시설,LGU+,Public WiFi,경상남도 창원시 마산합포구 진북면 학동로 614,경상남도 창원시 마산합포구 진북면 영학리 516,창원시청,35.15649168,128.433974
금산마을회관,금산마을회관,경상남도,창원시,서민·복지시설,LGU+,Public WiFi,경상남도 창원시 마산합포구 진북면 학동로 403,경상남도 창원시 마산합포구 진북면 금산리 125-8,창원시청,35.14538054,128.4504703
중촌마을회관,중촌마을회관,경상남도,창원시,서민·복지시설,LGU+,Public WiFi,경상남도 창원시 마산합포구 진북면 중촌길 6-3,경상남도 창원시 마산합포구 진북면 대티리 312-4,창원시청,35.17122423,128.4707366
덕곡마을회관,덕곡마을회관,경상남도,창원시,서민·복지시설,LGU+,Public WiFi,경상남도 창원시 마산합포구 진북면 덕곡덕기길 305-1,경상남도 창원시 마산합포구 진북면 덕곡리 97-1,창원시청,35.12695354,128.4734715
부산마을회관,부산마을회관,경상남도,창원시,서민·복지시설,LGU+,Public WiFi,경상남도 창원시 마산합포구 진북면 부산1길 83,경상남도 창원시 마산합포구 진북면 부산리 128-2,창원시청,35.13889677,128.4642851
부평마을회관,부평마을회관,경상남도,창원시,서민·복지시설,LGU+,Public WiFi,경상남도 창원시 마산합포구 진북면 부평1길 61,경상남도 창원시 마산합포구 진북면 부평리 217,창원시청,35.14945039,128.4814148
신촌마을회관,신촌마을회관,경상남도,창원시,서민·복지시설,LGU+,Public WiFi,경상남도 창원시 마산합포구 진북면 신촌마을길 2,경상남도 창원시 마산합포구 진북면 신촌리 286-1,창원시청,35.13452745,128.4766724
인곡마을회관,인곡마을회관,경상남도,창원시,서민·복지시설,LGU+,Public WiFi,경상남도 창원시 마산합포구 진북면 의림로 244,경상남도 창원시 마산합포구 진북면 인곡리 726-2,창원시청,35.12843264,128.4462377
대현마을회관,대현마을회관,경상남도,창원시,서민·복지시설,LGU+,Public WiFi,경상남도 창원시 마산합포구 진북면 대현길 9,경상남도 창원시 마산합포구 진북면 정현리 546-2,창원시청,35.17480171,128.468506
정삼마을회관,정삼마을회관,경상남도,창원시,서민·복지시설,LGU+,Public WiFi,경상남도 창원시 마산합포구 진북면 정삼길 158,경상남도 창원시 마산합포구 진북면 정현리 764-1,창원시청,35.17208763,128.4622741
내추마을회관,내추마을회관,경상남도,창원시,서민·복지시설,LGU+,Public WiFi,경상남도 창원시 마산합포구 진북면 내추길 5,경상남도 창원시 마산합포구 진북면 추곡리 134-2,창원시청,35.16795898,128.4899958
외추마을회관,외추마을회관,경상남도,창원시,서민·복지시설,LGU+,Public WiFi,경상남도 창원시 마산합포구 진북면 추곡1길 94,경상남도 창원시 마산합포구 진북면 추곡리 917-1,창원시청,35.15677333,128.4788305
진전면 신기마을복지회관,진전면 신기마을복지회관,경상남도,창원시,서민·복지시설,LGU+,Public WiFi,경상남도 창원시 마산합포구 진전면 진전신기길 5,경상남도 창원시 마산합포구 진전면 근곡리 75-1,창원시청,35.10803037,128.4484569
진전면 둔덕마을 마을회관,진전면 둔덕마을 마을회관,경상남도,창원시,서민·복지시설,LGU+,Public WiFi,경상남도 창원시 마산합포구 진전면 둔덕안담길 27,경상남도 창원시 마산합포구 진전면 여양리 426-1,창원시청,35.1919711,128.3894577
동삼마을회관,동삼마을회관,경상남도,창원시,서민·복지시설,LGU+,Public WiFi,경상남도 창원시 마산합포구 진북면 동삼길 82,경상남도 창원시 마산합포구 진북면 인곡리 17-5,창원시청,35.12279392,128.4525331
진동종합복지관,진동종합복지관,경상남도,창원시,서민·복지시설,LGU+,Public WiFi,경상남도 창원시 마산합포구 진동면 신서촌로 15,경상남도 창원시 마산합포구 진동면 진동리 872-2,창원시청,35.11594755,128.4833519
해양드라마세트장,해양드라마세트장,경상남도,창원시,관광,LGU+,Public WiFi,,경상남도 창원시 마산합포구 구산면 석곡리  산 183-2,창원시청,35.10907614,128.5403685
수정보건진료소,수정보건진료소,경상남도,창원시,서민·복지시설,SKB,Public WiFi,경상남도 창원시 마산합포구 구산면 수정1길 62-44,경상남도 창원시 마산합포구 구산면 수정리 660-28,창원시청,35.11959196,128.5821451
마산합포노인종합복지관(추가),마산합포노인종합복지관(추가),경상남도,창원시,서민·복지시설,SKB,Public WiFi,경상남도 창원시 마산합포구 동서남1길 5,경상남도 창원시 마산합포구 신포동2가 48-1,창원시청,35.20236661,128.5710934
대평마을회관,대평마을회관,경상남도,창원시,서민·복지시설,SKB,Public WiFi,경상남도 창원시 마산합포구 진북면 대평길 46,경상남도 창원시 마산합포구 진북면 대평리 225-1,창원시청,35.12851973,128.4643064
망곡경로당,망곡경로당,경상남도,창원시,서민·복지시설,SKB,Public WiFi,경상남도 창원시 마산합포구 진북면 망곡길 150,경상남도 창원시 마산합포구 진북면 망곡리 558-4,창원시청,35.14319879,128.4838977
연동경로당,연동경로당,경상남도,창원시,서민·복지시설,SKB,Public WiFi,경상남도 창원시 마산합포구 진북면 연동1길 41,경상남도 창원시 마산합포구 진북면 망곡리 70-4,창원시청,35.13767705,128.4868008
예곡마을회관,예곡마을회관,경상남도,창원시,서민·복지시설,SKB,Public WiFi,경상남도 창원시 마산합포구 진북면 의림로 99,경상남도 창원시 마산합포구 진북면 예곡리 180-3,창원시청,35.1176194,128.4536069
서촌마을회관,서촌마을회관,경상남도,창원시,서민·복지시설,SKB,Public WiFi,경상남도 창원시 마산합포구 진북면 지산1길 66,경상남도 창원시 마산합포구 진북면 지산리 231-1,창원시청,35.11586207,128.4649051
동촌마을회관,동촌마을회관,경상남도,창원시,서민·복지시설,SKB,Public WiFi,경상남도 창원시 마산합포구 진북면 지산5길 59,경상남도 창원시 마산합포구 진북면 지산리 76-2,창원시청,35.1151474,128.4686706
정곡마을회관,정곡마을회관,경상남도,창원시,서민·복지시설,SKB,Public WiFi,경상남도 창원시 마산합포구 진북면 진북정곡길 267,경상남도 창원시 마산합포구 진북면 인곡리 산 296-3,창원시청,35.12630139,128.4372252
이목마을회관,이목마을회관,경상남도,창원시,서민·복지시설,SKB,Public WiFi,경상남도 창원시 마산합포구 진북면 학동로 238,경상남도 창원시 마산합포구 진북면 이목리 188-5,창원시청,35.13471431,128.4629772
진전면 서대마을 마을회관,진전면 서대마을 마을회관,경상남도,창원시,서민·복지시설,SKB,Public WiFi,경상남도 창원시 마산합포구 진전면 대실로 120,경상남도 창원시 마산합포구 진전면 오서리 529-3,창원시청,35.1018568,128.4151558
진전면 동산마을 마을회관,진전면 동산마을 마을회관,경상남도,창원시,서민·복지시설,SKB,Public WiFi,경상남도 창원시 마산합포구 진전면 동산1길 32-7,경상남도 창원시 마산합포구 진전면 동산리 86,창원시청,35.11875157,128.3931764
진전면 동산마을 복지회관,진전면 동산마을 복지회관,경상남도,창원시,서민·복지시설,SKB,Public WiFi,경상남도 창원시 마산합포구 진전면 동산1길 59,경상남도 창원시 마산합포구 진전면 동산리 202,창원시청,35.11972257,128.3940339
진전면 미천마을 마을회관,진전면 미천마을 마을회관,경상남도,창원시,서민·복지시설,SKB,Public WiFi,경상남도 창원시 마산합포구 진전면 미천1길 68,경상남도 창원시 마산합포구 진전면 평암리 1258,창원시청,35.15088863,128.4007565
진전면 호산마을 마을회관,진전면 호산마을 마을회관,경상남도,창원시,서민·복지시설,SKB,Public WiFi,경상남도 창원시 마산합포구 진전면 호산정달로 59,경상남도 창원시 마산합포구 진전면 오서리 31-6,창원시청,35.09828146,128.4312063
의산보건진료소,의산보건진료소,경상남도,창원시,관공서,SKB,Public WiFi,경상남도 창원시 마산합포구 진전면 의산삼일로 195,경상남도 창원시 마산합포구 진전면 고사리 753-4,창원시청,35.14661422,128.3701026
진전면 봉암마을 복지회관,진전면 봉암마을 복지회관,경상남도,창원시,서민·복지시설,SKB,Public WiFi,경상남도 창원시 마산합포구 진전면 팔의사로 209,경상남도 창원시 마산합포구 진전면 봉암리 121-8,창원시청,35.13133227,128.3690754
마산남부시외버스터미널,마산남부시외버스터미널,경상남도,창원시,교통시설,SKB,Public WiFi,경상남도 창원시 마산합포구 월영동서로 10,경상남도 창원시 마산합포구 해운동 5-56,창원시청,35.1789974,128.5603979
진전면다목적복지회관,진전면다목적복지회관,경상남도,창원시,서민·복지시설,SKB,Public WiFi,경상남도 창원시 마산합포구 진전면 대실로 132,경상남도 창원시 마산합포구 진전면 오서리 637-3,창원시청,35.10185253,128.4166555
마산시외버스터미널(추가설치),마산시외버스터미널(추가설치),경상남도,창원시,교통시설,KT,Public WiFi,경상남도 창원시 마산회원구 합성옛길 159,경상남도 창원시 마산회원구 합성동 267,창원시청,35.23870765,128.583852
삼계근린공원,삼계근린공원,경상남도,창원시,편의시설,KT,Public WiFi,경상남도 창원시 마산회원구 내서읍 광려로 8,경상남도 창원시 마산회원구 내서읍 삼계리 197-1,창원시청,35.2260903,128.5031003
구암현대시장(옥내),구암현대시장(옥내),경상남도,창원시,기타,KT,Public WiFi,경상남도 창원시 마산회원구 구암서3길 50-2,경상남도 창원시 마산회원구 구암동 18-1,창원시청,35.24830117,128.5913796
중리여성경로당,중리여성경로당,경상남도,창원시,서민·복지시설,KT,Public WiFi,경상남도 창원시 마산회원구 내서읍 중리상곡로 125,경상남도 창원시 마산회원구 내서읍 중리 975,창원시청,35.25137333,128.5111602
신감경로당,신감경로당,경상남도,창원시,서민·복지시설,KT,Public WiFi,경상남도 창원시 마산회원구 내서읍 신감길 21,경상남도 창원시 마산회원구 내서읍 신감리 1197-1,창원시청,35.20422551,128.511086
내서읍경로당,내서읍경로당,경상남도,창원시,서민·복지시설,KT,Public WiFi,경상남도 창원시 마산회원구 내서읍 중리상곡로 124,경상남도 창원시 마산회원구 내서읍 중리 1037,창원시청,35.2512367,128.5113986
마산역.동마산병원(마산우체국방면),버스정류장,경상남도,창원시,교통시설,KT,Public WiFi,경상남도 창원시 마산회원구 3.15대로 677,경상남도 창원시 마산회원구 석전동 231-18,창원시청,35.23358981,128.5784453
삼성창원병원(구암고등학교방면),버스정류장,경상남도,창원시,교통시설,KT,Public WiFi,경상남도 창원시 마산회원구 팔용로 158,경상남도 창원시 마산회원구 합성동 50,창원시청,35.24299639,128.5919658
교도소입구(보문주유소방면),버스정류장,경상남도,창원시,교통시설,KT,Public WiFi,경상남도 창원시 마산회원구 회성남11길 2,경상남도 창원시 마산회원구 회성동 456-26,창원시청,35.23326836,128.5612486
구암1동대한여성경로당,구암1동대한여성경로당,경상남도,창원시,서민·복지시설,KT,Public WiFi,경상남도 창원시 마산회원구 구암서9길 8,경상남도 창원시 마산회원구 구암동 3-30,창원시청,35.25088575,128.5943201
한국전력(KT동마산지점방면),버스정류장,경상남도,창원시,교통시설,KT,Public WiFi,경상남도 창원시 마산회원구 구암서1길 219,경상남도 창원시 마산회원구 구암동 1357-28,창원시청,35.25200438,128.5997122
구암제1남성경로당 구암제2여성경로당,구암제1남성경로당 구암제2여성경로당,경상남도,창원시,서민·복지시설,KT,Public WiFi,경상남도 창원시 마산회원구 구암서3길 47,경상남도 창원시 마산회원구 구암동 14-26,창원시청,35.24861105,128.590979
구암동(덕재.롯데캐슬방면),버스정류장,경상남도,창원시,교통시설,KT,Public WiFi,경상남도 창원시 마산회원구 구암서1길 45,경상남도 창원시 마산회원구 구암동 19-41,창원시청,35.2475965,128.591797
삼성창원병원(우리누리청소년문화센터 방면),버스정류장,경상남도,창원시,교통시설,KT,Public WiFi,경상남도 창원시 마산회원구 팔용로 161,경상남도 창원시 마산회원구 구암동 26-15,창원시청,35.24338958,128.5910763
구암샛터남성경로당 구암샛터여성경로당,구암샛터남성경로당 구암샛터여성경로당,경상남도,창원시,서민·복지시설,KT,Public WiFi,경상남도 창원시 마산회원구 구암북15길 64,경상남도 창원시 마산회원구 구암동 265-22,창원시청,35.25553018,128.5956634
구암본동남성경로당 구암본동여성경로당,구암본동남성경로당 구암본동여성경로당,경상남도,창원시,서민·복지시설,KT,Public WiFi,경상남도 창원시 마산회원구 구암북7길 18,경상남도 창원시 마산회원구 구암동 441-1,창원시청,35.25348486,128.5935224
한국전력(창원역방면),버스정류장,경상남도,창원시,교통시설,KT,Public WiFi,경상남도 창원시 마산회원구 3.15대로 956,경상남도 창원시 마산회원구 구암동 90-7,창원시청,35.25082935,128.5994128
내서 삼풍대공원,내서 삼풍대공원,경상남도,창원시,편의시설,KT,Public WiFi,,경상남도 창원시 마산회원구 내서읍 삼계리  12,창원시청,35.23398821,128.5011882
롯데마트(한우리아파트방면),버스정류장,경상남도,창원시,교통시설,KT,Public WiFi,경상남도 창원시 마산회원구 내서읍 경남대로 927,경상남도 창원시 마산회원구 내서읍 삼계리 25-2,창원시청,35.233028,128.5040713
광려천 수변공원 일원,광려천 수변공원 일원,경상남도,창원시,편의시설,KT,Public WiFi,,경상남도 창원시 마산회원구 내서읍 삼계리  46,창원시청,35.23003886,128.5053275
광려 아이편한 어린이공원,광려 아이편한 어린이공원,경상남도,창원시,편의시설,KT,Public WiFi,,경상남도 창원시 마산회원구 내서읍 삼계리  41,창원시청,35.22771908,128.5031905
장미아파트(내서여고방면),버스정류장,경상남도,창원시,교통시설,KT,Public WiFi,경상남도 창원시 마산회원구 내서읍 경남대로 1027,경상남도 창원시 마산회원구 내서읍 상곡리 196-1,창원시청,35.24180974,128.5048529
광려천 힐링산책로,광려천 힐링산책로,경상남도,창원시,기타,KT,Public WiFi,,경상남도 창원시 마산회원구 내서읍 중리  1173,창원시청,35.23886585,128.5053942
중리삼거리(중리현대아파트방면),버스정류장,경상남도,창원시,교통시설,KT,Public WiFi,경상남도 창원시 마산회원구 내서읍 호원로 156,경상남도 창원시 마산회원구 내서읍 중리 320-1,창원시청,35.24849073,128.5242997
중리삼거리(구슬골방면),버스정류장,경상남도,창원시,교통시설,KT,Public WiFi,,경상남도 창원시 마산회원구 내서읍 중리  317-1,창원시청,35.24861931,128.5238416
농산물도매시장관리과(내서),농산물도매시장관리과(내서),경상남도,창원시,관공서,KT,Public WiFi,경상남도 창원시 마산회원구 내서읍 유통단지로 33,경상남도 창원시 마산회원구 내서읍 중리 750,창원시청,35.2554402,128.5113531
동서병원(구미동방면),버스정류장,경상남도,창원시,교통시설,KT,Public WiFi,경상남도 창원시 마산회원구 내서읍 호원로 259,경상남도 창원시 마산회원구 내서읍 호계리 363-3,창원시청,35.25661661,128.5212602
호계농협(동서병원방면),버스정류장,경상남도,창원시,교통시설,KT,Public WiFi,경상남도 창원시 마산회원구 내서읍 호원로 293,경상남도 창원시 마산회원구 내서읍 호계리 384,창원시청,35.25964333,128.5223349
신우타워(코오롱아파트방면),버스정류장,경상남도,창원시,교통시설,KT,Public WiFi,경상남도 창원시 마산회원구 내서읍 호원로 377,경상남도 창원시 마산회원구 내서읍 호계리 9,창원시청,35.26641595,128.5267184
"마산만 봉암갯벌 생태학습장 (옥내1,옥외1)","마산만 봉암갯벌 생태학습장 (옥내1,옥외1)",경상남도,창원시,관광,KT,Public WiFi,,경상남도 창원시 마산회원구 봉암동   20-5,창원시청,35.21651509,128.6240448
메트로시티석전(경남은행본점방면),버스정류장,경상남도,창원시,교통시설,KT,Public WiFi,,경상남도 창원시 마산회원구 석전동   19-10,창원시청,35.22965415,128.5726214
경남은행본점(마산역.365병원방면),버스정류장,경상남도,창원시,교통시설,KT,Public WiFi,경상남도 창원시 마산회원구 3.15대로 642,경상남도 창원시 마산회원구 석전동 246-1,창원시청,35.2304161,128.5769673
마산우체국(메트로시티석전방면),버스정류장,경상남도,창원시,교통시설,KT,Public WiFi,경상남도 창원시 마산회원구 3.15대로 639,경상남도 창원시 마산회원구 석전동 247-6,창원시청,35.23034314,128.575864
석전동(경남은행본점방면),버스정류장,경상남도,창원시,교통시설,KT,Public WiFi,경상남도 창원시 마산회원구 3.15대로 600,경상남도 창원시 마산회원구 석전동 260-28,창원시청,35.22751817,128.5744554
석전동(무학여고방면),버스정류장,경상남도,창원시,교통시설,KT,Public WiFi,경상남도 창원시 마산회원구 3.15대로 587,경상남도 창원시 마산회원구 석전동 265-30,창원시청,35.22655723,128.5730792
북성초등학교(메트로시티석전방면),버스정류장,경상남도,창원시,교통시설,KT,Public WiFi,경상남도 창원시 마산회원구 삼호로 241,경상남도 창원시 마산회원구 석전동 273-12,창원시청,35.23115785,128.568073
한일타운(역전치안센터방면),버스정류장,경상남도,창원시,교통시설,KT,Public WiFi,,경상남도 창원시 마산회원구 양덕1동 17-6,창원시청,35.23141519,128.5838593
역전치안센터(한일타운방면),버스정류장,경상남도,창원시,교통시설,KT,Public WiFi,,경상남도 창원시 마산회원구 양덕1동 66-8,창원시청,35.23321143,128.5815852
고속버스터미널(신세계백화점방면),버스정류장,경상남도,창원시,교통시설,KT,Public WiFi,,경상남도 창원시 마산회원구 양덕2동 150-21,창원시청,35.22224954,128.5871527
야구장앞홈플러스(문화방송방면),버스정류장,경상남도,창원시,교통시설,KT,Public WiFi,,경상남도 창원시 마산회원구 양덕2동 151-1,창원시청,35.22232864,128.585269
자유무역지역후문(봉암동방면),버스정류장,경상남도,창원시,교통시설,KT,Public WiFi,,경상남도 창원시 마산회원구 양덕2동 174-15,창원시청,35.22128643,128.59076
타워맨션(한일로타리방면),버스정류장,경상남도,창원시,교통시설,KT,Public WiFi,,경상남도 창원시 마산회원구 양덕2동 59-1,창원시청,35.22939883,128.5851675
한일타운(타워맨션방면),버스정류장,경상남도,창원시,교통시설,KT,Public WiFi,,경상남도 창원시 마산회원구 양덕2동 61-14,창원시청,35.23121143,128.5836482
산호천 생태하천 거리(산책길),산호천 생태하천 거리(산책길),경상남도,창원시,기타,KT,Public WiFi,,경상남도 창원시 마산회원구 양덕동   36-2,창원시청,35.22804806,128.5847785
동마산시장(추가설치) (옥외),동마산시장(추가설치) (옥외),경상남도,창원시,기타,KT,Public WiFi,경상남도 창원시 마산회원구 합성남8길 76,경상남도 창원시 마산회원구 합성동 326-1,창원시청,35.24003661,128.5875449
감나무골경로당,감나무골경로당,경상남도,창원시,서민·복지시설,LGU+,Public WiFi,경상남도 창원시 마산회원구 내서읍 감나무골길 187,경상남도 창원시 마산회원구 내서읍 신감리 188-2,창원시청,35.19349784,128.5108429
감천할머니회관 감천남성경로당,감천할머니회관 감천남성경로당,경상남도,창원시,서민·복지시설,LGU+,Public WiFi,경상남도 창원시 마산회원구 내서읍 감천로 78,경상남도 창원시 마산회원구 내서읍 감천리 643,창원시청,35.20536401,128.5172212
대동이이미1단지아파트경로당,대동이이미1단지아파트경로당,경상남도,창원시,서민·복지시설,LGU+,Public WiFi,경상남도 창원시 마산회원구 내서읍 광려로 28,경상남도 창원시 마산회원구 내서읍 삼계리 290,창원시청,35.22378293,128.5019318
더푸른아파트경로당,더푸른아파트경로당,경상남도,창원시,서민·복지시설,LGU+,Public WiFi,경상남도 창원시 마산회원구 내서읍 삼계10길 22,경상남도 창원시 마산회원구 내서읍 삼계리 7,창원시청,35.23491428,128.5028112
삼계2주공아파트경로당,삼계2주공아파트경로당,경상남도,창원시,서민·복지시설,LGU+,Public WiFi,경상남도 창원시 마산회원구 내서읍 삼계2길 24,경상남도 창원시 마산회원구 내서읍 삼계리 39,창원시청,35.22926131,128.503269
대동다숲아파트경로당,대동다숲아파트경로당,경상남도,창원시,서민·복지시설,LGU+,Public WiFi,경상남도 창원시 마산회원구 내서읍 삼계2길 31,경상남도 창원시 마산회원구 내서읍 삼계리 37,창원시청,35.23039036,128.5043665
삼계화성아파트경로당,삼계화성아파트경로당,경상남도,창원시,서민·복지시설,LGU+,Public WiFi,경상남도 창원시 마산회원구 내서읍 삼계8길 31,경상남도 창원시 마산회원구 내서읍 삼계리 14,창원시청,35.23325501,128.5005731
안계경로당,안계경로당,경상남도,창원시,서민·복지시설,LGU+,Public WiFi,경상남도 창원시 마산회원구 내서읍 삼계로 194,경상남도 창원시 마산회원구 내서읍 삼계리 1112-1,창원시청,35.23770325,128.4867251
숲속마을주공3단지아파트경로당,숲속마을주공3단지아파트경로당,경상남도,창원시,서민·복지시설,LGU+,Public WiFi,경상남도 창원시 마산회원구 내서읍 삼계본동1길 86,경상남도 창원시 마산회원구 내서읍 삼계리 505-1,창원시청,35.23181947,128.4966026
숲속마을주공4단지아파트경로당,숲속마을주공4단지아파트경로당,경상남도,창원시,서민·복지시설,LGU+,Public WiFi,경상남도 창원시 마산회원구 내서읍 숲속로 6,경상남도 창원시 마산회원구 내서읍 삼계리 506,창원시청,35.23107095,128.4969189
숲속마을주공5단지아파트경로당,숲속마을주공5단지아파트경로당,경상남도,창원시,서민·복지시설,LGU+,Public WiFi,경상남도 창원시 마산회원구 내서읍 숲속로 30,경상남도 창원시 마산회원구 내서읍 삼계리 507-1,창원시청,35.2289728,128.4968796
삼계남성경로당,삼계남성경로당,경상남도,창원시,서민·복지시설,LGU+,Public WiFi,경상남도 창원시 마산회원구 내서읍 삼계숲길 3-1,경상남도 창원시 마산회원구 내서읍 삼계리 산 286,창원시청,35.23133893,128.5002342
삼계현대아파트경로당,삼계현대아파트경로당,경상남도,창원시,서민·복지시설,LGU+,Public WiFi,경상남도 창원시 마산회원구 내서읍 삼풍로 82,경상남도 창원시 마산회원구 내서읍 삼계리 21,창원시청,35.23406818,128.5023837
가고파아파트경로당,가고파아파트경로당,경상남도,창원시,서민·복지시설,LGU+,Public WiFi,경상남도 창원시 마산회원구 내서읍 상곡로 35,경상남도 창원시 마산회원구 내서읍 상곡리 194,창원시청,35.24287271,128.5011483
신목경로당,신목경로당,경상남도,창원시,서민·복지시설,LGU+,Public WiFi,경상남도 창원시 마산회원구 내서읍 신목길 19-1,경상남도 창원시 마산회원구 내서읍 신감리 391,창원시청,35.19196651,128.4963219
전안경로당,전안경로당,경상남도,창원시,서민·복지시설,LGU+,Public WiFi,경상남도 창원시 마산회원구 내서읍 전안길 23,경상남도 창원시 마산회원구 내서읍 신감리 1277,창원시청,35.21520356,128.5047291
안성경로당,안성경로당,경상남도,창원시,서민·복지시설,LGU+,Public WiFi,경상남도 창원시 마산회원구 내서읍 안성로 150,경상남도 창원시 마산회원구 내서읍 안성리 472-2,창원시청,35.26514839,128.5512334
수곡경로당,수곡경로당,경상남도,창원시,서민·복지시설,LGU+,Public WiFi,경상남도 창원시 마산회원구 내서읍 수곡로 92-1,경상남도 창원시 마산회원구 내서읍 용담리 34-5,창원시청,35.27078382,128.5006085
용담경로당,용담경로당,경상남도,창원시,서민·복지시설,LGU+,Public WiFi,경상남도 창원시 마산회원구 내서읍 용담로 177,경상남도 창원시 마산회원구 내서읍 용담리 344,창원시청,35.26441356,128.4993314
원계경로당,원계경로당,경상남도,창원시,서민·복지시설,LGU+,Public WiFi,경상남도 창원시 마산회원구 내서읍 원계증산길 78,경상남도 창원시 마산회원구 내서읍 원계리 510,창원시청,35.2307584,128.5091243
한우리아파트1단지경로당,한우리아파트1단지경로당,경상남도,창원시,서민·복지시설,LGU+,Public WiFi,경상남도 창원시 마산회원구 내서읍 삼계1길 32,경상남도 창원시 마산회원구 내서읍 삼계리 38,창원시청,35.22807921,128.5043008
한우리아파트2단지경로당,한우리아파트2단지경로당,경상남도,창원시,서민·복지시설,LGU+,Public WiFi,경상남도 창원시 마산회원구 내서읍 삼계1길 18,경상남도 창원시 마산회원구 내서읍 삼계리 42,창원시청,35.22728408,128.5038992
상곡1주공경로당,상곡1주공경로당,경상남도,창원시,서민·복지시설,LGU+,Public WiFi,경상남도 창원시 마산회원구 내서읍 상곡로 49,경상남도 창원시 마산회원구 내서읍 상곡리 193,창원시청,35.24365479,128.5000383
상곡경로당,상곡경로당,경상남도,창원시,서민·복지시설,LGU+,Public WiFi,경상남도 창원시 마산회원구 내서읍 상곡안길 33-3,경상남도 창원시 마산회원구 내서읍 상곡리 41-1,창원시청,35.24357536,128.5022199
상동경로당,상동경로당,경상남도,창원시,서민·복지시설,LGU+,Public WiFi,경상남도 창원시 마산회원구 내서읍 상동길 7,경상남도 창원시 마산회원구 내서읍 중리 1079-3,창원시청,35.24592173,128.5068671
신평경로당,신평경로당,경상남도,창원시,서민·복지시설,LGU+,Public WiFi,경상남도 창원시 마산회원구 내서읍 신평로 35,경상남도 창원시 마산회원구 내서읍 중리 1129-1,창원시청,35.23965975,128.5102118
옥정경로당,옥정경로당,경상남도,창원시,서민·복지시설,LGU+,Public WiFi,경상남도 창원시 마산회원구 내서읍 옥정1길 15,경상남도 창원시 마산회원구 내서읍 중리 1438-17,창원시청,35.24907389,128.5224264
구슬골경로당,구슬골경로당,경상남도,창원시,서민·복지시설,LGU+,Public WiFi,경상남도 창원시 마산회원구 내서읍 윗구슬길 56-4,경상남도 창원시 마산회원구 내서읍 중리 82-11,창원시청,35.24115228,128.531467
죽암경로당,죽암경로당,경상남도,창원시,서민·복지시설,LGU+,Public WiFi,경상남도 창원시 마산회원구 내서읍 죽암로 19-1,경상남도 창원시 마산회원구 내서읍 중리 875,창원시청,35.25574368,128.5097839
삼정경로당,삼정경로당,경상남도,창원시,서민·복지시설,LGU+,Public WiFi,경상남도 창원시 마산회원구 내서읍 중리공단로 227-30,경상남도 창원시 마산회원구 내서읍 중리 445-3,창원시청,35.24934884,128.5174565
중리남성경로당,중리남성경로당,경상남도,창원시,서민·복지시설,LGU+,Public WiFi,경상남도 창원시 마산회원구 내서읍 중리본동길 6,경상남도 창원시 마산회원구 내서읍 중리 1460-6,창원시청,35.25220659,128.5114078
동신1차아파트경로당,동신1차아파트경로당,경상남도,창원시,서민·복지시설,LGU+,Public WiFi,경상남도 창원시 마산회원구 내서읍 중리상곡로 114,경상남도 창원시 마산회원구 내서읍 중리 1038,창원시청,35.25015772,128.5105408
동신2차아파트경로당,동신2차아파트경로당,경상남도,창원시,서민·복지시설,LGU+,Public WiFi,경상남도 창원시 마산회원구 내서읍 중리상곡로 134,경상남도 창원시 마산회원구 내서읍 중리 1036,창원시청,35.25155229,128.5116096
장미아파트경로당,장미아파트경로당,경상남도,창원시,서민·복지시설,LGU+,Public WiFi,경상남도 창원시 마산회원구 내서읍 중리상곡로 18,경상남도 창원시 마산회원구 내서읍 중리 1056,창원시청,35.24305771,128.5049452
백로아파트경로당,백로아파트경로당,경상남도,창원시,서민·복지시설,LGU+,Public WiFi,경상남도 창원시 마산회원구 내서읍 중리상곡로 20-1,경상남도 창원시 마산회원구 내서읍 중리 1054,창원시청,35.24351458,128.5055949
한주아파트경로당,한주아파트경로당,경상남도,창원시,서민·복지시설,LGU+,Public WiFi,경상남도 창원시 마산회원구 내서읍 함마대로 2805-70,경상남도 창원시 마산회원구 내서읍 중리 470-11,창원시청,35.2486114,128.5204821
중리현대아파트경로당,중리현대아파트경로당,경상남도,창원시,서민·복지시설,LGU+,Public WiFi,경상남도 창원시 마산회원구 내서읍 호원로 186,경상남도 창원시 마산회원구 내서읍 중리 338-1,창원시청,35.25050192,128.5221386
평성남성경로당,평성남성경로당,경상남도,창원시,서민·복지시설,LGU+,Public WiFi,경상남도 창원시 마산회원구 내서읍 송평로 361,경상남도 창원시 마산회원구 내서읍 평성리 259,창원시청,35.25884283,128.5382811
우리경로당,우리경로당,경상남도,창원시,서민·복지시설,LGU+,Public WiFi,경상남도 창원시 마산회원구 내서읍 송평로 390,경상남도 창원시 마산회원구 내서읍 평성리 376-7,창원시청,35.26124109,128.5369992
안곡경로당,안곡경로당,경상남도,창원시,서민·복지시설,LGU+,Public WiFi,경상남도 창원시 마산회원구 내서읍 송평로 411,경상남도 창원시 마산회원구 내서읍 평성리 394-1,창원시청,35.26249163,128.5353539
구미경로당,구미경로당,경상남도,창원시,서민·복지시설,LGU+,Public WiFi,경상남도 창원시 마산회원구 내서읍 구미길 47,경상남도 창원시 마산회원구 내서읍 호계리 279-2,창원시청,35.25298227,128.5214399
국제아파트경로당,국제아파트경로당,경상남도,창원시,서민·복지시설,LGU+,Public WiFi,경상남도 창원시 마산회원구 내서읍 호계본동로 38,경상남도 창원시 마산회원구 내서읍 호계리 790-23,창원시청,35.26384684,128.5213493
대동이미지2단지경로당,대동이미지2단지경로당,경상남도,창원시,서민·복지시설,LGU+,Public WiFi,경상남도 창원시 마산회원구 내서읍 광려로 29,경상남도 창원시 마산회원구 내서읍 삼계리 260,창원시청,35.22401271,128.5032557
삼계대동아파트경로당,삼계대동아파트경로당,경상남도,창원시,서민·복지시설,LGU+,Public WiFi,경상남도 창원시 마산회원구 내서읍 삼계5길 30,경상남도 창원시 마산회원구 내서읍 삼계리 34,창원시청,35.22992964,128.5032571
원계대동다숲아파트경로당,원계대동다숲아파트경로당,경상남도,창원시,서민·복지시설,LGU+,Public WiFi,경상남도 창원시 마산회원구 내서읍 광려천남로 267,경상남도 창원시 마산회원구 내서읍 원계리 647,창원시청,35.22988871,128.5064106
한일유엔아이아파트경로당,한일유엔아이아파트경로당,경상남도,창원시,서민·복지시설,LGU+,Public WiFi,경상남도 창원시 마산회원구 내서읍 광려천남로 245,경상남도 창원시 마산회원구 내서읍 원계리 832-49,창원시청,35.23202372,128.5060878
현대성우아파트경로당,현대성우아파트경로당,경상남도,창원시,서민·복지시설,LGU+,Public WiFi,경상남도 창원시 마산회원구 내서읍 광려천북로 58,경상남도 창원시 마산회원구 내서읍 호계리 352,창원시청,35.25529713,128.5190636
서광2차아파트경로당,서광2차아파트경로당,경상남도,창원시,서민·복지시설,LGU+,Public WiFi,경상남도 창원시 마산회원구 내서읍 호계안길 91,경상남도 창원시 마산회원구 내서읍 호계리 348,창원시청,35.25773238,128.5201534
화인태양아파트경로당,화인태양아파트경로당,경상남도,창원시,서민·복지시설,LGU+,Public WiFi,경상남도 창원시 마산회원구 내서읍 광려천북로 208,경상남도 창원시 마산회원구 내서읍 호계리 53-1,창원시청,35.26827958,128.5238904
내서고속버스터미널,내서고속버스터미널,경상남도,창원시,교통시설,SKB,Public WiFi,경상남도 창원시 마산회원구 내서읍 유통단지로 35,경상남도 창원시 마산회원구 내서읍 중리 751-1,창원시청,35.25573277,128.5131752
중리초등복합시설도서관,중리초등복합시설도서관,경상남도,창원시,관공서,SKB,Public WiFi,경상남도 창원시 마산회원구 내서읍 호계안길 22,경상남도 창원시 마산회원구 내서읍 호계리 791-45,창원시청,35.25598878,128.5200581
합성2동 팔룡여성경로당,합성2동 팔룡여성경로당,경상남도,창원시,서민·복지시설,SKB,Public WiFi,경상남도 창원시 마산회원구 합성남15길 5,경상남도 창원시 마산회원구 합성동 351-10,창원시청,35.2363532,128.5878183
합성2동 팔룡남성경로당,합성2동 팔룡남성경로당,경상남도,창원시,서민·복지시설,SKB,Public WiFi,경상남도 창원시 마산회원구 합성남15길 9,경상남도 창원시 마산회원구 합성동 351-25,창원시청,35.23645718,128.5880673
합성2동 제2경로당,합성2동 제2경로당,경상남도,창원시,서민·복지시설,SKB,Public WiFi,경상남도 창원시 마산회원구 합성남19길 4,경상남도 창원시 마산회원구 합성동 135-16,창원시청,35.23565842,128.5901401
합성2동 여성경로당,합성2동 여성경로당,경상남도,창원시,서민·복지시설,SKB,Public WiFi,경상남도 창원시 마산회원구 합성동13길 9,경상남도 창원시 마산회원구 합성동 320-23,창원시청,35.24046687,128.5887864
합성2동주민자치센터,합성2동주민자치센터,경상남도,창원시,관공서,SKB,Public WiFi,경상남도 창원시 마산회원구 합성옛길 224,경상남도 창원시 마산회원구 합성동 323-1,창원시청,35.24100659,128.5862059
남문마을회관(경로당),남문마을회관(경로당),경상남도,창원시,서민·복지시설,KT,Public WiFi,경상남도 창원시 진해구 웅천중로40번길 3-2,경상남도 창원시 진해구 남문동 855-12,창원시청,35.1095306,128.7502332
웅천도요지전시관,웅천도요지전시관,경상남도,창원시,관광,KT,Public WiFi,경상남도 창원시 진해구 두동도요로 198,경상남도 창원시 진해구 두동 24,창원시청,35.1273904,128.8155995
롯데마트(안민터널 방면),버스정류장,경상남도,창원시,교통시설,KT,Public WiFi,경상남도 창원시 진해구 돌리로6번길 10,경상남도 창원시 진해구 석동 276-6,창원시청,35.1581891,128.7011233
태백동주민자치센터,태백동주민자치센터,경상남도,창원시,관공서,KT,Public WiFi,경상남도 창원시 진해구 대야로36번길 6,경상남도 창원시 진해구 여좌동 886-1,창원시청,35.15501133,128.6692758
블라썸여좌커뮤니티센터,블라썸여좌커뮤니티센터,경상남도,창원시,지역문화시설,KT,Public WiFi,경상남도 창원시 진해구 여좌천로 64-1,경상남도 창원시 진해구 여좌동 96-14,창원시청,35.15867283,128.6602155
진해박물관,진해박물관,경상남도,창원시,관광,KT,Public WiFi,경상남도 창원시 진해구 중원동로 52,경상남도 창원시 진해구 제황산동 28-6,창원시청,35.14882748,128.6631795
제황산모노레일,제황산모노레일,경상남도,창원시,관광,KT,Public WiFi,경상남도 창원시 진해구 중원동로 54,경상남도 창원시 진해구 중앙동 10-2,창원시청,35.14940342,128.6616126
창원편백치유의 숲,창원편백치유의 숲,경상남도,창원시,지역문화시설,KT,Public WiFi,경상남도 창원시 진해구 장복산길 47,경상남도 창원시 진해구 태백동 산 52-103,창원시청,35.17214813,128.6587211
창원 목재문화체험장,창원 목재문화체험장,경상남도,창원시,지역문화시설,KT,Public WiFi,경상남도 창원시 진해구 천자로 507,경상남도 창원시 진해구 풍호동 3,창원시청,35.13536498,128.7180943
"충무지구 앵커시설(구, 진해역사)","충무지구 앵커시설(구, 진해역사)",경상남도,창원시,지역문화시설,KT,Public WiFi,경상남도 창원시 진해구 중원로 89,경상남도 창원시 진해구 충무동 8-3,창원시청,35.15226998,128.6597915
진해역(진해수협방면),버스정류장,경상남도,창원시,교통시설,KT,Public WiFi,경상남도 창원시 진해구 충장로 80,경상남도 창원시 진해구 충무동 10-1,창원시청,35.15239874,128.6608055
경화동(경화역방면),버스정류장,경상남도,창원시,교통시설,KT,Public WiFi,경상남도 창원시 진해구 진해대로 628,경상남도 창원시 진해구 경화동 1179-14,창원시청,35.15817193,128.6842757
진해남중(상공회의소방면),버스정류장,경상남도,창원시,교통시설,KT,Public WiFi,경상남도 창원시 진해구 진해대로 680,경상남도 창원시 진해구 경화동 832-1,창원시청,35.15902131,128.6898427
진해남중(경화역방면),버스정류장,경상남도,창원시,교통시설,KT,Public WiFi,,경상남도 창원시 진해구 경화동   836-65,창원시청,35.1595635,128.6897253
경화시장(경화우체국방면),버스정류장,경상남도,창원시,교통시설,KT,Public WiFi,경상남도 창원시 진해구 충장로 345,경상남도 창원시 진해구 경화동 978-8,창원시청,35.15379583,128.6899062
덕산동(이동교방면),버스정류장,경상남도,창원시,교통시설,KT,Public WiFi,경상남도 창원시 진해구 충장로 505,경상남도 창원시 진해구 덕산동 79-10,창원시청,35.14418793,128.7013218
웅천동(서중소류지방면),버스정류장,경상남도,창원시,교통시설,KT,Public WiFi,경상남도 창원시 진해구 웅천로 173,경상남도 창원시 진해구 북부동 536-1,창원시청,35.11369965,128.7490043
석동중학교(대동아파트방면),버스정류장,경상남도,창원시,교통시설,KT,Public WiFi,경상남도 창원시 진해구 석동로 40,경상남도 창원시 진해구 석동 184,창원시청,35.15430996,128.7039826
롯데마트(진해경찰서방면),버스정류장,경상남도,창원시,교통시설,KT,Public WiFi,경상남도 창원시 진해구 석동로39번안길 46,경상남도 창원시 진해구 석동 229-4,창원시청,35.15776946,128.7002845
상공회의소(롯데마트방면),버스정류장,경상남도,창원시,교통시설,KT,Public WiFi,,경상남도 창원시 진해구 석동   517-3,창원시청,35.15937876,128.6946284
상공회의소(진해남중방면),버스정류장,경상남도,창원시,교통시설,KT,Public WiFi,경상남도 창원시 진해구 진해대로 719,경상남도 창원시 진해구 석동 522-1,창원시청,35.15991484,128.6942121
진해경찰서(롯데마트방면),버스정류장,경상남도,창원시,교통시설,KT,Public WiFi,경상남도 창원시 진해구 석동로 51,경상남도 창원시 진해구 석동 654-3,창원시청,35.15548021,128.7044369
냉천사거리(진해경찰서방면),버스정류장,경상남도,창원시,교통시설,KT,Public WiFi,,경상남도 창원시 진해구 석동   663-11,창원시청,35.15356025,128.7053847
농업테마파크 공원,농업테마파크 공원,경상남도,창원시,기타,KT,Public WiFi,경상남도 창원시 진해구 웅천로 218,경상남도 창원시 진해구 성내동 205,창원시청,35.11399909,128.7543128
웅천읍성 관광안내소,웅천읍성 관광안내소,경상남도,창원시,관광,KT,Public WiFi,,경상남도 창원시 진해구 성내동   325-12,창원시청,35.11082784,128.7512686
진해중앙시장(추가설치),진해중앙시장(추가설치),경상남도,창원시,기타,KT,Public WiFi,경상남도 창원시 진해구 벚꽃로60번길 25,경상남도 창원시 진해구 송학동 47-1,창원시청,35.1510679,128.6656426
진해고등학교(해성아파트입구방면),버스정류장,경상남도,창원시,교통시설,KT,Public WiFi,경상남도 창원시 진해구 여좌로84번길 7,경상남도 창원시 진해구 여좌동 150,창원시청,35.15954661,128.6644414
안골포초등학교(부영3차아파트방면),버스정류장,경상남도,창원시,교통시설,KT,Public WiFi,,경상남도 창원시 진해구 용원동   1207-1,창원시청,35.1034413,128.8067238
염전사거리(이동119안전센터방면),버스정류장,경상남도,창원시,교통시설,KT,Public WiFi,경상남도 창원시 진해구 충장로 404,경상남도 창원시 진해구 이동 382-2,창원시청,35.15203951,128.6954209
자은프라임(냉천중.자은에일린의뜰방면),버스정류장,경상남도,창원시,교통시설,KT,Public WiFi,경상남도 창원시 진해구 냉천로 257,경상남도 창원시 진해구 자은동 121,창원시청,35.15230288,128.7192743
대동아파트앞(자은주공아파트방면),버스정류장,경상남도,창원시,교통시설,KT,Public WiFi,경상남도 창원시 진해구 진해대로874번길 6-2,경상남도 창원시 진해구 석동 133-5,창원시청,35.15149439,128.7058563
자은본동(자은포스코방면),버스정류장,경상남도,창원시,교통시설,KT,Public WiFi,,경상남도 창원시 진해구 자은동   696-13,창원시청,35.14041458,128.7075239
자은포스코(덕산해군아파트방면),버스정류장,경상남도,창원시,교통시설,KT,Public WiFi,경상남도 창원시 진해구 진해대로 973,경상남도 창원시 진해구 자은동 780,창원시청,35.14262064,128.7076226
벚꽃마을삼성아파트입구(자은주공아파트방면),버스정류장,경상남도,창원시,교통시설,KT,Public WiFi,,경상남도 창원시 진해구 자은동 852-2,창원시청,35.14772416,128.7071851
우성아파트(덕산동방면),버스정류장,경상남도,창원시,교통시설,KT,Public WiFi,,경상남도 창원시 진해구 풍호동   677-8,창원시청,35.13915735,128.7017494
진해만 생태숲 학습관,진해만 생태숲 학습관,경상남도,창원시,관광,KT,Public WiFi,경상남도 창원시 진해구 진해대로1137번길 97,경상남도 창원시 진해구 장천동 44-18,창원시청,35.13102073,128.7180609
중앙시장(벚꽃상가방면),버스정류장,경상남도,창원시,교통시설,KT,Public WiFi,경상남도 창원시 진해구 충장로 132,경상남도 창원시 진해구 충무동 25-30,창원시청,35.15185955,128.6664543
속천종점(해군아파트방면),버스정류장,경상남도,창원시,교통시설,KT,Public WiFi,,경상남도 창원시 진해구 태평동   86-56,창원시청,35.14434622,128.6701611
남원로타리(진해청소년전당방면),버스정류장,경상남도,창원시,교통시설,KT,Public WiFi,경상남도 창원시 진해구 태평로 3-1,경상남도 창원시 진해구 태평동 15-2,창원시청,35.14649005,128.6597821
해양극장(중앙시장방면),버스정류장,경상남도,창원시,교통시설,KT,Public WiFi,경상남도 창원시 진해구 벚꽃로 68-1,경상남도 창원시 진해구 화천동 48-15,창원시청,35.15131158,128.6636234
중앙시장(벚꽃상가방면),버스정류장,경상남도,창원시,교통시설,KT,Public WiFi,경상남도 창원시 진해구 충장로 130,경상남도 창원시 진해구 충무동 25-99,창원시청,35.1517471,128.6662756
진해시외버스터미널,진해시외버스터미널 1층,경상남도,창원시,교통시설,KT,Public WiFi,경상남도 창원시 진해구 태평로34번길 17,경상남도 창원시 진해구 인의동 24-3,창원시청,35.14470699,128.6614234
용원시외버스센터,용원시외버스센터,경상남도,창원시,교통시설,KT,Public WiFi,경상남도 창원시 진해구 용원로 114,경상남도 창원시 진해구 용원동 1125-1,창원시청,35.09783235,128.8214562
수도보건진료소,수도보건진료소,경상남도,창원시,관공서,KT,Public WiFi,경상남도 창원시 진해구 수도로 30,경상남도 창원시 진해구 수도동 149-1,창원시청,35.08509785,128.7460386
자은동주민자치센터,자은동주민자치센터,경상남도,창원시,관공서,LGU+,Public WiFi,경상남도 창원시 진해구 덕산로51번길 12,경상남도 창원시 진해구 자은동 856-3,창원시청,35.14716551,128.7054675
창원남산버스터미널,창원남산버스터미널,경상남도,창원시,교통시설,LGU+,Public WiFi,경상남도 창원시 성산구 정동로 162번길 57,경상남도 창원시 성산구 남산동 601-4,창원시청,35.201987,128.696799
진해청소년수련원,진해청소년수련원,경상남도,창원시,서민·복지시설,LGU+,Public WiFi,경상남도 창원시 진해구 천자로 484 (풍호동),경상남도 창원시 진해구 풍호동 산8-1,창원시청,35.133776,128.71553
우리누리청소년문화센터,우리누리청소년문화센터,경상남도,창원시,서민·복지시설,SKT,Public WiFi,경상남도 창원시 마산회원구 팔용로 128,경상남도 창원시 마산회원구 합성동 91-3번지,창원시청,35.240197,128.591912
늘푸른전당,늘푸른전당,경상남도,창원시,서민·복지시설,LGU+,Public WiFi,경상남도 창원시 의창구 두대로 97,경상남도 창원시 의창구 삼동동 293,창원시청,35.230159,128.654327
진해중앙시장,진해중앙시장,경상남도,창원시,기타,KT,Public WiFi,경상남도 창원시 진해구 벚꽃로 60번길 25,경상남도 창원시 진해구 화천동 60-1,창원시청,35.151052,128.665623
마산역번개시장,마산역번개시장,경상남도,창원시,기타,SKT,Public WiFi,경상남도 창원시 마산회원구 석전동17길 37 일원,경상남도 창원시 마산회원구 석전동 227-1 일원,창원시청,35.236719,128.578724
동마산시장,동마산시장,경상남도,창원시,기타,SKT,Public WiFi,경상남도 창원시 마산회원구 합성남 8길 76,경상남도 창원시 마산회원구 합성동 326-1,창원시청,35.24011,128.587582
마산부림시장,마산부림시장,경상남도,창원시,기타,KT,Public WiFi,경상남도 창원시 마산합포구 3.15대로 352,경상남도 창원시 마산합포구 부림동32,창원시청,35.206222,128.573489
반송시장,반송시장,경상남도,창원시,기타,KT,Public WiFi,경상남도 창원시 성산구 원이대로 473번길 20-11,경상남도 창원시 성산구 반림동 17-13,창원시청,35.235133,128.671055
명서전통시장,명서전통시장,경상남도,창원시,기타,KT,Public WiFi,경상남도 창원시 의창구 원이대로 189번길 42 일원,경상남도 창원시 의창구 명서동 75,창원시청,35.249118,128.647073
도계시장,도계시장,경상남도,창원시,기타,LGU+,Public WiFi,경상남도 창원시 의창구 원이대로 69번길 20 일원,경상남도 창원시 의창구 도계동 400-1,창원시청,35.257265,128.637269
가음정시장,가음정시장,경상남도,창원시,기타,SKT,Public WiFi,경상남도 창원시 성산구 대정로 35번길 3,경상남도 창원시 성산구 가음정동 21-24,창원시청,35.213104,128.691688
마산노인종합복지관,마산노인종합복지관,경상남도,창원시,서민·복지시설,LGU+,Public WiFi,경상남도 창원시 마산합포구 동서남1길 5 (신포동2가),경상남도 창원시 마산합포구 신포동2가 48-1,창원시청,35.20232,128.571188
여성회관진해관,여성회관진해관,경상남도,창원시,서민·복지시설,KT,Public WiFi,경상남도 창원시 진해구 충장로 140번길,경상남도 창원시 진해구 충무동 27-15,창원시청,35.151693,128.667176
여성회관마산관,여성회관마산관,경상남도,창원시,서민·복지시설,KT,Public WiFi,경상남도 창원시 마산합포구 용마로 30,경상남도 창원시 마산합포구 산호동 47-5,창원시청,35.216453,128.579064
동보원,동보원,경상남도,창원시,서민·복지시설,KT,Public WiFi,경상남도 창원시 성산구 창이대로 684번길 26 (사파동),경상남도 창원시 성산구 사파동 116,창원시청,35.222492,128.697128
진해청소년문화의집,진해청소년문화의집,경상남도,창원시,서민·복지시설,KT,Public WiFi,경상남도 창원시 진해구 웅천중로 59,경상남도 창원시 진해구 성내동 376,창원시청,35.111287,128.749559
마산청소년문화의집,마산청소년문화의집,경상남도,창원시,서민·복지시설,KT,Public WiFi,경상남도 창원시 마산합포구 문화남7길 12,경상남도 창원시 마산합포구 청계동 12-9,창원시청,35.184833,128.55767
창원시노인복지관(성산구),창원시노인복지관(성산구),경상남도,창원시,서민·복지시설,LGU+,Public WiFi,경상남도 창원시 성산구 창이대로 781,경상남도 창원시 성산구 대방동 330,창원시청,35.216571,128.704755
진해재활원,진해재활원,경상남도,창원시,서민·복지시설,SKT,Public WiFi,경상남도 창원시 진해구 태평로 6,경상남도 창원시 진해구 태평동 16,창원시청,35.14591,128.659764
마산장애인복지관,마산장애인복지관,경상남도,창원시,서민·복지시설,SKT,Public WiFi,경상남도 창원시 마산합포구 반월서7길 59,경상남도 창원시 마산합포구 신월동 29-161,창원시청,35.194446,128.558636
아름다운학원,아름다운학원,경상남도,창원시,서민·복지시설,LGU+,Public WiFi,경상남도 창원시 마산합포구 진전면 미천2길 243,경상남도 창원시 마산합포구 진전면 평암리 60-4,창원시청,35.15312,128.411258
해강직업재활센터,해강직업재활센터,경상남도,창원시,서민·복지시설,LGU+,Public WiFi,경상남도 창원시 마산합포구 구산면 반동길 370-2,경상남도 창원시 마산합포구 구산면 반동리 162-8,창원시청,35.072726,128.58366
해강마을,해강마을,경상남도,창원시,서민·복지시설,LGU+,Public WiFi,경상남도 창원시 마산합포구 구산면 반동길 370-1,경상남도 창원시 마산합포구 구산면 반동리 162-1,창원시청,35.072878,128.583936
선린장애인복지시설,선린장애인복지시설,경상남도,창원시,서민·복지시설,LGU+,Public WiFi,경상남도 창원시 성산구 신촌로134번길 43,경상남도 창원시 성산구 신촌동 30,창원시청,35.196747,128.624617
창원시 직업재활센터,창원시 직업재활센터,경상남도,창원시,서민·복지시설,KT,Public WiFi,경상남도 창원시 의창구 원이대로114번길 6,경상남도 창원시 의창구 도계동 470,창원시청,35.252914,128.636762
경남장애인종합복지관(의창),경남장애인종합복지관(의창),경상남도,창원시,서민·복지시설,LGU+,Public WiFi,경상남도 창원시 의창구 봉곡로97번길 85,경상남도 창원시 의창구 봉곡동 179-1,창원시청,35.250416,128.678434
창원천,퇴촌4호교-창원공고삼거리,경상남도,창원시,기타,창원시 성산구,ChangWon_WiFi,,경상남도 창원시 의창구 사림동 501-11,성산구청,35.24093,128.6858
사화공원,"사화공원 39사단 전시관, 식물원, 1전시장, 사화공원 삼거리, 3·4 전시장, 사업소 옆 보도, 물놀이터, 사업소, 체험교육, 2전시장, 전망대, 전망대(경관뜰), 경관뜰, 야외무대",경상남도,창원시,지역문화시설,창원시 의창구,ChangWon_WiFi,경상남도 창원시 의창구 중동남로 74(중동),경상남도 창원시 의창구 중동 794-11,의창구청,35.25114,128.624076
도계체육공원,도계체육공원 내,경상남도,창원시,지역문화시설,창원시 의창구,ChangWon_WiFi,"경상남도 창원시 의창구 도계두리길 199, 공중화장실 (도계동)",경상남도 창원시 의창구 도계동 389 공중화장실,의창구청,35.25777778,128.6422222
최윤덕도서관,도서관,경상남도,창원시,관공서,창원시,ChangWon_WiFi,경상남도 창원시 의창구 북면 무동서로 67,,도서관사업소 의창도서관과,35.322775,128.579695
여좌천,야외,경상남도,창원시,기타,창원시,ChangWon_WiFi,,경상남도 진해구 여좌동 217,진해구청,35.154329,128.659295
경화역,야외,경상남도,창원시,기타,창원시,ChangWon_WiFi,,경상남도 진해구 경화동 1213-1,진해구청,35.159083,128.684758
장복산 조각공원,1층,경상남도,창원시,관광,창원시,ChangWon_WiFi,,경상남도 진해구 태백동 산52-103,진해구청,35.172403,128.658605
진해문화센터,1층,경상남도,창원시,지역문화시설,창원시,ChangWon_WiFi,경상남도 진해구 진해대로 325,,진해구청,35.169456,128.658924
구민회관,1층,경상남도,창원시,지역문화시설,창원시,ChangWon_WiFi,경상남도 진해구 진해대로 325,,진해구청,35.16935,128.659419
안민고개 쉼터,야외,경상남도,창원시,관광,창원시,ChangWon_WiFi,,경상남도 진해구 석동 산12-2,진해구청,35.168245,128.699151
성산패총,성산패총,경상남도,창원시,지역문화시설,창원시 성산구,ChangWon_WiFi,경상남도 창원시 성산구 성산패총로 137,,성산구청,35.20661653,128.6805709
창원치매안심센터,청사,경상남도,창원시,관공서,창원시,ChangWon_WiFi,경상남도 창원시 성산구 마디미로73번길 12,경상남도 창원시 성산구 성산구 상남동 37-3,창원시청,35.218703,128.682683
여좌천거리,여좌천거리,경상남도,창원시,관광,창원시,ChangWon_WiFi,경상남도 창원시 진해구 여명로25번길 55,경상남도 창원시 진해구 여좌동 577-1,창원시청,35.158748,128.658824
마산치매안심센터,청사,경상남도,창원시,관공서,창원시,ChangWon_WiFi,경상남도 창원시 마산합포구 월영동북로 15,경상남도 창원시 마산합포구 해운동 61-1,창원시청,35.182526,128.563165
동부건강생활지원센터,청사,경상남도,창원시,관공서,창원시,ChangWon_WiFi,경상남도 창원시 진해구 용원동 1219-3,경상남도 창원시 진해구 용원동 1219-3,창원시청,35.099831,128.814376
임항선그린웨이,임항선그린웨이,경상남도,창원시,관광,창원시,ChangWon_WiFi,경상남도 창원시 마산합포구 월포동 2-120,,마산합포구청,35.189239,128.564548
이순신리더십센터,청사,경상남도,창원시,관광,창원시,ChangWon_WiFi,경상남도 창원시 진해구 충장로 633,경상남도 창원시 진해구 풍호동 305,창원시청,35.13329,128.7037
칠서정수장,청사,경상남도,창원시,관공서,창원시,ChangWon_WiFi,경상남도 함안군 칠서면 삼칠로 1010,경상남도 함안군계내리 600,창원시청,35.37448,128.4824
창동통합상가,상가내,경상남도,창원시,기타,창원시,ChangWon_WiFi,경상남도 창원시 마산합포구 창동거리길 32,경상남도 창원시 마산합포구 창동 121-2,창원시청,35.20617,128.57466
마산돝섬해상유원지,유원지 내,경상남도,창원시,관광,창원시,ChangWon_WiFi,경상남도 창원시 마산합포구 돝섬2길 58,경상남도 창원시 마산합포구 월영동 625,창원시청,35.17894,128.5811
해양드라마세트장,매표소입구,경상남도,창원시,관광,창원시,ChangWon_WiFi,경상남도 창원시 마산합포구 구산면 석곡리 산183-2,경상남도 창원시 마산합포구 구산면 석곡리 산183-2,창원시청,35.108915,128.540625
창원여성회관,청사,경상남도,창원시,서민·복지시설,창원시,ChangWon_WiFi,경상남도 창원시 성산구 대정로20번길 11,경상남도 창원시 성산구 가음동 20-8,창원시청,35.20616,128.6991
귀산프린지공연장,공연장,경상남도,창원시,관광,창원시 성산구,ChangWon_WiFi,경상남도 창원시 성산구 귀곡동 644-2,경상남도 창원시 성산구 귀곡동 644-2,창원시청,35.16546,128.59887
주남저수지,"생태학습관, 탐방대",경상남도,창원시,관광,창원시,ChangWon_WiFi,경상남도 창원시 의창구 동읍 주남로101번길 32,경상남도 창원시 의창구 동읍 월잠리 306-16,창원시청,35.30774,128.6779
용지문화공원,광장 전구역,경상남도,창원시,편의시설,창원시,ChangWon_WiFi,경상남도 창원시 의창구 중앙대로 210번길,경상남도 창원시 의창구 신월동 98,창원시청,35.230167,128.687076
용지호수공원,용지호수 둘레길,경상남도,창원시,편의시설,창원시,ChangWon_WiFi,경상남도 창원시 의창구 용지로 169번길,경상남도 창원시 의창구 용지동 551-1,창원시청,35.231946,128.681696
풍호정,진해구청 내,경상남도,창원시,편의시설,창원시,ChangWon_WiFi,경상남도 창원시 진해구 진해대로 1101(풍호동),경상남도 창원시 진해구 풍호동 1,창원시청,35.133626,128.710371
경화역,군항제 행사기간,경상남도,창원시,관광,창원시,ChangWon_WiFi,경상남도 창원시 진해구 진해대로 649,경상남도 창원시 진해구 경화동 850-3,창원시청,35.159197,128.687291
웅동2동민원센터,청사,경상남도,창원시,관공서,창원시,ChangWon_WiFi,경상남도 창원시 진해구 신항4로 53-45,경상남도 창원시 진해구 용원동 1339-1,창원시청,35.087773,128.813356
웅동2동행정복지센터,청사,경상남도,창원시,관공서,창원시,ChangWon_WiFi,경상남도 창원시 진해구 용재로 46,경상남도 창원시 진해구 용원동 1218-2,창원시청,35.101168,128.81474
웅동1동행정복지센터,청사,경상남도,창원시,관공서,창원시,ChangWon_WiFi,경상남도 창원시 진해구 웅동로57번가길 6,경상남도 창원시 진해구 마천동 139-2,창원시청,35.125861,128.782685
웅천동행정복지센터,청사,경상남도,창원시,관공서,창원시,ChangWon_WiFi,경상남도 창원시 진해구 웅천중로 59,경상남도 창원시 진해구 성내동 376,창원시청,35.111287,128.749559
풍호동행정복지센터,청사,경상남도,창원시,관공서,창원시,ChangWon_WiFi,경상남도 창원시 진해구 진해대로1034번길 6,경상남도 창원시 진해구 풍호동 176-6,창원시청,35.13752,128.707321
덕산동행정복지센터,청사,경상남도,창원시,관공서,창원시,ChangWon_WiFi,경상남도 창원시 진해구 동진로157번길 5,경상남도 창원시 진해구 풍호동 767-42,창원시청,35.143337,128.703739
자은동행정복지센터,청사,경상남도,창원시,관공서,창원시,ChangWon_WiFi,경상남도 창원시 진해구 덕산로51번길 12,경상남도 창원시 진해구 자은동 856-3,창원시청,35.147041,128.70545
이동행정복지센터,청사,경상남도,창원시,관공서,창원시,ChangWon_WiFi,경상남도 창원시 진해구 냉천로12번길 9,경상남도 창원시 진해구 이동 62-17,창원시청,35.149363,128.699906
석동행정복지센터,청사,경상남도,창원시,관공서,창원시,ChangWon_WiFi,경상남도 창원시 진해구 돌리로 3,경상남도 창원시 진해구 석동 328-4,창원시청,35.158736,128.700195
병암동행정복지센터,청사,경상남도,창원시,관공서,창원시,ChangWon_WiFi,경상남도 창원시 진해구 경화로16번길 31,경상남도 창원시 진해구 경화동 242,창원시청,35.15502,128.689505
경화동행정복지센터,청사,경상남도,창원시,관공서,창원시,ChangWon_WiFi,경상남도 창원시 진해구 경화로8번길 5,경상남도 창원시 진해구 경화동 185,창원시청,35.154305,128.686898
태백동행정복지센터,청사,경상남도,창원시,관공서,창원시,ChangWon_WiFi,경상남도 창원시 진해구 중초로9번길 38,경상남도 창원시 진해구 경화동 1156-24,창원시청,35.153863,128.677379
여좌동행정복지센터,청사,경상남도,창원시,관공서,창원시,ChangWon_WiFi,경상남도 창원시 진해구 여명로 77,경상남도 창원시 진해구 여좌동 96-21,창원시청,35.158563,128.660273
충무동행정복지센터,청사,경상남도,창원시,관공서,창원시,ChangWon_WiFi,경상남도 창원시 진해구 중원로74번길 6,경상남도 창원시 진해구 대흥동 10-1,창원시청,35.150513,128.660328
태평민원센터,청사,경상남도,창원시,관공서,창원시,ChangWon_WiFi,경상남도 창원시 진해구 태평로 26,경상남도 창원시 진해구 태평동 38,창원시청,35.14569,128.662133
중앙민원센터,청사,경상남도,창원시,관공서,창원시,ChangWon_WiFi,경상남도 창원시 진해구 충무로 69,경상남도 창원시 진해구 수송동 14-1,창원시청,35.152099,128.655567
진해구청,청사,경상남도,창원시,관공서,창원시,ChangWon_WiFi,경상남도 창원시 진해구 진해대로 1101(풍호동),경상남도 창원시 진해구 풍호동 1,창원시청,35.133626,128.710371
해양공원,해전사 체험관 및 광장,경상남도,창원시,관광,창원시,ChangWon_WiFi,경상남도 창원시 진해구 명동로 62,경상남도 창원시 진해구 명동 656,창원시청,35.09209,128.720901
진해루,진해루,경상남도,창원시,관광,창원시,ChangWon_WiFi,경상남도 창원시 진해구 진희로 150,경상남도 창원시 진해구 경화동 1007-14 진해루,창원시청,35.147213,128.684951
웅천도요지,청사,경상남도,창원시,관광,창원시,ChangWon_WiFi,경상남도 창원시 진해구 두동로 236,경상남도 창원시 진해구 두동 산147,창원시청,35.12711,128.81875
덕산매립장,청사,경상남도,창원시,관공서,창원시,ChangWon_WiFi,경상남도 창원시 진해구 천자로 101,경상남도 창원시 진해구 덕산동 584,창원시청,35.143498,128.689957
진해기술지원과(진해농업기술센터),청사,경상남도,창원시,관공서,창원시,ChangWon_WiFi,경상남도 창원시 진해구 웅천로 218,경상남도 창원시 진해구 성내동 205,창원시청,35.114161,128.754302
석동정수장,청사,경상남도,창원시,관공서,창원시,ChangWon_WiFi,경상남도 창원시 진해구 진해대로 763번길 30,경상남도 창원시 진해구 석동 430,창원시청,35.161925,128.700595
진해도서관 동부분관,청사,경상남도,창원시,관공서,창원시,ChangWon_WiFi,경상남도 창원시 진해구 용재로 66,경상남도 창원시 진해구 용원동 1226,창원시청,35.100304,128.817232
진해도서관,청사,경상남도,창원시,관공서,창원시,ChangWon_WiFi,경상남도 창원시 진해구 충장로 141,경상남도 창원시 진해구 여좌동 795-1,창원시청,35.152449,128.667423
서부보건지소,청사,경상남도,창원시,관공서,창원시,ChangWon_WiFi,경상남도 창원시 진해구 중원동로 62,경상남도 창원시 진해구 중앙동 11-1,창원시청,35.149901,128.661871
진해보건소,청사,경상남도,창원시,관공서,창원시,ChangWon_WiFi,경상남도 창원시 진해구 진해대로 1101(풍호동),경상남도 창원시 진해구 풍호동 1,창원시청,35.133626,128.710371
봉암동행정복지센터,청사,경상남도,창원시,관공서,창원시,ChangWon_WiFi,경상남도 창원시 마산회원구 봉양로 148,경상남도 창원시 마산회원구 봉암동 472-10,창원시청,35.217556,128.602446
구암2동행정복지센터,청사,경상남도,창원시,관공서,창원시,ChangWon_WiFi,경상남도 창원시 마산회원구 구암남16길 12,경상남도 창원시 마산회원구 구암동 86-2,창원시청,35.24899,128.598426
구암1동행정복지센터,청사,경상남도,창원시,관공서,창원시,ChangWon_WiFi,경상남도 창원시 마산회원구 구암서2길 95,경상남도 창원시 마산회원구 구암동 8-16,창원시청,35.249339,128.593505
합성2동행정복지센터,청사,경상남도,창원시,관공서,창원시,ChangWon_WiFi,경상남도 창원시 마산회원구 합성남8길 46,경상남도 창원시 마산회원구 합성동 205-5,창원시청,35.239042,128.586717
합성1동행정복지센터,청사,경상남도,창원시,관공서,창원시,ChangWon_WiFi,경상남도 창원시 마산회원구 합성서3길 21,경상남도 창원시 마산회원구 합성동 150-2,창원시청,35.242165,128.583938
양덕2동행정복지센터,청사,경상남도,창원시,관공서,창원시,ChangWon_WiFi,경상남도 창원시 마산회원구 율림교로 3,경상남도 창원시 마산회원구 양덕동 60-11,창원시청,35.229113,128.583866
양덕1동행정복지센터,청사,경상남도,창원시,관공서,창원시,ChangWon_WiFi,경상남도 창원시 마산회원구 팔용로 25,경상남도 창원시 마산회원구 양덕동 20-7,창원시청,35.232275,128.586152
회성동행정복지센터,청사,경상남도,창원시,관공서,창원시,ChangWon_WiFi,경상남도 창원시 마산회원구 북성로 327,경상남도 창원시 마산회원구 회성동 457-37,창원시청,35.233013,128.56168
석전민원센터,청사,경상남도,창원시,관공서,창원시,ChangWon_WiFi,경상남도 창원시 마산회원구 석전남16길 84,경상남도 창원시 마산회원구 석전동 156-23,창원시청,35.229386,128.568225
석전동행정복지센터,청사,경상남도,창원시,관공서,창원시,ChangWon_WiFi,경상남도 창원시 마산회원구 석전동4길 52,경상남도 창원시 마산회원구 석전동 255-6,창원시청,35.230291,128.573175
회원2동행정복지센터,청사,경상남도,창원시,관공서,창원시,ChangWon_WiFi,경상남도 창원시 마산회원구 회원남로 74,경상남도 창원시 마산회원구 회원동 355-56,창원시청,35.218924,128.569272
회원1동행정복지센터,청사,경상남도,창원시,관공서,창원시,ChangWon_WiFi,경상남도 창원시 마산회원구 회원동11길 7,경상남도 창원시 마산회원구 회원동 62-4,창원시청,35.21818,128.57421
호계민원센터,청사,경상남도,창원시,관공서,창원시,ChangWon_WiFi,경상남도 창원시 마산회원구 내서읍 호원로 323,경상남도 창원시 마산회원구 내서읍 호계리 172-6,창원시청,35.262246,128.523372
내서읍행정복지센터,청사,경상남도,창원시,관공서,창원시,ChangWon_WiFi,경상남도 창원시 마산회원구 내서읍 중리상곡로 65,경상남도 창원시 마산회원구 내서읍 중리 1049-1,창원시청,35.246692,128.507679
마산회원구청,청사,경상남도,창원시,관공서,창원시,ChangWon_WiFi,경상남도 창원시 마산회원구 삼호로 63(양덕동),경상남도 창원시 마산회원구 양동동 477,창원시청,35.220822,128.579677
내서농산물도매시장,청사,경상남도,창원시,관공서,창원시,ChangWon_WiFi,경상남도 창원시 마산회원구 내서읍 유통단지로 33,경상남도 창원시 마산회원구 내서읍 중리 750,창원시청,35.255949,128.511891
마산회원도서관 내서분관,청사,경상남도,창원시,관공서,창원시,ChangWon_WiFi,경상남도 창원시 마산회원구 내서읍 삼풍로 79(삼계리),경상남도 창원시 마산회원구 내서읍 삼계리 20-1,창원시청,35.232728,128.501352
마산회원도서관,청사,경상남도,창원시,관공서,창원시,ChangWon_WiFi,경상남도 창원시 마산회원구 회원동 3.15대로 558,경상남도 창원시 마산회원구 회원1동 167-1,창원시청,35.224331,128.573462
마산내서읍보건지소,청사,경상남도,창원시,관공서,창원시,ChangWon_WiFi,경상남도 창원시 마산회원구 내서읍 중리상곡로 65,경상남도 창원시 마산회원구 내서읍 중리 1049-1,창원시청,35.246692,128.507679
동마산보건지소,청사,경상남도,창원시,관공서,창원시,ChangWon_WiFi,경상남도 창원시 마산회원구 구암남14길 33(구암동),경상남도 창원시 마산회원구 구암동 95-5,창원시청,35.250556,128.600745
마산차량등록과,청사,경상남도,창원시,관공서,창원시,ChangWon_WiFi,경상남도 창원시 마산합포구 3.15대로 210 (중앙동3가),경상남도 창원시 마산합포구 중앙동 3가 4-11,창원시청,35.19691,128.567834
마산가고파 국화축제장,축제 기간,경상남도,창원시,관광,창원시,ChangWon_WiFi,경상남도 창원시 마산합포구 마산어시장 장어거리,경상남도 창원시 마산합포구 마산어시장 장어거리,창원시청,35.196928,128.567867
광암해수욕장,개장기간,경상남도,창원시,관광,창원시,ChangWon_WiFi,경상남도 창원시 마산합포구 진동면 광암해안길 117-22,경상남도 창원시 마산합포구 진동면 요장리 154-13,창원시청,35.10212,128.501505
산호동행정복지센터,청사,경상남도,창원시,관공서,창원시,ChangWon_WiFi,경상남도 창원시 마산합포구 산호남로 60,경상남도 창원시 마산합포구 산호동 157-4,창원시청,35.216014,128.585958
합포동행정복지센터,청사,경상남도,창원시,관공서,창원시,ChangWon_WiFi,경상남도 창원시 마산합포구 허당로 31,경상남도 창원시 마산합포구 산호동 499-1,창원시청,35.2109,128.579222
노산동행정복지센터,청사,경상남도,창원시,관공서,창원시,ChangWon_WiFi,경상남도 창원시 마산합포구 노산남6길 45,경상남도 창원시 마산합포구 상남동 140-11,창원시청,35.212663,128.574226
교방동행정복지센터,청사,경상남도,창원시,관공서,창원시,ChangWon_WiFi,경상남도 창원시 마산합포구 교방동5길 18,경상남도 창원시 마산합포구 교방동 375-4,창원시청,35.214332,128.566241
오동민원센터,청사,경상남도,창원시,관공서,창원시,ChangWon_WiFi,경상남도 창원시 마산합포구 오동북11길 2,경상남도 창원시 마산합포구 오동동 113-23,창원시청,35.208731,128.578558
성호민원센터,청사,경상남도,창원시,관공서,창원시,ChangWon_WiFi,경상남도 창원시 마산합포구 몽고정길 30,경상남도 창원시 마산합포구 추산동 33-1,창원시청,35.207379,128.572728
오동동행정복지센터,청사,경상남도,창원시,관공서,창원시,ChangWon_WiFi,경상남도 창원시 마산합포구 동서북4길 13,경상남도 창원시 마산합포구 수성동 68,창원시청,35.20422,128.573672
자산동행정복지센터,청사,경상남도,창원시,관공서,창원시,ChangWon_WiFi,경상남도 창원시 마산합포구 자산동5길 1,경상남도 창원시 마산합포구 자산동 140-3,창원시청,35.205457,128.565433
완월동행정복지센터,청사,경상남도,창원시,관공서,창원시,ChangWon_WiFi,경상남도 창원시 마산합포구 완월동11길 6,경상남도 창원시 마산합포구 완월동 12-23,창원시청,35.199469,128.564205
반월민원센터,청사,경상남도,창원시,관공서,창원시,ChangWon_WiFi,경상남도 창원시 마산합포구 중앙동1가 4-2,경상남도 창원시 마산합포구 중앙동1가 4-2,창원시청,35.190309,128.562451
반월중앙동행정복지센터,청사,경상남도,창원시,관공서,창원시,ChangWon_WiFi,경상남도 창원시 마산합포구 중앙남5길 45,경상남도 창원시 마산합포구 장군동2가 1-34,창원시청,35.194016,128.564025
문화동행정복지센터,청사,경상남도,창원시,관공서,창원시,ChangWon_WiFi,경상남도 창원시 마산합포구 문화남5길 36,경상남도 창원시 마산합포구 대외동 5-2,창원시청,35.184587,128.558228
월영동행정복지센터,청사,경상남도,창원시,관공서,창원시,ChangWon_WiFi,경상남도 창원시 마산합포구 월영남1길 13,경상남도 창원시 마산합포구 해운동 14-15,창원시청,35.179235,128.557731
가포동행정복지센터,청사,경상남도,창원시,관공서,창원시,ChangWon_WiFi,경상남도 창원시 마산합포구 가포해안길 33,경상남도 창원시 마산합포구 가포동 472-5,창원시청,35.169496,128.572056
현동행정복지센터,청사,경상남도,창원시,관공서,창원시,ChangWon_WiFi,경상남도 창원시 마산합포구 현동7길 27,경상남도 창원시 마산합포구 현동 383,창원시청,35.149839,128.553787
진전면행정복지센터,청사,경상남도,창원시,관공서,창원시,ChangWon_WiFi,경상남도 창원시 마산합포구 진전면 대실로 155,경상남도 창원시 마산합포구 진전면 오서리 604-3,창원시청,35.102713,128.418902
진북면행정복지센터,청사,경상남도,창원시,관공서,창원시,ChangWon_WiFi,경상남도 창원시 마산합포구 진북면 지산5길 80,경상남도 창원시 마산합포구 진북면 지산리 244-2,창원시청,35.115453,128.467447
진동면행정복지센터,청사,경상남도,창원시,관공서,창원시,ChangWon_WiFi,경상남도 창원시 마산합포구 진동면 신서촌로 11,경상남도 창원시 마산합포구 진동면 진동리 855-5,창원시청,35.115675,128.48431
구산면행정복지센터,청사,경상남도,창원시,관공서,창원시,ChangWon_WiFi,경상남도 창원시 마산합포구 구산면 구산로 554,경상남도 창원시 마산합포구 구산면 수정리 654-3,창원시청,35.119481,128.580329
마산합포구청,청사,경상남도,창원시,관공서,창원시,ChangWon_WiFi,경상남도 창원시 마산합포구 3.15대로 210 (중앙동3가),경상남도 창원시 마산합포구 중앙동 3가 4-11,창원시청,35.19691,128.567834
마산박물관,전시관,경상남도,창원시,관광,창원시,ChangWon_WiFi,경상남도 창원시 마산합포구 문신길 147(추산동),경상남도 창원시 마산합포구 추산동 54-36,창원시청,35.205611,128.569124
마산문학관,청사,경상남도,창원시,지역문화시설,창원시,ChangWon_WiFi,경상남도 창원시 마산합포구 노산북 8길 49-1,경상남도 창원시 마산합포구 상남동 58-8,창원시청,35.214223,128.574237
문화유산육성과,청사,경상남도,창원시,관공서,창원시,ChangWon_WiFi,경상남도 창원시 마산합포구 문신길 105,경상남도 창원시 마산합포구 추산동 54-36,창원시청,35.205611,128.569124
저도 연육교,연육교 주변,경상남도,창원시,관광,창원시,ChangWon_WiFi,경상남도 창원시 마산합포구 구산면 구복리 산 183-25,경상남도 창원시 마산합포구 구산면 구복리 산 183-25,창원시청,35.067588,128.562639
문신미술관,청사,경상남도,창원시,관광,창원시,ChangWon_WiFi,경상남도 창원시 마산합포구 문신길 147 문신미술관,경상남도 창원시 마산합포구 추산동 51-1,창원시청,35.206567,128.569043
오동동 문화광장,문화광장,경상남도,창원시,관광,창원시,ChangWon_WiFi,경상남도 창원시 마산합포구 동서북 16길 31-4,경상남도 창원시 마산합포구 동성동 207-1,창원시청,35.206276,128.577135
창동예술촌,청사,경상남도,창원시,관광,창원시,ChangWon_WiFi,경상남도 창원시 마산합포구 오동서6길 24,경상남도 창원시 마산합포구 중성동 117-2,창원시청,35.207081,128.574758
구산면보건지소,청사,경상남도,창원시,관공서,창원시,ChangWon_WiFi,경상남도 창원시 마산합포구 구산면 이순신로 12,경상남도 창원시 마산합포구 구산면 반동리 376-1,창원시청,35.086264,128.585797
진전면보건지소,청사,경상남도,창원시,관공서,창원시,ChangWon_WiFi,경상남도 창원시 마산합포구 진전면 대실로 155,경상남도 창원시 마산합포구 진전면 오서리 604-3,창원시청,35.102713,128.418902
진북면보건지소,청사,경상남도,창원시,관공서,창원시,ChangWon_WiFi,경상남도 창원시 마산합포구 진북면 지산1길 71,경상남도 창원시 마산합포구 진북면 지산리 226-19,창원시청,35.115754,128.464168
진동면보건지소,청사,경상남도,창원시,관공서,창원시,ChangWon_WiFi,경상남도 창원시 마산합포구 진동면 신서촌로 13,경상남도 창원시 마산합포구 진동면 진동리 855-2,창원시청,35.115791,128.484563
마산보건소,청사,경상남도,창원시,관공서,창원시,ChangWon_WiFi,경상남도 창원시 마산합포구 월영동북로 15(해운동),경상남도 창원시 마산합포구 해운동 61-1,창원시청,35.182357,128.562879
덕동매립장,청사,경상남도,창원시,관공서,창원시,ChangWon_WiFi,경상남도 창원시 마산합포구 덕동동 산162-1,경상남도 창원시 마산합포구 덕동동 산162-1,창원시청,35.140973,128.583785
하수관리사업소(덕동),홍보관 및 청사,경상남도,창원시,관공서,창원시,ChangWon_WiFi,경상남도 창원시 마산합포구 가포로 739,경상남도 창원시 마산합포구 덕동동 714,창원시청,35.1346,128.570484
마산농업기술센터,청사,경상남도,창원시,관공서,창원시,ChangWon_WiFi,경상남도 창원시 마산합포구 지산1길 71,경상남도 창원시 진북면 지산리 226-19,창원시청,35.115754,128.464168
마산합포도서관,청사,경상남도,창원시,관공서,창원시,ChangWon_WiFi,경상남도 창원시 마산합포구 월영동16길 22(해운동),경상남도 창원시 마산합포구 해운동 61,창원시청,35.182978,128.56295
삼귀민원센터,청사,경상남도,창원시,관공서,창원시,ChangWon_WiFi,경상남도 창원시 성산구 귀산로58번길 8,경상남도 창원시 성산구 귀산동 355-1,창원시청,35.16611,128.615415
웅남동행정복지센터,청사,경상남도,창원시,관공서,창원시,ChangWon_WiFi,경상남도 창원시 성산구 신촌로 50,경상남도 창원시 성산구 신촌동 14,창원시청,35.205361,128.627165
성주동성주민원센터,청사,경상남도,창원시,관공서,창원시,ChangWon_WiFi,경상남도 창원시 성산구 외리로14번길 18,경상남도 창원시 성산구 성주동 128-1,창원시청,35.199318,128.710932
성주동행정복지센터,청사,경상남도,창원시,관공서,창원시,ChangWon_WiFi,경상남도 창원시 성산구 공단로 735,경상남도 창원시 성산구 성주동 59-1,창원시청,35.189369,128.695011
가음정민원센터,청사,경상남도,창원시,관공서,창원시,ChangWon_WiFi,경상남도 창원시 성산구 원이대로883번길 15-38,경상남도 창원시 성산구 가음동 21-1,창원시청,35.208619,128.697185
가음정동행정복지센터,청사,경상남도,창원시,관공서,창원시,ChangWon_WiFi,경상남도 창원시 성산구 가음로13번길 31,경상남도 창원시 성산구 남양동 9,창원시청,35.213008,128.700551
사파민원센터,청사,경상남도,창원시,관공서,창원시,ChangWon_WiFi,경상남도 창원시 성산구 창이대로706번길 16-23,경상남도 창원시 성산구 사파동 106-1,창원시청,35.221819,128.698309
사파동행정복지센터,청사,경상남도,창원시,관공서,창원시,ChangWon_WiFi,경상남도 창원시 성산구 대암로 109,경상남도 창원시 성산구 대방동 339-3,창원시청,35.215836,128.708769
상남동행정복지센터,청사,경상남도,창원시,관공서,창원시,ChangWon_WiFi,경상남도 창원시 성산구 동산로 73,경상남도 창원시 성산구 상남동 89-3,창원시청,35.21614,128.687309
내동민원센터,청사,경상남도,창원시,관공서,창원시,ChangWon_WiFi,경상남도 창원시 성산구 연덕로184번길 35,경상남도 창원시 성산구 내동 456-25,창원시청,35.217375,128.669514
중앙동행정복지센터,청사,경상남도,창원시,관공서,창원시,ChangWon_WiFi,경상남도 창원시 성산구 외동반림로 5,경상남도 창원시 성산구 중앙동 151,창원시청,35.221048,128.673641
반지민원센터,청사,경상남도,창원시,관공서,창원시,ChangWon_WiFi,경상남도 창원시 성산구 반송로 52,경상남도 창원시 성산구 반지동 80-1,창원시청,35.240625,128.662497
반송동행정복지센터,청사,경상남도,창원시,관공서,창원시,ChangWon_WiFi,경상남도 창원시 성산구 원이대로473번길 19-14,경상남도 창원시 성산구 반림동 14-1,창원시청,35.235844,128.669611
성산구청,청사,경상남도,창원시,관공서,창원시,ChangWon_WiFi,경상남도 창원시 성산구 창원대로 1086(성주동),경상남도 창원시 성산구 성주동 5,창원시청,35.198365,128.702731
천선매립장,청사,경상남도,창원시,관공서,창원시,ChangWon_WiFi,경상남도 창원시 성산구 천선동 산54-2,경상남도 창원시 성산구 천선동 산54-2,창원시청,35.170815,128.704799
성산도서관,청사,경상남도,창원시,관공서,창원시,ChangWon_WiFi,경상남도 창원시 성산구 외리로 47(남산동),경상남도 창원시 성산구 남산동 산17,창원시청,35.20214,128.707727
상남도서관,청사,경상남도,창원시,관공서,창원시,ChangWon_WiFi,경상남도 창원시 성산구 원이대로 810,경상남도 창원시 성산구 가음정동 1,창원시청,35.213686,128.695427
창원과학체험관,체험관 및 전시관,경상남도,창원시,관광,창원시,ChangWon_WiFi,경상남도 창원시 의창구 충혼로72번길 16,경상남도 창원시 의창구 두대동 188-3,창원시청,35.229994,128.661411
창원시 시정연구원,청사,경상남도,창원시,관공서,창원시,ChangWon_WiFi,경상남도 창원시 성산구 원이대로 848,경상남도 창원시 가음정동 산76-1번지,창원시청,35.211699,128.694652
신월민원센터,청사,경상남도,창원시,관공서,창원시,ChangWon_WiFi,경상남도 창원시 성산구 신월로 48,경상남도 창원시 성산구 신월동 68-4,창원시청,35.227793,128.692296
용지동행정복지센터,청사,경상남도,창원시,관공서,창원시,ChangWon_WiFi,경상남도 창원시 성산구 용지로239번길 19-4,경상남도 창원시 성산구 용호동 62-1,창원시청,35.235899,128.684092
봉림동사림민원센터,청사,경상남도,창원시,관공서,창원시,ChangWon_WiFi,경상남도 창원시 의창구 창이대로 415,경상남도 창원시 의창구 사림동 36-1,창원시청,35.242373,128.682047
봉림동행정복지센터,청사,경상남도,창원시,관공서,창원시,ChangWon_WiFi,경상남도 창원시 의창구 대봉로26번길 5,경상남도 창원시 의창구 대봉로26번길 5,창원시청,35.245406,128.658515
명서2민원센터,청사,경상남도,창원시,관공서,창원시,ChangWon_WiFi,경상남도 창원시 의창구 우곡로101번길 28,경상남도 창원시 의창구 명서동 111,창원시청,35.243279,128.641763
명서1민원센터,청사,경상남도,창원시,관공서,창원시,ChangWon_WiFi,경상남도 창원시 의창구 명지로122번길 20,경상남도 창원시 의창구 명서동 174-14,창원시청,35.245781,128.649145
명곡동행정복지센터,청사,경상남도,창원시,관공서,창원시,ChangWon_WiFi,경상남도 창원시 의창구 태복산로15번길 8,경상남도 창원시 의창구 도계동 896-2,창원시청,35.253372,128.640458
대원민원센터,청사,경상남도,창원시,관공서,창원시,ChangWon_WiFi,경상남도 창원시 성산구 대원로27번길 28,경상남도 창원시 성산구 대원동 93-1,창원시청,35.232523,128.650511
팔룡동행정복지센터,청사,경상남도,창원시,관공서,창원시,ChangWon_WiFi,경상남도 창원시 의창구 팔용로 435,경상남도 창원시 의창구 팔용동 103-4,창원시청,35.25548,128.612815
소계민원센터,청사,경상남도,창원시,관공서,창원시,ChangWon_WiFi,경상남도 창원시 의창구 소계로84번길 7,경상남도 창원시 의창구 소계동 714-8,창원시청,35.257275,128.599992
의안민원센터,청사,경상남도,창원시,관공서,창원시,ChangWon_WiFi,경상남도 창원시 의창구 읍성로 25,경상남도 창원시 의창구 북동 260,창원시청,35.265176,128.620625
의창동행정복지센터,청사,경상남도,창원시,관공서,창원시,ChangWon_WiFi,경상남도 창원시 의창구 서상로12번길 83-9,경상남도 창원시 의창구 서상동 11-6,창원시청,35.262036,128.622854
대산면행정복지센터,청사,경상남도,창원시,관공서,창원시,ChangWon_WiFi,경상남도 창원시 의창구 대산면 주남로 577,경상남도 창원시 의창구 대산면 가술리 323-4,창원시청,35.335328,128.70826
화천민원센터,청사,경상남도,창원시,관공서,창원시,ChangWon_WiFi,경상남도 창원시 의창구 북면 천주로 483-7,경상남도 창원시 의창구 북면 외감리 165-1,창원시청,35.29961,128.602767
북면행정복지센터,청사,경상남도,창원시,관공서,창원시,ChangWon_WiFi,경상남도 창원시 의창구 북면 천주로 1085,경상남도 창원시 의창구 북면 신촌리 956-4,창원시청,35.347876,128.607152
자여민원센터,청사,경상남도,창원시,관공서,창원시,ChangWon_WiFi,경상남도 창원시 의창구 동읍 자여로 64,경상남도 창원시 의창구 동읍 송정리 98-21,창원시청,35.277108,128.700344
동읍행정복지센터,청사,경상남도,창원시,관공서,창원시,ChangWon_WiFi,경상남도 창원시 의창구 동읍 동읍로 88,경상남도 창원시 의창구 동읍 용잠리 575,창원시청,35.28471,128.682446
의창구청,청사,경상남도,창원시,관공서,창원시,ChangWon_WiFi,경상남도 창원시 의창구 태복산로15번길 8(도계동),경상남도 창원시 의창구 도계동 895,창원시청,35.253816,128.640154
드림스타트 센터,청사,경상남도,창원시,관공서,창원시,ChangWon_WiFi,경상남도 창원시 의창구 우곡로 101번길 30-3,경상남도 창원시 의창구 명서동 111-1,창원시청,35.243079,128.64208
단감테마공원,청사,경상남도,창원시,관광,창원시,ChangWon_WiFi,경상남도 창원시 의창구 동읍 화양리 680,경상남도 창원시 의창구 동읍 화양리 680,창원시청,35.298689,128.663234
달천계곡 오토캠핑장,오토캠핑장 내,경상남도,창원시,관광,창원시,ChangWon_WiFi,경상남도 창원시 의창구 북면 달천길 150,경상남도 창원시 의창구 북면 외감리 525,창원시청,35.282317,128.599858
대산정수장,청사,경상남도,창원시,관공서,창원시,ChangWon_WiFi,경상남도 창원시 의창구 대산면 갈전로 99번길 100,경상남도 창원시 의창구 대산면 갈전리 816,창원시청,35.373486,128.676347
창원차량등록사업소,청사,경상남도,창원시,관공서,창원시,ChangWon_WiFi,경상남도 창원시 의창구 원이대로 450(두대동),경상남도 창원시 의창구 두대동 450,창원시청,35.236,128.654406
고향의봄도서관,청사,경상남도,창원시,관공서,창원시,ChangWon_WiFi,경상남도 창원시 의창구 평산로 135번길 32(서상동),경상남도 창원시 의창구 서상동 60,창원시청,35.257319,128.623532
명곡도서관,청사,경상남도,창원시,관공서,창원시,ChangWon_WiFi,경상남도 창원시 의창구 서곡길 21,경상남도 창원시 의창구 명서동 31-1,창원시청,35.253122,128.648511
의창도서관,청사,경상남도,창원시,관공서,창원시,ChangWon_WiFi,경상남도 창원시 성산구 용호로 50(반송동),경상남도 창원시 의창구 반송동 산51-5,창원시청,35.233512,128.678974
북면보건지소,청사,경상남도,창원시,관공서,창원시,ChangWon_WiFi,경상남도 창원시 의창구 북면 천주로 1085,경상남도 창원시 의창구 북면 신촌리 956-4,창원시청,35.347876,128.607152
동읍보건지소,청사,경상남도,창원시,관공서,창원시,ChangWon_WiFi,경상남도 창원시 의창구 동읍 용잠로 41,경상남도 창원시 의창구 동읍 용잠리 230-7,창원시청,35.279717,128.688659
대산보건지소,청사,경상남도,창원시,관공서,창원시,ChangWon_WiFi,경상남도 창원시 의창구 대산면 진산대로355번길 14-9,경상남도 창원시 의창구 대산면 제동리 268-69,창원시청,35.332318,128.708211
팔용보건소,청사,경상남도,창원시,관공서,창원시,ChangWon_WiFi,경상남도 창원시 의창구 팔용로 451번길 8,경상남도 창원시 의창구 팔용동 121-1,창원시청,35.25739,128.613159
창원보건소,청사,경상남도,창원시,관공서,창원시,ChangWon_WiFi,경상남도 창원시 의창구 중앙대로 162번길 9,경상남도 창원시 의창구 신월동 96-2,창원시청,35.227904,128.685541
창원시청,시청 및 의회 청사,경상남도,창원시,관공서,창원시,ChangWon_WiFi,경상남도 창원시 의창구 중앙대로 151,경상남도 창원시 의창구 용호동 1,창원시청,35.228356,128.682073
상남분수광장,상남분수광장 방송스피커 폴대,경상남도,창원시,기타,창원시 성산구,ChangWon_WiFi,경상남도 창원시 성산구 상남동 24,경상남도 창원시 성산구 상남동 24,성산구청,35.221194,128.682947
기업사랑공원,물놀이터,경상남도,창원시,편의시설,창원시 성산구,ChangWon_WiFi,경상남도 창원시 성산구 가음정동 626,경상남도 창원시 성산구 가음정동 626,성산구청,35.209548,128.686188
장미공원,장미공원 전시장,경상남도,창원시,편의시설,창원시 성산구,ChangWon_WiFi,경상남도 창원시 성산구 가음동 31,경상남도 창원시 성산구 가음동 31,성산구청,35.207397,128.69031
호계민원센터,청사,경상남도,창원시,관공서,KT,Public WiFi,경상남도 창원시 마산회원구 내서읍 호원로 323,경상남도 창원시 마산회원구 내서읍 호계리 172-6,창원시청,35.262246,128.523372
가음정민원센터,청사,경상남도,창원시,관공서,KT,Public WiFi,경상남도 창원시 성산구 원이대로883번길 15-38,경상남도 창원시 성산구 가음동 21-1,창원시청,35.208619,128.697185
사파민원센터,청사,경상남도,창원시,관공서,KT,Public WiFi,경상남도 창원시 성산구 창이대로706번길 16-23,경상남도 창원시 성산구 사파동 106-1,창원시청,35.221819,128.698309
내동민원센터,청사,경상남도,창원시,관공서,KT,Public WiFi,경상남도 창원시 성산구 연덕로184번길 35,경상남도 창원시 성산구 내동 456-25,창원시청,35.217375,128.669514
반지민원센터,청사,경상남도,창원시,관공서,LGU+,Public WiFi,경상남도 창원시 성산구 반송로 52,경상남도 창원시 성산구 반지동 80-1,창원시청,35.240625,128.662497
신월민원센터,청사,경상남도,창원시,관공서,KT,Public WiFi,경상남도 창원시 성산구 신월로 48,경상남도 창원시 성산구 신월동 68-4,창원시청,35.227793,128.692296
사림민원센터,청사,경상남도,창원시,관공서,KT,Public WiFi,경상남도 창원시 의창구 창이대로 415,경상남도 창원시 의창구 사림동 36-1,창원시청,35.242373,128.682047
명서2민원센터,청사,경상남도,창원시,관공서,KT,Public WiFi,경상남도 창원시 의창구 우곡로101번길 28,경상남도 창원시 의창구 명서동 111,창원시청,35.243279,128.641763
명서1민원센터,청사,경상남도,창원시,관공서,KT,Public WiFi,경상남도 창원시 의창구 명지로122번길 20,경상남도 창원시 의창구 명서동 174-14,창원시청,35.245781,128.649145
대원민원센터,청사,경상남도,창원시,관공서,KT,Public WiFi,경상남도 창원시 성산구 대원로27번길 28,경상남도 창원시 성산구 대원동 93-1,창원시청,35.232523,128.650511
소계민원센터,청사,경상남도,창원시,관공서,LGU+,Public WiFi,경상남도 창원시 의창구 소계로84번길 7,경상남도 창원시 의창구 소계동 714-8,창원시청,35.257275,128.599992
의안민원센터,청사,경상남도,창원시,관공서,KT,Public WiFi,경상남도 창원시 의창구 읍성로 25,경상남도 창원시 의창구 북동 260,창원시청,35.265176,128.620625
화천민원센터,청사,경상남도,창원시,관공서,KT,Public WiFi,경상남도 창원시 의창구 북면 천주로 483-7,경상남도 창원시 의창구 북면 외감리 165-1,창원시청,35.29961,128.602767
자여민원센터,청사,경상남도,창원시,관공서,KT,Public WiFi,경상남도 창원시 의창구 동읍 자여로 64,경상남도 창원시 의창구 동읍 송정리 98-21,창원시청,35.277108,128.700344
도계체육공원,도계체육공원 내,경상남도,창원시,지역문화시설,창원시 의창구,Uichang free,"경상남도 창원시 의창구 도계두리길 199, 공중화장실 (도계동)",경상남도 창원시 의창구 도계동 389 공중화장실,창원시 의창구,35.25805556,128.6419444
도계체육공원,도계체육공원 내,경상남도,창원시,지역문화시설,창원시 의창구,Uichang-free,"경상남도 창원시 의창구 도계두리길 199, 공중화장실 (도계동)",경상남도 창원시 의창구 도계동 389 공중화장실,창원시 의창구,35.25777778,128.6422222
도계체육공원,도계체육공원 내,경상남도,창원시,지역문화시설,창원시 의창구,Uichang-free,"경상남도 창원시 의창구 도계두리길 199, 공중화장실 (도계동)",경상남도 창원시 의창구 도계동 389 공중화장실,창원시 의창구,35.25777778,128.6422222
사화공원,사화공원 야외무대,경상남도,창원시,지역문화시설,창원시 의창구,사화공원 공공와이파이,경상남도 창원시 의창구 중동남로 74(중동),경상남도 창원시 의창구 중동 794-11,창원시 의창구,35.251619,128.625222
사화공원,사화공원 경관뜰,경상남도,창원시,지역문화시설,창원시 의창구,사화공원 공공와이파이,경상남도 창원시 의창구 중동남로 74(중동),경상남도 창원시 의창구 중동 794-11,창원시 의창구,35.251865,128.63434
사화공원,사화공원 전망대(경관뜰),경상남도,창원시,지역문화시설,창원시 의창구,사화공원 공공와이파이,경상남도 창원시 의창구 중동남로 74(중동),경상남도 창원시 의창구 중동 794-11,창원시 의창구,35.251719,128.634685
사화공원,사화공원 전망대,경상남도,창원시,지역문화시설,창원시 의창구,사화공원 공공와이파이,경상남도 창원시 의창구 중동남로 74(중동),경상남도 창원시 의창구 중동 794-11,창원시 의창구,35.25123,128.625486
사화공원,사화공원 2 전시장,경상남도,창원시,지역문화시설,창원시 의창구,사화공원 공공와이파이,경상남도 창원시 의창구 중동남로 74(중동),경상남도 창원시 의창구 중동 794-11,창원시 의창구,35.251577,128.623853
사화공원,사화공원 식물원_2,경상남도,창원시,지역문화시설,창원시 의창구,사화공원 공공와이파이,경상남도 창원시 의창구 중동남로 74(중동),경상남도 창원시 의창구 중동 794-11,창원시 의창구,35.251783,128.632581
사화공원,사화공원 체험교육,경상남도,창원시,지역문화시설,창원시 의창구,사화공원 공공와이파이,경상남도 창원시 의창구 중동남로 74(중동),경상남도 창원시 의창구 중동 794-11,창원시 의창구,35.251738,128.62763
사화공원,사화공원 사업소,경상남도,창원시,지역문화시설,창원시 의창구,사화공원 공공와이파이,경상남도 창원시 의창구 중동남로 74(중동),경상남도 창원시 의창구 중동 794-11,창원시 의창구,35.252391,128.628709
사화공원,사화공원 물놀이터,경상남도,창원시,지역문화시설,창원시 의창구,사화공원 공공와이파이,경상남도 창원시 의창구 중동남로 74(중동),경상남도 창원시 의창구 중동 794-11,창원시 의창구,35.252333,128.631142
사화공원,사화공원 사업소 옆 보도,경상남도,창원시,지역문화시설,창원시 의창구,사화공원 공공와이파이,경상남도 창원시 의창구 중동남로 74(중동),경상남도 창원시 의창구 중동 794-11,창원시 의창구,35.252404,128.629465
사화공원,사화공원 3·4 전시장,경상남도,창원시,지역문화시설,창원시 의창구,사화공원 공공와이파이,경상남도 창원시 의창구 중동남로 74(중동),경상남도 창원시 의창구 중동 794-11,창원시 의창구,35.25114,128.624076
사화공원,사화공원 삼거리,경상남도,창원시,지역문화시설,창원시 의창구,사화공원 공공와이파이,경상남도 창원시 의창구 중동남로 74(중동),경상남도 창원시 의창구 중동 794-11,창원시 의창구,35.251843,128.627262
사화공원,사화공원 1전시장,경상남도,창원시,지역문화시설,창원시 의창구,사화공원 공공와이파이,경상남도 창원시 의창구 중동남로 74(중동),경상남도 창원시 의창구 중동 794-11,창원시 의창구,35.251858,128.623572
사화공원,사화공원 식물원_1,경상남도,창원시,지역문화시설,창원시 의창구,사화공원 공공와이파이,경상남도 창원시 의창구 중동남로 74(중동),경상남도 창원시 의창구 중동 794-11,창원시 의창구,35.252101,128.631823
사화공원,사화공원 39사단 전시관,경상남도,창원시,지역문화시설,창원시 의창구,사화공원 공공와이파이,경상남도 창원시 의창구 중동남로 74(중동),경상남도 창원시 의창구 중동 794-11,창원시 의창구,35.252371,128.630512
창원천,창원공고삼거리,경상남도,창원시,기타,창원시 성산구,homeplus,,경상남도 창원시 의창구 명서동 503,경상남도 창원시 성산구,35.23576,128.646
창원천,두대삼거리,경상남도,창원시,기타,창원시 성산구,hyundaiAPT,,경상남도 창원시 의창구 대원동 46,경상남도 창원시 성산구,35.23659,128.6497
창원천,대원교옆,경상남도,창원시,기타,창원시 성산구,myeonggog,,경상남도 창원시 대원동 502,경상남도 창원시 성산구,35.2392,128.6502
창원천,명곡광장사거리,경상남도,창원시,기타,창원시 성산구,changwonH,,경상남도 창원시 의창구 명서동 199-10,경상남도 창원시 성산구,35.24183,128.6504
창원천,창원천로166번길2 앞,경상남도,창원시,기타,창원시 성산구,yumoggyo,,경상남도 창원시 성산구 반지동 508-4,경상남도 창원시 성산구,35.24358,128.6579
창원천,창원천2교옆,경상남도,창원시,기타,창원시 성산구,jigwi,,경상남도 창원시 의창구 봉곡동 502-1,경상남도 창원시 성산구,35.24457,128.6589
창원천,반송까치아파트101동 앞,경상남도,창원시,기타,창원시 성산구,kkachisanAPT,,경상남도 창원시 성산구 반지동 511-2,경상남도 창원시 성산구,35.2422,128.6656
창원천,봉곡로124번길5-1 대로 건너편,경상남도,창원시,기타,창원시 성산구,utopia,,경상남도 창원시 의창구 봉곡동 502-37,경상남도 창원시 성산구,35.24549,128.6716
창원천,봉림교옆,경상남도,창원시,기타,창원시 성산구,daedongP,,경상남도 창원시 의창구 봉곡동 502-37,경상남도 창원시 성산구,35.24549,128.6716
창원천,봉림중삼거리,경상남도,창원시,기타,창원시 성산구,bonglim,,경상남도 창원시 의창구 사림동 510,경상남도 창원시 성산구,35.24391,128.6764
창원천,사림로4번길32 대로 건너편,경상남도,창원시,기타,창원시 성산구,bonglim,,경상남도 창원시 의창구 사림동 510,경상남도 창원시 성산구,35.24391,128.6764
창원천,사림민원센터 건너편,경상남도,창원시,기타,창원시 성산구,salim,,경상남도 창원시 의창구 사림동 501-26,경상남도 창원시 성산구,35.24261,128.6806
창원천,퇴촌4호교옆,경상남도,창원시,기타,창원시 성산구,changwonUNIV3,,경상남도 창원시 의창구 사림동 501-11,경상남도 창원시 성산구,35.24093,128.6858
창원천,퇴촌2호교옆,경상남도,창원시,기타,창원시 성산구,changwonUNIV,,경상남도 창원시 의창구 사림동 501-19,경상남도 창원시 성산구,35.24308,128.6864
창원천,사림민원센터 건너편,경상남도,창원시,기타,창원시 성산구,salim,,경상남도 창원시 의창구 사림동 501-26,경상남도 창원시 성산구,35.24261,128.6806
창원천,사림로4번길32 대로 건너편,경상남도,창원시,기타,창원시 성산구,bonglim,,경상남도 창원시 의창구 사림동 510,경상남도 창원시 성산구,35.24391,128.6764
창원천,봉림중삼거리,경상남도,창원시,기타,창원시 성산구,bonglim,,경상남도 창원시 의창구 사림동 510,경상남도 창원시 성산구,35.24391,128.6764
창원천,봉림교옆,경상남도,창원시,기타,창원시 성산구,daedongP,,경상남도 창원시 의창구 봉곡동 502-37,경상남도 창원시 성산구,35.24549,128.6716
창원천,봉곡로124번길5-1 대로 건너편,경상남도,창원시,기타,창원시 성산구,utopia,,경상남도 창원시 의창구 봉곡동 502-37,경상남도 창원시 성산구,35.24549,128.6716
창원천,반송까치아파트101동 앞,경상남도,창원시,기타,창원시 성산구,kkachisanAPT,,경상남도 창원시 성산구 반지동 511-2,경상남도 창원시 성산구,35.2422,128.6656
창원천,창원천2교옆,경상남도,창원시,기타,창원시 성산구,jigwi,,경상남도 창원시 의창구 봉곡동 502-1,경상남도 창원시 성산구,35.24457,128.6589
창원천,창원천로166번길2 앞,경상남도,창원시,기타,창원시 성산구,yumoggyo,,경상남도 창원시 성산구 반지동 508-4,경상남도 창원시 성산구,35.24358,128.6579
창원천,명곡광장사거리,경상남도,창원시,기타,창원시 성산구,changwonH,,경상남도 창원시 의창구 명서동 199-10,경상남도 창원시 성산구,35.24183,128.6504
창원천,대원교옆,경상남도,창원시,기타,창원시 성산구,myeonggog,,경상남도 창원시 대원동 502,경상남도 창원시 성산구,35.2392,128.6502
창원천,두대삼거리,경상남도,창원시,기타,창원시 성산구,hyundaiAPT,,경상남도 창원시 의창구 대원동 46,경상남도 창원시 성산구,35.23659,128.6497
창원천,창원공고삼거리,경상남도,창원시,기타,창원시 성산구,homeplus,,경상남도 창원시 의창구 명서동 503,경상남도 창원시 성산구,35.23576,128.646
사화공원,사화공원 39사단 전시관,경상남도,창원시,지역문화시설,창원시 의창구,사화공원 공공와이파이,경상남도 창원시 의창구 중동남로 74(중동),경상남도 창원시 의창구 중동 794-11,창원시 의창구,35.252371,128.630512
사화공원,사화공원 식물원_1,경상남도,창원시,지역문화시설,창원시 의창구,사화공원 공공와이파이,경상남도 창원시 의창구 중동남로 74(중동),경상남도 창원시 의창구 중동 794-11,창원시 의창구,35.252101,128.631823
사화공원,사화공원 1전시장,경상남도,창원시,지역문화시설,창원시 의창구,사화공원 공공와이파이,경상남도 창원시 의창구 중동남로 74(중동),경상남도 창원시 의창구 중동 794-11,창원시 의창구,35.251858,128.623572
사화공원,사화공원 삼거리,경상남도,창원시,지역문화시설,창원시 의창구,사화공원 공공와이파이,경상남도 창원시 의창구 중동남로 74(중동),경상남도 창원시 의창구 중동 794-11,창원시 의창구,35.251843,128.627262
사화공원,사화공원 3·4 전시장,경상남도,창원시,지역문화시설,창원시 의창구,사화공원 공공와이파이,경상남도 창원시 의창구 중동남로 74(중동),경상남도 창원시 의창구 중동 794-11,창원시 의창구,35.25114,128.624076
사화공원,사화공원 사업소 옆 보도,경상남도,창원시,지역문화시설,창원시 의창구,사화공원 공공와이파이,경상남도 창원시 의창구 중동남로 74(중동),경상남도 창원시 의창구 중동 794-11,창원시 의창구,35.252404,128.629465
사화공원,사화공원 물놀이터,경상남도,창원시,지역문화시설,창원시 의창구,사화공원 공공와이파이,경상남도 창원시 의창구 중동남로 74(중동),경상남도 창원시 의창구 중동 794-11,창원시 의창구,35.252333,128.631142
사화공원,사화공원 사업소,경상남도,창원시,지역문화시설,창원시 의창구,사화공원 공공와이파이,경상남도 창원시 의창구 중동남로 74(중동),경상남도 창원시 의창구 중동 794-11,창원시 의창구,35.252391,128.628709
사화공원,사화공원 체험교육,경상남도,창원시,지역문화시설,창원시 의창구,사화공원 공공와이파이,경상남도 창원시 의창구 중동남로 74(중동),경상남도 창원시 의창구 중동 794-11,창원시 의창구,35.251738,128.62763
사화공원,사화공원 식물원_2,경상남도,창원시,지역문화시설,창원시 의창구,사화공원 공공와이파이,경상남도 창원시 의창구 중동남로 74(중동),경상남도 창원시 의창구 중동 794-11,창원시 의창구,35.251783,128.632581
사화공원,사화공원 2 전시장,경상남도,창원시,지역문화시설,창원시 의창구,사화공원 공공와이파이,경상남도 창원시 의창구 중동남로 74(중동),경상남도 창원시 의창구 중동 794-11,창원시 의창구,35.251577,128.623853
사화공원,사화공원 전망대,경상남도,창원시,지역문화시설,창원시 의창구,사화공원 공공와이파이,경상남도 창원시 의창구 중동남로 74(중동),경상남도 창원시 의창구 중동 794-11,창원시 의창구,35.25123,128.625486
사화공원,사화공원 전망대(경관뜰),경상남도,창원시,지역문화시설,창원시 의창구,사화공원 공공와이파이,경상남도 창원시 의창구 중동남로 74(중동),경상남도 창원시 의창구 중동 794-11,창원시 의창구,35.251719,128.634685
사화공원,사화공원 경관뜰,경상남도,창원시,지역문화시설,창원시 의창구,사화공원 공공와이파이,경상남도 창원시 의창구 중동남로 74(중동),경상남도 창원시 의창구 중동 794-11,창원시 의창구,35.251865,128.63434
사화공원,사화공원 야외무대,경상남도,창원시,지역문화시설,창원시 의창구,사화공원 공공와이파이,경상남도 창원시 의창구 중동남로 74(중동),경상남도 창원시 의창구 중동 794-11,창원시 의창구,35.251619,128.625222
도계체육공원,도계체육공원 내,경상남도,창원시,지역문화시설,창원시 의창구,Uichang-free,"경상남도 창원시 의창구 도계두리길 199, 공중화장실 (도계동)",경상남도 창원시 의창구 도계동 389 공중화장실,창원시 의창구,35.25777778,128.6422222
도계체육공원,도계체육공원 내,경상남도,창원시,지역문화시설,창원시 의창구,Uichang-free,"경상남도 창원시 의창구 도계두리길 199, 공중화장실 (도계동)",경상남도 창원시 의창구 도계동 389 공중화장실,창원시 의창구,35.25777778,128.6422222
도계체육공원,도계체육공원 내,경상남도,창원시,지역문화시설,창원시 의창구,Uichang free,"경상남도 창원시 의창구 도계두리길 199, 공중화장실 (도계동)",경상남도 창원시 의창구 도계동 389 공중화장실,창원시 의창구,35.25805556,128.6419444
